avaliacao_media,categoria,cores_disponiveis,data_coleta,desconto_percentual,drop,em_estoque,genero,loja,marca,material_cabedal,modelo,peso,preco,preco_original,qtd_avaliacoes,tamanhos_disponiveis,tecnologia,tipo_fecho,tipo_sola,url_imagem,url_produto
4.5,Corrida de Rua,,2025-10-31,,,Verificar disponibilidade,Feminino,Amazon,Olympikus,Tecido,Olympikus Tênis Olympikus Acqua Feminino,,164.9,,385,,,Cadarço,Borracha,https://m.media-amazon.com/images/I/51GXKGCE8OL._AC_SY395_SX395_QL70_ML2_.jpg,https://www.amazon.com.br/T%C3%AAnis-Feminino-Olympikus-Acqua-Branco/dp/B0CZ1ZX9XN/ref=sr_1_5?crid=DLJ5Z8MJX9ZM&dib=eyJ2IjoiMSJ9.HAhJPA1axNHy4ay6c33ppQN7BksE9No0kPnecEJoY2U62YyFNSRkpEclq1QRt8M5oq7xdBvDuTkQjwxsNQEwdUuyR-e7oSEsVvOZbaf3PBcJb9wHnAvwcC9b8iVwhrWwZEaHPL0Ort1yE9ehZGG36FHrTh9n_3-Fdcbwv1jZVg5qhmcgHqalriPjF7w6KnPcxdNq3wdzbJ25jWiD3qN6-BqePfY0CAmqAb-x_gNIWKeyFvh7fE7j6DYPaGL4rkjjVN0qlh7CO_67c3lma8-4nq5Lc4dWIANcgZsl4MqZ_oU.7tjUF9Tu7aa0EOasnAS7Jy_mQCAWRZcF2PCKvBJSzwQ&dib_tag=se&keywords=tenis+de+corrida&qid=1761925589&sprefix=tenis+de+corrida%2Caps%2C739&sr=8-5
4.5,Corrida de Rua,,2025-10-31,,,Verificar disponibilidade,Feminino,Amazon,Olympikus,Tecido,Olympikus Tênis Olympikus Acqua Feminino,,164.9,,385,,,Cadarço,Borracha,https://m.media-amazon.com/images/I/51GXKGCE8OL._AC_SY395_SX395_QL70_ML2_.jpg,https://www.amazon.com.br/T%C3%AAnis-Feminino-Olympikus-Acqua-Branco/dp/B0CZ1ZX9XN/ref=sr_1_5_so_SHOES?crid=DLJ5Z8MJX9ZM&dib=eyJ2IjoiMSJ9.HAhJPA1axNHy4ay6c33ppQN7BksE9No0kPnecEJoY2U62YyFNSRkpEclq1QRt8M5oq7xdBvDuTkQjwxsNQEwdUuyR-e7oSEsVvOZbaf3PBcJb9wHnAvwcC9b8iVwhrWwZEaHPL0Ort1yE9ehZGG36FHrTh9n_3-Fdcbwv1jZVg5qhmcgHqalriPjF7w6KnPcxdNq3wdzbJ25jWiD3qN6-BqePfY0CAmqAb-x_gNIWKeyFvh7fE7j6DYPaGL4rkjjVN0qlh7CO_67c3lma8-4nq5Lc4dWIANcgZsl4MqZ_oU.7tjUF9Tu7aa0EOasnAS7Jy_mQCAWRZcF2PCKvBJSzwQ&dib_tag=se&keywords=tenis+de+corrida&qid=1761925589&sprefix=tenis+de+corrida%2Caps%2C739&sr=8-5
,Corrida de Rua,,2025-10-31,,,Disponível,Masculino,Amazon,Mizuno,Sintético,"Tênis Mizuno Goya 2 Masculino Preto Branco (Preto Branco, BR, Adulto, Numérico, 40)",,249.99,37.15,,,,Cadarço,Borracha,https://m.media-amazon.com/images/I/514OsvWPi6L._AC_SY395_SX395_QL70_ML2_.jpg,https://www.amazon.com.br/Mizuno-Goya-Masculino-Branco-Num%C3%A9rico/dp/B0DG5XXN5N/ref=sr_1_56?crid=DLJ5Z8MJX9ZM&dib=eyJ2IjoiMSJ9.HAhJPA1axNHy4ay6c33ppQN7BksE9No0kPnecEJoY2U62YyFNSRkpEclq1QRt8M5oq7xdBvDuTkQjwxsNQEwdUuyR-e7oSEsVvOZbaf3PBcJb9wHnAvwcC9b8iVwhrWwZEaHPL0Ort1yE9ehZGG36FHrTh9n_3-Fdcbwv1jZVg5qhmcgHqalriPjF7w6KnPcxdNq3wdzbJ25jWiD3qN6-BqePfY0CAmqAb-x_gNIWKeyFvh7fE7j6DYPaGL4rkjjVN0qlh7CO_67c3lma8-4nq5Lc4dWIANcgZsl4MqZ_oU.7tjUF9Tu7aa0EOasnAS7Jy_mQCAWRZcF2PCKvBJSzwQ&dib_tag=se&keywords=tenis+de+corrida&qid=1761925589&sprefix=tenis+de+corrida%2Caps%2C739&sr=8-56&ufe=app_do%3Aamzn1.fos.fcd6d665-32ba-4479-9f21-b774e276a678
1.0,Corrida de Rua,,2025-10-31,10.0,,Disponível,Masculino,Amazon,Genérico,Nylon,Tenis Masculino Academia Esportivo Corrida Adulto Wave Creation Confortavel,,116.911,129.9,25,,Wave,Cadarço,Acetato vinilo de etileno,https://m.media-amazon.com/images/I/61Ng1EF4H3L._AC_SY395_SX395_QL70_ML2_.jpg,https://www.amazon.com.br/Masculino-Academia-Esportivo-Creation-Confortavel/dp/B0DKYBP3KL/ref=is_sr_dp_n?crid=DLJ5Z8MJX9ZM&dib=eyJ2IjoiMSJ9.OQ4Q9PHpJTPQ_roCuVQsN9CbKfmJARAz8RgB_gwPoVhHXgth234zyxUQBYwAe-eAZP6sGknZE4VJdJ8PtCk0NQAVJjbrTLZHENNf6S4Bchz5WY6f_EloP0VW2GXM8akgxXVGSis9wAIjCCsvDcIGpDkiShzMzND-v5HDFRT4rIAPpcQkbO50TyJiIOg08RfpiT_5WBVKRRCSP2Cag-2bErcLSmFH_LBkNfnQuGOgyKq8Lh5lkMgiXt-rJgYbAwTdI_aE_JfnrDtbTNvA7Q3ghmneQp5hkdj8FRj0mi9S5WI.MxeWwRrlha9L1sfoqkaAJOSL5ZOslD9DMi9-6-EBiVE&dib_tag=se&keywords=tenis+de+corrida&qid=1761925618&sprefix=tenis+de+corrida%2Caps%2C739&sr=8-104&ufe=app_do%3Aamzn1.fos.6121c6c4-c969-43ae-92f7-cc248fc6181d&xpid=ERuU6uEzXaAxz
0.0,Corrida de Rua,,2025-10-31,10.0,,Disponível,Masculino,Amazon,Genérico,Nylon,Tenis Masculino Academia Esportivo Corrida Adulto Wave Creation Confortavel,,116.911,129.9,25,,Wave,Cadarço,Acetato vinilo de etileno,https://m.media-amazon.com/images/I/61JNAb2VdvL._AC_SY395_SX395_QL70_ML2_.jpg,https://www.amazon.com.br/Masculino-Academia-Esportivo-Creation-Confortavel/dp/B0DKYC4W6G/ref=is_sr_dp_6?crid=DLJ5Z8MJX9ZM&dib=eyJ2IjoiMSJ9.OQ4Q9PHpJTPQ_roCuVQsN9CbKfmJARAz8RgB_gwPoVhHXgth234zyxUQBYwAe-eAZP6sGknZE4VJdJ8PtCk0NQAVJjbrTLZHENNf6S4Bchz5WY6f_EloP0VW2GXM8akgxXVGSis9wAIjCCsvDcIGpDkiShzMzND-v5HDFRT4rIAPpcQkbO50TyJiIOg08RfpiT_5WBVKRRCSP2Cag-2bErcLSmFH_LBkNfnQuGOgyKq8Lh5lkMgiXt-rJgYbAwTdI_aE_JfnrDtbTNvA7Q3ghmneQp5hkdj8FRj0mi9S5WI.MxeWwRrlha9L1sfoqkaAJOSL5ZOslD9DMi9-6-EBiVE&dib_tag=se&keywords=tenis+de+corrida&qid=1761925618&sprefix=tenis+de+corrida%2Caps%2C739&sr=8-104&ufe=app_do%3Aamzn1.fos.6121c6c4-c969-43ae-92f7-cc248fc6181d&xpid=ERuU6uEzXaAxz
1.0,Corrida de Rua,,2025-10-31,10.0,,Disponível,Masculino,Amazon,Genérico,Nylon,Tenis Masculino Academia Esportivo Corrida Adulto Wave Creation Confortavel,,116.911,129.9,25,,Wave,Cadarço,Borracha,https://m.media-amazon.com/images/I/61z5o1Gl3fL._AC_SY395_SX395_QL70_ML2_.jpg,https://www.amazon.com.br/Masculino-Academia-Esportivo-Creation-Confortavel/dp/B0DKYB6783/ref=is_sr_s_dp_5?crid=DLJ5Z8MJX9ZM&dib=eyJ2IjoiMSJ9.OQ4Q9PHpJTPQ_roCuVQsN9CbKfmJARAz8RgB_gwPoVhHXgth234zyxUQBYwAe-eAZP6sGknZE4VJdJ8PtCk0NQAVJjbrTLZHENNf6S4Bchz5WY6f_EloP0VW2GXM8akgxXVGSis9wAIjCCsvDcIGpDkiShzMzND-v5HDFRT4rIAPpcQkbO50TyJiIOg08RfpiT_5WBVKRRCSP2Cag-2bErcLSmFH_LBkNfnQuGOgyKq8Lh5lkMgiXt-rJgYbAwTdI_aE_JfnrDtbTNvA7Q3ghmneQp5hkdj8FRj0mi9S5WI.MxeWwRrlha9L1sfoqkaAJOSL5ZOslD9DMi9-6-EBiVE&dib_tag=se&keywords=tenis+de+corrida&qid=1761925618&sprefix=tenis+de+corrida%2Caps%2C739&sr=8-104&ufe=app_do%3Aamzn1.fos.6121c6c4-c969-43ae-92f7-cc248fc6181d&xpid=ERuU6uEzXaAxz
0.0,Corrida de Rua,,2025-10-31,10.0,,Disponível,Masculino,Amazon,Genérico,Nylon,Tenis Masculino Academia Esportivo Corrida Adulto Wave Creation Confortavel,,116.911,129.9,25,,Wave,Cadarço,Acetato vinilo de etileno,https://m.media-amazon.com/images/I/61K1BHWy2hL._AC_SY395_SX395_QL70_ML2_.jpg,https://www.amazon.com.br/Masculino-Academia-Esportivo-Creation-Confortavel/dp/B0DKYRJRMZ/ref=is_sr_s_dp_4?crid=DLJ5Z8MJX9ZM&dib=eyJ2IjoiMSJ9.OQ4Q9PHpJTPQ_roCuVQsN9CbKfmJARAz8RgB_gwPoVhHXgth234zyxUQBYwAe-eAZP6sGknZE4VJdJ8PtCk0NQAVJjbrTLZHENNf6S4Bchz5WY6f_EloP0VW2GXM8akgxXVGSis9wAIjCCsvDcIGpDkiShzMzND-v5HDFRT4rIAPpcQkbO50TyJiIOg08RfpiT_5WBVKRRCSP2Cag-2bErcLSmFH_LBkNfnQuGOgyKq8Lh5lkMgiXt-rJgYbAwTdI_aE_JfnrDtbTNvA7Q3ghmneQp5hkdj8FRj0mi9S5WI.MxeWwRrlha9L1sfoqkaAJOSL5ZOslD9DMi9-6-EBiVE&dib_tag=se&keywords=tenis+de+corrida&qid=1761925618&sprefix=tenis+de+corrida%2Caps%2C739&sr=8-104&ufe=app_do%3Aamzn1.fos.6121c6c4-c969-43ae-92f7-cc248fc6181d&xpid=ERuU6uEzXaAxz
4.2,Tênis para Academia,,2025-10-31,,,Verificar disponibilidade,Feminino,Amazon,It Shoes,Nylon,Tênis Feminino Esportivo Caminhada Academia Corrida,,198.99,37.15,301,,,Cadarço,PVC Microexpandido,https://m.media-amazon.com/images/I/61lqLEuC4hL._AC_SY395_SX395_QL70_ML2_.jpg,https://www.amazon.com.br/Feminino-Esportivo-Caminhada-Academia-Num%C3%A9rico/dp/B0CTTVYGFM/ref=sr_1_141_so_SHOES?crid=DLJ5Z8MJX9ZM&dib=eyJ2IjoiMSJ9.uAzzRZdrp4gG4l3ehaZYSy8z5W7xhG4NIJpsxgIfKThRTh-6dQGpwy8tgHURfnwecB7JiCqf-eNcwv38cRD6JTdWbLgxMH6l8-vjUVUJyn1IJy1MaigxepOnswhj3lqmHxB2CN_XFTj_SeE9TmJ6ECu1UlKgjGO_goapnbhrnzX26S8Sx-8tFlg-TkLG2MDI6wtNbLl78WanfkPhLNfBSMwuAnx_ptCPwKe8fGxOBUirC-SxPiMkdwzG7dS5Gq4ojaBmyuZ_d6Kr_TlmtKHT3Db88sr0p8x5wyWPHagJbLE.VpxNRTvLrw4R-vPi7VFiL3DpUUP-d4kRB31Z1sORvnU&dib_tag=se&keywords=tenis+de+corrida&qid=1761925648&sprefix=tenis+de+corrida%2Caps%2C739&sr=8-141&xpid=ERuU6uEzXaAxz
4.5,Corrida de Rua,,2025-10-31,20.0,,Disponível,Masculino,Amazon,Genérico,Poliéster,Tênis Masculino Esportivo Para Academia de Caminhada Original Leve Confortável,,69.912,87.39,57,,,Cadarço,"Ultrasoft, Micro Expandido, Antiderrapante",https://m.media-amazon.com/images/I/51QgUHjRP-L._AC_SY395_SX395_QL70_ML2_.jpg,https://www.amazon.com.br/Masculino-Esportivo-Academia-Caminhada-Confort%C3%A1vel/dp/B0DJFZDG8K/ref=is_sr_dp_3?crid=DLJ5Z8MJX9ZM&dib=eyJ2IjoiMSJ9.uAzzRZdrp4gG4l3ehaZYSy8z5W7xhG4NIJpsxgIfKThRTh-6dQGpwy8tgHURfnwecB7JiCqf-eNcwv38cRD6JTdWbLgxMH6l8-vjUVUJyn1IJy1MaigxepOnswhj3lqmHxB2CN_XFTj_SeE9TmJ6ECu1UlKgjGO_goapnbhrnzX26S8Sx-8tFlg-TkLG2MDI6wtNbLl78WanfkPhLNfBSMwuAnx_ptCPwKe8fGxOBUirC-SxPiMkdwzG7dS5Gq4ojaBmyuZ_d6Kr_TlmtKHT3Db88sr0p8x5wyWPHagJbLE.VpxNRTvLrw4R-vPi7VFiL3DpUUP-d4kRB31Z1sORvnU&dib_tag=se&keywords=tenis+de+corrida&qid=1761925648&sprefix=tenis+de+corrida%2Caps%2C739&sr=8-152&ufe=app_do%3Aamzn1.fos.6d798eae-cadf-45de-946a-f477d47705b9&xpid=ERuU6uEzXaAxz
4.5,Corrida de Rua,,2025-10-31,20.0,,Disponível,Masculino,Amazon,Genérico,"Malha, Têxtil Respirável",Tênis Masculino Esportivo Para Academia de Caminhada Original Leve Confortável,,69.912,87.39,57,,,Cadarço,"Ultrasoft, Micro Expandido",https://m.media-amazon.com/images/I/51S8uaq6KvL._AC_SY395_SX395_QL70_ML2_.jpg,https://www.amazon.com.br/Masculino-Esportivo-Academia-Caminhada-Confort%C3%A1vel/dp/B0DJG1LCTD/ref=is_sr_dp_2?crid=DLJ5Z8MJX9ZM&dib=eyJ2IjoiMSJ9.uAzzRZdrp4gG4l3ehaZYSy8z5W7xhG4NIJpsxgIfKThRTh-6dQGpwy8tgHURfnwecB7JiCqf-eNcwv38cRD6JTdWbLgxMH6l8-vjUVUJyn1IJy1MaigxepOnswhj3lqmHxB2CN_XFTj_SeE9TmJ6ECu1UlKgjGO_goapnbhrnzX26S8Sx-8tFlg-TkLG2MDI6wtNbLl78WanfkPhLNfBSMwuAnx_ptCPwKe8fGxOBUirC-SxPiMkdwzG7dS5Gq4ojaBmyuZ_d6Kr_TlmtKHT3Db88sr0p8x5wyWPHagJbLE.VpxNRTvLrw4R-vPi7VFiL3DpUUP-d4kRB31Z1sORvnU&dib_tag=se&keywords=tenis+de+corrida&qid=1761925648&sprefix=tenis+de+corrida%2Caps%2C739&sr=8-152&ufe=app_do%3Aamzn1.fos.6d798eae-cadf-45de-946a-f477d47705b9&xpid=ERuU6uEzXaAxz
4.2,Tênis para Academia,,2025-10-31,,,Verificar disponibilidade,Feminino,Amazon,It Shoes,Nylon,Tênis Feminino Esportivo Caminhada Academia Corrida,,198.99,37.15,301,,,Cadarço,PVC Microexpandido,https://m.media-amazon.com/images/I/61lqLEuC4hL._AC_SY395_SX395_QL70_ML2_.jpg,https://www.amazon.com.br/Feminino-Esportivo-Caminhada-Academia-Num%C3%A9rico/dp/B0CTTVYGFM/ref=sr_1_151_so_SHOES?crid=DLJ5Z8MJX9ZM&dib=eyJ2IjoiMSJ9.ksVArSvFomuO3sRQQAR4qoh3zV2jLeHnOVspWcLJhTvQm2CxsejLHZGvzBbu0MKmdm_lDYASK3Hk9fV6jJsvhG6FIaYxRn6qlbXCxa_T4D7PyFmUKq5H3xK3yCTRcJL6Ms2ejcwfN05KYGFV-brtkGjYnI4m63dyMcPM9j3k7vL22ciME4ylio-cwCQZnyiC2JWmYTjxKO5AXkHoNDi1slU3Ex6dmlywAEtgWdWvFN7I45I6KKc40xNlM8yGPgB6oHFNb56euSkHIeEHQr4FPsNyf6H2aYrd5tBwTtU6-g0.-pri1kzoDk4Jc5GKNBLRv3dKa7WMG2kz0plLg-hjXPI&dib_tag=se&keywords=tenis+de+corrida&qid=1761925673&sprefix=tenis+de+corrida%2Caps%2C739&sr=8-151&xpid=ERuU6uEzXaAxz
3.9,Corrida de Rua,,2025-10-31,,,Disponível,Masculino,Amazon,QueroShoes,Nylon,Kit 2 Tênis Masculino Corrida e Academia Esportivo Confortável,,149.9,37.15,110,,,Cadarço,Borracha,https://m.media-amazon.com/images/I/61yyBqQB+PL._AC_SY395_SX395_QL70_ML2_.jpg,https://www.amazon.com.br/Masculino-Corrida-Academia-Esportivo-Confort%C3%A1vel/dp/B0BSDQJZH9/ref=is_sr_s_dp_4?crid=DLJ5Z8MJX9ZM&dib=eyJ2IjoiMSJ9.ksVArSvFomuO3sRQQAR4qoh3zV2jLeHnOVspWcLJhTvQm2CxsejLHZGvzBbu0MKmdm_lDYASK3Hk9fV6jJsvhG6FIaYxRn6qlbXCxa_T4D7PyFmUKq5H3xK3yCTRcJL6Ms2ejcwfN05KYGFV-brtkGjYnI4m63dyMcPM9j3k7vL22ciME4ylio-cwCQZnyiC2JWmYTjxKO5AXkHoNDi1slU3Ex6dmlywAEtgWdWvFN7I45I6KKc40xNlM8yGPgB6oHFNb56euSkHIeEHQr4FPsNyf6H2aYrd5tBwTtU6-g0.-pri1kzoDk4Jc5GKNBLRv3dKa7WMG2kz0plLg-hjXPI&dib_tag=se&keywords=tenis+de+corrida&qid=1761925673&sprefix=tenis+de+corrida%2Caps%2C739&sr=8-200&ufe=app_do%3Aamzn1.fos.a492fd4a-f54d-4e8d-8c31-35e0a04ce61e&xpid=ERuU6uEzXaAxz
5.0,Corrida de Rua,,2025-10-31,,,Verificar disponibilidade,,Amazon,Olympikus,Têxtil,Tênis Olympikus Pride 4 37 Laranja,,371.88,,2,,,Cadarço,Borracha,https://m.media-amazon.com/images/I/51UWHzBxMKL._AC_SY395_SX395_QL70_ML2_.jpg,https://www.amazon.com.br/T%C3%AAnis-Olympikus-Pride-37-Laranja/dp/B0F1NJGCQT/ref=sr_1_274_so_SHOES?crid=DLJ5Z8MJX9ZM&dib=eyJ2IjoiMSJ9.4I-GuCzSc5xJGX7hj2hkhMg80-LghxaSxIJINCUBU9nw5NrP6tAVM14IgSwyUbZiGIfyjjl1sU05U38eXHZOet5yg4HOzV8C7ga7GecCUtEvLsknXaD3BAuO3ZBHz9g7uqADFqTniq8c6DGMIYQgkUNXiFiX538y9SqfwvG3_8Ts6qg37gREQ5IPuW0cUhOPvIFaFlc0nHSxt0zqQ9GXlUT3-jj8Ya9g-9x1-vZUVwKoNyxuxLjgMhCNdrTyv5WwnweWm1M-SeVOuz012iThQfGeNpXQrRIIQhtfywYm5y0.L8bNMlXa-IO-4X5Hol4hs6ZuXpp2oqN1k89ZY17MZus&dib_tag=se&keywords=tenis+de+corrida&qid=1761925736&sprefix=tenis+de+corrida%2Caps%2C739&sr=8-274&xpid=ERuU6uEzXaAxz
4.7,Corrida de Rua,,2025-10-31,5.92,,Verificar disponibilidade,,Amazon,Olympikus,Malha,Tênis Olympikus Asfalto,,34.95,37.15,52,,,Cadarço,Acetato vinilo de etileno,https://m.media-amazon.com/images/I/61RumuFMe6L._AC_SY395_SX395_QL70_ML2_.jpg,https://www.amazon.com.br/T%C3%AAnis-Olympikus-Asfalto-Masculino-Corrida/dp/B0CGKC2XF4/ref=sr_1_267_so_SHOES?crid=DLJ5Z8MJX9ZM&dib=eyJ2IjoiMSJ9.4I-GuCzSc5xJGX7hj2hkhMg80-LghxaSxIJINCUBU9nw5NrP6tAVM14IgSwyUbZiGIfyjjl1sU05U38eXHZOet5yg4HOzV8C7ga7GecCUtEvLsknXaD3BAuO3ZBHz9g7uqADFqTniq8c6DGMIYQgkUNXiFiX538y9SqfwvG3_8Ts6qg37gREQ5IPuW0cUhOPvIFaFlc0nHSxt0zqQ9GXlUT3-jj8Ya9g-9x1-vZUVwKoNyxuxLjgMhCNdrTyv5WwnweWm1M-SeVOuz012iThQfGeNpXQrRIIQhtfywYm5y0.L8bNMlXa-IO-4X5Hol4hs6ZuXpp2oqN1k89ZY17MZus&dib_tag=se&keywords=tenis+de+corrida&qid=1761925736&sprefix=tenis+de+corrida%2Caps%2C739&sr=8-267&xpid=ERuU6uEzXaAxz
,Corrida de Rua,,2025-10-31,,,Disponível,Feminino,Amazon,Mizuno,Malha,Tênis de Corrida Feminino Mizuno Wave Vitality 5,,279.99,37.15,,,Wave,Cadarço,Borracha,https://m.media-amazon.com/images/I/51fF8463vxL._AC_SY395_SX395_QL70_ML2_.jpg,https://www.amazon.com.br/T%C3%AAnis-Corrida-Feminino-Mizuno-Vitality/dp/B0D1KV2K2H/ref=sr_1_307?crid=DLJ5Z8MJX9ZM&dib=eyJ2IjoiMSJ9.kvXWErNzFhI_AilIpuWVUZdToJT9g_kz_btw0CYvnOZKkb1Up8uh5nCOElu5m6n_G1oEfhy-N7rI-_s40BbxX7VQpIyh5GYtwwFIaEtWCFY78KUpaPpYP6EmIu59hPfQaMpN2NqvlZnAfYgsYB1in_nt-EaOy70sXYQWxRvFI8vSqXhwjv37soPqEwBv1l0laQ4jV477xys7VqEZbmJLmjrVP1jcr7Mb8Mk8_FlJjnB2_HoTSBRuzaO0HxSjYHVRODKd1tJP2Pir7-Qk-Ex7tQ.C_twp1UNzDPwsrk3dcnDaF_8oTskJuLgbZvEEoYGV3k&dib_tag=se&keywords=tenis+de+corrida&qid=1761925771&sprefix=tenis+de+corrida%2Caps%2C739&sr=8-307&ufe=app_do%3Aamzn1.fos.fcd6d665-32ba-4479-9f21-b774e276a678&xpid=ERuU6uEzXaAxz
4.1,Corrida em Trilhas,,2025-10-31,,,Disponível,Masculino,Amazon,wanhee,Malha,wanhee Tênis de corrida masculino esportivo tênis de caminhada,,443.41,37.15,888,,,Cadarço,Poliuretano termoplástico,https://m.media-amazon.com/images/I/81xAWQ6LdeL._AC_SY395_SX395_QL70_ML2_.jpg,https://www.amazon.com.br/wanhee-corrida-esportivo-masculino-amarelo/dp/B0FH9MHMVP/ref=is_sr_dp_n?crid=DLJ5Z8MJX9ZM&dib=eyJ2IjoiMSJ9.kvXWErNzFhI_AilIpuWVUZdToJT9g_kz_btw0CYvnOZKkb1Up8uh5nCOElu5m6n_G1oEfhy-N7rI-_s40BbxX7VQpIyh5GYtwwFIaEtWCFY78KUpaPpYP6EmIu59hPfQaMpN2NqvlZnAfYgsYB1in_nt-EaOy70sXYQWxRvFI8vSqXhwjv37soPqEwBv1l0laQ4jV477xys7VqEZbmJLmjrVP1jcr7Mb8Mk8_FlJjnB2_HoTSBRuzaO0HxSjYHVRODKd1tJP2Pir7-Qk-Ex7tQ.C_twp1UNzDPwsrk3dcnDaF_8oTskJuLgbZvEEoYGV3k&dib_tag=se&keywords=tenis+de+corrida&qid=1761925771&sprefix=tenis+de+corrida%2Caps%2C739&sr=8-306&ufe=app_do%3Aamzn1.fos.e05b01e0-91a7-477e-a514-15a32325a6d6&xpid=ERuU6uEzXaAxz
4.1,Corrida em Trilhas,,2025-10-31,,,Disponível,Masculino,Amazon,wanhee,Malha,wanhee Tênis de corrida masculino esportivo tênis de caminhada,,219.27,37.15,888,,,Cadarço,Poliuretano termoplástico,https://m.media-amazon.com/images/I/81bi9+cqiUL._AC_SY395_SX395_QL70_ML2_.jpg,https://www.amazon.com.br/wanhee-corrida-esportivo-masculino-amarelo/dp/B0CP1TT5FT/ref=is_sr_s_dp_6?crid=DLJ5Z8MJX9ZM&dib=eyJ2IjoiMSJ9.kvXWErNzFhI_AilIpuWVUZdToJT9g_kz_btw0CYvnOZKkb1Up8uh5nCOElu5m6n_G1oEfhy-N7rI-_s40BbxX7VQpIyh5GYtwwFIaEtWCFY78KUpaPpYP6EmIu59hPfQaMpN2NqvlZnAfYgsYB1in_nt-EaOy70sXYQWxRvFI8vSqXhwjv37soPqEwBv1l0laQ4jV477xys7VqEZbmJLmjrVP1jcr7Mb8Mk8_FlJjnB2_HoTSBRuzaO0HxSjYHVRODKd1tJP2Pir7-Qk-Ex7tQ.C_twp1UNzDPwsrk3dcnDaF_8oTskJuLgbZvEEoYGV3k&dib_tag=se&keywords=tenis+de+corrida&qid=1761925771&sprefix=tenis+de+corrida%2Caps%2C739&sr=8-306&ufe=app_do%3Aamzn1.fos.e05b01e0-91a7-477e-a514-15a32325a6d6&xpid=ERuU6uEzXaAxz
4.1,Tênis Casuais,,2025-10-31,,,Disponível,Masculino,Amazon,wanhee,Malha,wanhee Tênis de corrida masculino esportivo tênis de caminhada,,486.56,37.15,888,,,Cadarço,Poliuretano termoplástico,https://m.media-amazon.com/images/I/811nTtlQKvL._AC_SY395_SX395_QL70_ML2_.jpg,https://www.amazon.com.br/wanhee-corrida-esportivo-masculino-amarelo/dp/B0B3RNV4H2/ref=is_sr_dp_5?crid=DLJ5Z8MJX9ZM&dib=eyJ2IjoiMSJ9.kvXWErNzFhI_AilIpuWVUZdToJT9g_kz_btw0CYvnOZKkb1Up8uh5nCOElu5m6n_G1oEfhy-N7rI-_s40BbxX7VQpIyh5GYtwwFIaEtWCFY78KUpaPpYP6EmIu59hPfQaMpN2NqvlZnAfYgsYB1in_nt-EaOy70sXYQWxRvFI8vSqXhwjv37soPqEwBv1l0laQ4jV477xys7VqEZbmJLmjrVP1jcr7Mb8Mk8_FlJjnB2_HoTSBRuzaO0HxSjYHVRODKd1tJP2Pir7-Qk-Ex7tQ.C_twp1UNzDPwsrk3dcnDaF_8oTskJuLgbZvEEoYGV3k&dib_tag=se&keywords=tenis+de+corrida&qid=1761925771&sprefix=tenis+de+corrida%2Caps%2C739&sr=8-306&ufe=app_do%3Aamzn1.fos.e05b01e0-91a7-477e-a514-15a32325a6d6&xpid=ERuU6uEzXaAxz
4.1,,,2025-10-31,,,Disponível,Masculino,Amazon,wanhee,Malha,wanhee Tênis de corrida masculino esportivo tênis de caminhada,,487.53,37.15,888,,,Cadarço,Borracha,https://m.media-amazon.com/images/I/812NUDPv2LL._AC_SY395_SX395_QL70_ML2_.jpg,https://www.amazon.com.br/wanhee-corrida-esportivo-masculino-amarelo/dp/B093BQGJFF/ref=is_sr_s_dp_4?crid=DLJ5Z8MJX9ZM&dib=eyJ2IjoiMSJ9.kvXWErNzFhI_AilIpuWVUZdToJT9g_kz_btw0CYvnOZKkb1Up8uh5nCOElu5m6n_G1oEfhy-N7rI-_s40BbxX7VQpIyh5GYtwwFIaEtWCFY78KUpaPpYP6EmIu59hPfQaMpN2NqvlZnAfYgsYB1in_nt-EaOy70sXYQWxRvFI8vSqXhwjv37soPqEwBv1l0laQ4jV477xys7VqEZbmJLmjrVP1jcr7Mb8Mk8_FlJjnB2_HoTSBRuzaO0HxSjYHVRODKd1tJP2Pir7-Qk-Ex7tQ.C_twp1UNzDPwsrk3dcnDaF_8oTskJuLgbZvEEoYGV3k&dib_tag=se&keywords=tenis+de+corrida&qid=1761925771&sprefix=tenis+de+corrida%2Caps%2C739&sr=8-306&ufe=app_do%3Aamzn1.fos.e05b01e0-91a7-477e-a514-15a32325a6d6&xpid=ERuU6uEzXaAxz
4.1,Corrida em Trilhas,,2025-10-31,,,Disponível,Masculino,Amazon,wanhee,Malha,wanhee Tênis de corrida masculino esportivo tênis de caminhada,,391.56,37.15,888,,,Cadarço,Poliuretano termoplástico,https://m.media-amazon.com/images/I/71fxKDTdodL._AC_SY395_SX395_QL70_ML2_.jpg,https://www.amazon.com.br/wanhee-corrida-esportivo-masculino-amarelo/dp/B0BFCZXSHG/ref=is_sr_s_dp_3?crid=DLJ5Z8MJX9ZM&dib=eyJ2IjoiMSJ9.kvXWErNzFhI_AilIpuWVUZdToJT9g_kz_btw0CYvnOZKkb1Up8uh5nCOElu5m6n_G1oEfhy-N7rI-_s40BbxX7VQpIyh5GYtwwFIaEtWCFY78KUpaPpYP6EmIu59hPfQaMpN2NqvlZnAfYgsYB1in_nt-EaOy70sXYQWxRvFI8vSqXhwjv37soPqEwBv1l0laQ4jV477xys7VqEZbmJLmjrVP1jcr7Mb8Mk8_FlJjnB2_HoTSBRuzaO0HxSjYHVRODKd1tJP2Pir7-Qk-Ex7tQ.C_twp1UNzDPwsrk3dcnDaF_8oTskJuLgbZvEEoYGV3k&dib_tag=se&keywords=tenis+de+corrida&qid=1761925771&sprefix=tenis+de+corrida%2Caps%2C739&sr=8-306&ufe=app_do%3Aamzn1.fos.e05b01e0-91a7-477e-a514-15a32325a6d6&xpid=ERuU6uEzXaAxz
4.1,Corrida em Trilhas,,2025-10-31,,,Disponível,Masculino,Amazon,wanhee,Malha,wanhee Tênis de corrida masculino esportivo tênis de caminhada,,219.27,,888,,,Cadarço,Poliuretano termoplástico,https://m.media-amazon.com/images/I/715n9JwybjL._AC_SY395_SX395_QL70_ML2_.jpg,https://www.amazon.com.br/wanhee-corrida-esportivo-masculino-amarelo/dp/B0CP1TDQ2Q/ref=is_sr_s_dp_2?crid=DLJ5Z8MJX9ZM&dib=eyJ2IjoiMSJ9.kvXWErNzFhI_AilIpuWVUZdToJT9g_kz_btw0CYvnOZKkb1Up8uh5nCOElu5m6n_G1oEfhy-N7rI-_s40BbxX7VQpIyh5GYtwwFIaEtWCFY78KUpaPpYP6EmIu59hPfQaMpN2NqvlZnAfYgsYB1in_nt-EaOy70sXYQWxRvFI8vSqXhwjv37soPqEwBv1l0laQ4jV477xys7VqEZbmJLmjrVP1jcr7Mb8Mk8_FlJjnB2_HoTSBRuzaO0HxSjYHVRODKd1tJP2Pir7-Qk-Ex7tQ.C_twp1UNzDPwsrk3dcnDaF_8oTskJuLgbZvEEoYGV3k&dib_tag=se&keywords=tenis+de+corrida&qid=1761925771&sprefix=tenis+de+corrida%2Caps%2C739&sr=8-306&ufe=app_do%3Aamzn1.fos.e05b01e0-91a7-477e-a514-15a32325a6d6&xpid=ERuU6uEzXaAxz
4.1,Corrida em Trilhas,,2025-10-31,,,Disponível,Masculino,Amazon,wanhee,Malha,wanhee Tênis de corrida masculino esportivo tênis de caminhada,,443.41,37.15,888,,,Cadarço,Poliuretano termoplástico,https://m.media-amazon.com/images/I/81xAWQ6LdeL._AC_SY395_SX395_QL70_ML2_.jpg,https://www.amazon.com.br/wanhee-corrida-esportivo-masculino-amarelo/dp/B0FH9MHMVP/ref=is_sr_s_dp_1?crid=DLJ5Z8MJX9ZM&dib=eyJ2IjoiMSJ9.kvXWErNzFhI_AilIpuWVUZdToJT9g_kz_btw0CYvnOZKkb1Up8uh5nCOElu5m6n_G1oEfhy-N7rI-_s40BbxX7VQpIyh5GYtwwFIaEtWCFY78KUpaPpYP6EmIu59hPfQaMpN2NqvlZnAfYgsYB1in_nt-EaOy70sXYQWxRvFI8vSqXhwjv37soPqEwBv1l0laQ4jV477xys7VqEZbmJLmjrVP1jcr7Mb8Mk8_FlJjnB2_HoTSBRuzaO0HxSjYHVRODKd1tJP2Pir7-Qk-Ex7tQ.C_twp1UNzDPwsrk3dcnDaF_8oTskJuLgbZvEEoYGV3k&dib_tag=se&keywords=tenis+de+corrida&qid=1761925771&sprefix=tenis+de+corrida%2Caps%2C739&sr=8-306&ufe=app_do%3Aamzn1.fos.e05b01e0-91a7-477e-a514-15a32325a6d6&xpid=ERuU6uEzXaAxz
4.1,Corrida em Trilhas,,2025-10-31,,,Disponível,Masculino,Amazon,wanhee,Malha,wanhee Tênis de corrida masculino esportivo tênis de caminhada,,443.41,37.15,888,,,Cadarço,Poliuretano termoplástico,https://m.media-amazon.com/images/I/81xAWQ6LdeL._AC_SY395_SX395_QL70_ML2_.jpg,https://www.amazon.com.br/wanhee-corrida-esportivo-masculino-amarelo/dp/B0FH9MHMVP/ref=sr_1_306?crid=DLJ5Z8MJX9ZM&dib=eyJ2IjoiMSJ9.kvXWErNzFhI_AilIpuWVUZdToJT9g_kz_btw0CYvnOZKkb1Up8uh5nCOElu5m6n_G1oEfhy-N7rI-_s40BbxX7VQpIyh5GYtwwFIaEtWCFY78KUpaPpYP6EmIu59hPfQaMpN2NqvlZnAfYgsYB1in_nt-EaOy70sXYQWxRvFI8vSqXhwjv37soPqEwBv1l0laQ4jV477xys7VqEZbmJLmjrVP1jcr7Mb8Mk8_FlJjnB2_HoTSBRuzaO0HxSjYHVRODKd1tJP2Pir7-Qk-Ex7tQ.C_twp1UNzDPwsrk3dcnDaF_8oTskJuLgbZvEEoYGV3k&dib_tag=se&keywords=tenis+de+corrida&qid=1761925771&sprefix=tenis+de+corrida%2Caps%2C739&sr=8-306&ufe=app_do%3Aamzn1.fos.e05b01e0-91a7-477e-a514-15a32325a6d6&xpid=ERuU6uEzXaAxz
4.2,Corrida de Rua,,2025-10-31,,,Verificar disponibilidade,Feminino,Amazon,Adidas,Borracha,"Calçado para corrida Ozelle, Adidas, feminino",,528.66,37.15,607,,Cloudfoam,Cadarço,Borracha,https://m.media-amazon.com/images/I/71+x4MSYcPL._AC_SX395_SY395_QL70_ML2_.jpg,https://www.amazon.com.br/T%C3%AAnis-Adidas-Response-Runner-JR8058/dp/B09DXW42QF/ref=is_sr_s_dp_6?crid=DLJ5Z8MJX9ZM&dib=eyJ2IjoiMSJ9.kvXWErNzFhI_AilIpuWVUZdToJT9g_kz_btw0CYvnOZKkb1Up8uh5nCOElu5m6n_G1oEfhy-N7rI-_s40BbxX7VQpIyh5GYtwwFIaEtWCFY78KUpaPpYP6EmIu59hPfQaMpN2NqvlZnAfYgsYB1in_nt-EaOy70sXYQWxRvFI8vSqXhwjv37soPqEwBv1l0laQ4jV477xys7VqEZbmJLmjrVP1jcr7Mb8Mk8_FlJjnB2_HoTSBRuzaO0HxSjYHVRODKd1tJP2Pir7-Qk-Ex7tQ.C_twp1UNzDPwsrk3dcnDaF_8oTskJuLgbZvEEoYGV3k&dib_tag=se&keywords=tenis+de+corrida&qid=1761925771&sprefix=tenis+de+corrida%2Caps%2C739&sr=8-303&ufe=app_do%3Aamzn1.fos.fcd6d665-32ba-4479-9f21-b774e276a678&xpid=ERuU6uEzXaAxz
,Corrida de Rua,,2025-10-31,14.3,,Disponível,Feminino,Amazon,Genérico,Nylon,Tenis Esportivo Feminino Leve Academia Corrida Caminhada Conforto Total,,59.9014,69.9,,,,Cadarço,Borracha sintética,https://m.media-amazon.com/images/I/51djz39oHIL._AC_SY395_SX395_QL70_ML2_.jpg,https://www.amazon.com.br/Esportivo-Feminino-Academia-Caminhada-Conforto/dp/B0FJYLWGV4/ref=is_sr_s_dp_4?crid=DLJ5Z8MJX9ZM&dib=eyJ2IjoiMSJ9.kvXWErNzFhI_AilIpuWVUZdToJT9g_kz_btw0CYvnOZKkb1Up8uh5nCOElu5m6n_G1oEfhy-N7rI-_s40BbxX7VQpIyh5GYtwwFIaEtWCFY78KUpaPpYP6EmIu59hPfQaMpN2NqvlZnAfYgsYB1in_nt-EaOy70sXYQWxRvFI8vSqXhwjv37soPqEwBv1l0laQ4jV477xys7VqEZbmJLmjrVP1jcr7Mb8Mk8_FlJjnB2_HoTSBRuzaO0HxSjYHVRODKd1tJP2Pir7-Qk-Ex7tQ.C_twp1UNzDPwsrk3dcnDaF_8oTskJuLgbZvEEoYGV3k&dib_tag=se&keywords=tenis+de+corrida&qid=1761925771&sprefix=tenis+de+corrida%2Caps%2C739&sr=8-295&ufe=app_do%3Aamzn1.fos.6d798eae-cadf-45de-946a-f477d47705b9&xpid=ERuU6uEzXaAxz
,Corrida de Rua,,2025-10-31,14.3,,Disponível,Feminino,Amazon,Genérico,Nylon,Tenis Esportivo Feminino Leve Academia Corrida Caminhada Conforto Total,,59.9014,69.9,,,,Cadarço,Borracha sintética,https://m.media-amazon.com/images/I/61m7B0EPkjL._AC_SY395_SX395_QL70_ML2_.jpg,https://www.amazon.com.br/Esportivo-Feminino-Academia-Caminhada-Conforto/dp/B0FJYJ7W5X/ref=is_sr_dp_3?crid=DLJ5Z8MJX9ZM&dib=eyJ2IjoiMSJ9.kvXWErNzFhI_AilIpuWVUZdToJT9g_kz_btw0CYvnOZKkb1Up8uh5nCOElu5m6n_G1oEfhy-N7rI-_s40BbxX7VQpIyh5GYtwwFIaEtWCFY78KUpaPpYP6EmIu59hPfQaMpN2NqvlZnAfYgsYB1in_nt-EaOy70sXYQWxRvFI8vSqXhwjv37soPqEwBv1l0laQ4jV477xys7VqEZbmJLmjrVP1jcr7Mb8Mk8_FlJjnB2_HoTSBRuzaO0HxSjYHVRODKd1tJP2Pir7-Qk-Ex7tQ.C_twp1UNzDPwsrk3dcnDaF_8oTskJuLgbZvEEoYGV3k&dib_tag=se&keywords=tenis+de+corrida&qid=1761925771&sprefix=tenis+de+corrida%2Caps%2C739&sr=8-295&ufe=app_do%3Aamzn1.fos.6d798eae-cadf-45de-946a-f477d47705b9&xpid=ERuU6uEzXaAxz
,Corrida de Rua,,2025-10-31,14.3,,Disponível,Feminino,Amazon,Genérico,Nylon,Tenis Esportivo Feminino Leve Academia Corrida Caminhada Conforto Total,,59.9014,69.9,,,,Cadarço,Borracha sintética,https://m.media-amazon.com/images/I/61tGSb-UCFL._AC_SY395_SX395_QL70_ML2_.jpg,https://www.amazon.com.br/Esportivo-Feminino-Academia-Caminhada-Conforto/dp/B0FJYLWDN2/ref=is_sr_s_dp_2?crid=DLJ5Z8MJX9ZM&dib=eyJ2IjoiMSJ9.kvXWErNzFhI_AilIpuWVUZdToJT9g_kz_btw0CYvnOZKkb1Up8uh5nCOElu5m6n_G1oEfhy-N7rI-_s40BbxX7VQpIyh5GYtwwFIaEtWCFY78KUpaPpYP6EmIu59hPfQaMpN2NqvlZnAfYgsYB1in_nt-EaOy70sXYQWxRvFI8vSqXhwjv37soPqEwBv1l0laQ4jV477xys7VqEZbmJLmjrVP1jcr7Mb8Mk8_FlJjnB2_HoTSBRuzaO0HxSjYHVRODKd1tJP2Pir7-Qk-Ex7tQ.C_twp1UNzDPwsrk3dcnDaF_8oTskJuLgbZvEEoYGV3k&dib_tag=se&keywords=tenis+de+corrida&qid=1761925771&sprefix=tenis+de+corrida%2Caps%2C739&sr=8-295&ufe=app_do%3Aamzn1.fos.6d798eae-cadf-45de-946a-f477d47705b9&xpid=ERuU6uEzXaAxz
,Corrida de Rua,,2025-10-31,14.3,,Disponível,Feminino,Amazon,Genérico,Nylon,Tenis Esportivo Feminino Leve Academia Corrida Caminhada Conforto Total,,59.9014,69.9,,,,Cadarço,Borracha sintética,https://m.media-amazon.com/images/I/51En9Q5RDUL._AC_SY395_SX395_QL70_ML2_.jpg,https://www.amazon.com.br/Esportivo-Feminino-Academia-Caminhada-Conforto/dp/B0FJYMT7D2/ref=is_sr_s_dp_1?crid=DLJ5Z8MJX9ZM&dib=eyJ2IjoiMSJ9.kvXWErNzFhI_AilIpuWVUZdToJT9g_kz_btw0CYvnOZKkb1Up8uh5nCOElu5m6n_G1oEfhy-N7rI-_s40BbxX7VQpIyh5GYtwwFIaEtWCFY78KUpaPpYP6EmIu59hPfQaMpN2NqvlZnAfYgsYB1in_nt-EaOy70sXYQWxRvFI8vSqXhwjv37soPqEwBv1l0laQ4jV477xys7VqEZbmJLmjrVP1jcr7Mb8Mk8_FlJjnB2_HoTSBRuzaO0HxSjYHVRODKd1tJP2Pir7-Qk-Ex7tQ.C_twp1UNzDPwsrk3dcnDaF_8oTskJuLgbZvEEoYGV3k&dib_tag=se&keywords=tenis+de+corrida&qid=1761925771&sprefix=tenis+de+corrida%2Caps%2C739&sr=8-295&ufe=app_do%3Aamzn1.fos.6d798eae-cadf-45de-946a-f477d47705b9&xpid=ERuU6uEzXaAxz
,Corrida de Rua,,2025-10-31,14.3,,Disponível,Feminino,Amazon,Genérico,Nylon,Tenis Esportivo Feminino Leve Academia Corrida Caminhada Conforto Total,,59.9014,69.9,,,,Cadarço,Borracha sintética,https://m.media-amazon.com/images/I/51En9Q5RDUL._AC_SY395_SX395_QL70_ML2_.jpg,https://www.amazon.com.br/Esportivo-Feminino-Academia-Caminhada-Conforto/dp/B0FJYMT7D2/ref=sr_1_295?crid=DLJ5Z8MJX9ZM&dib=eyJ2IjoiMSJ9.kvXWErNzFhI_AilIpuWVUZdToJT9g_kz_btw0CYvnOZKkb1Up8uh5nCOElu5m6n_G1oEfhy-N7rI-_s40BbxX7VQpIyh5GYtwwFIaEtWCFY78KUpaPpYP6EmIu59hPfQaMpN2NqvlZnAfYgsYB1in_nt-EaOy70sXYQWxRvFI8vSqXhwjv37soPqEwBv1l0laQ4jV477xys7VqEZbmJLmjrVP1jcr7Mb8Mk8_FlJjnB2_HoTSBRuzaO0HxSjYHVRODKd1tJP2Pir7-Qk-Ex7tQ.C_twp1UNzDPwsrk3dcnDaF_8oTskJuLgbZvEEoYGV3k&dib_tag=se&keywords=tenis+de+corrida&qid=1761925771&sprefix=tenis+de+corrida%2Caps%2C739&sr=8-295&ufe=app_do%3Aamzn1.fos.6d798eae-cadf-45de-946a-f477d47705b9&xpid=ERuU6uEzXaAxz
4.6,Tênis Casuais,,2025-10-31,,,Disponível,Feminino,Amazon,IRON TRAINING,Neoprene,Tênis Feminino Fitness Boot Training Brasil Academia Corrida Ginástica Aeróbico,,257.0,37.15,3,,Boost,Elástico,Borracha,https://m.media-amazon.com/images/I/71WzA4UUEfL._AC_SY395_SX395_QL70_ML2_.jpg,https://www.amazon.com.br/Feminino-Training-Academia-Gin%C3%A1stica-Cappuccino/dp/B0CYCSS7D6/ref=is_sr_s_dp_6?crid=DLJ5Z8MJX9ZM&dib=eyJ2IjoiMSJ9.kvXWErNzFhI_AilIpuWVUZdToJT9g_kz_btw0CYvnOZKkb1Up8uh5nCOElu5m6n_G1oEfhy-N7rI-_s40BbxX7VQpIyh5GYtwwFIaEtWCFY78KUpaPpYP6EmIu59hPfQaMpN2NqvlZnAfYgsYB1in_nt-EaOy70sXYQWxRvFI8vSqXhwjv37soPqEwBv1l0laQ4jV477xys7VqEZbmJLmjrVP1jcr7Mb8Mk8_FlJjnB2_HoTSBRuzaO0HxSjYHVRODKd1tJP2Pir7-Qk-Ex7tQ.C_twp1UNzDPwsrk3dcnDaF_8oTskJuLgbZvEEoYGV3k&dib_tag=se&keywords=tenis+de+corrida&qid=1761925771&sprefix=tenis+de+corrida%2Caps%2C739&sr=8-294&ufe=app_do%3Aamzn1.fos.fcd6d665-32ba-4479-9f21-b774e276a678&xpid=ERuU6uEzXaAxz
4.6,Tênis Casuais,,2025-10-31,,,Disponível,Feminino,Amazon,IRON TRAINING,Neoprene,Tênis Feminino Fitness Boot Training Brasil Academia Corrida Ginástica Aeróbico,,257.0,37.15,3,,Boost,Elástico,Borracha,https://m.media-amazon.com/images/I/61I6cOxSOUL._AC_SY395_SX395_QL70_ML2_.jpg,https://www.amazon.com.br/Feminino-Training-Academia-Gin%C3%A1stica-Cappuccino/dp/B0CG85Q28Q/ref=is_sr_dp_5?crid=DLJ5Z8MJX9ZM&dib=eyJ2IjoiMSJ9.kvXWErNzFhI_AilIpuWVUZdToJT9g_kz_btw0CYvnOZKkb1Up8uh5nCOElu5m6n_G1oEfhy-N7rI-_s40BbxX7VQpIyh5GYtwwFIaEtWCFY78KUpaPpYP6EmIu59hPfQaMpN2NqvlZnAfYgsYB1in_nt-EaOy70sXYQWxRvFI8vSqXhwjv37soPqEwBv1l0laQ4jV477xys7VqEZbmJLmjrVP1jcr7Mb8Mk8_FlJjnB2_HoTSBRuzaO0HxSjYHVRODKd1tJP2Pir7-Qk-Ex7tQ.C_twp1UNzDPwsrk3dcnDaF_8oTskJuLgbZvEEoYGV3k&dib_tag=se&keywords=tenis+de+corrida&qid=1761925771&sprefix=tenis+de+corrida%2Caps%2C739&sr=8-294&ufe=app_do%3Aamzn1.fos.fcd6d665-32ba-4479-9f21-b774e276a678&xpid=ERuU6uEzXaAxz
4.6,Tênis Casuais,,2025-10-31,,,Disponível,Feminino,Amazon,IRON TRAINING,Neoprene,Tênis Feminino Fitness Boot Training Brasil Academia Corrida Ginástica Aeróbico,,257.0,37.15,3,,Boost,Elástico,Borracha,https://m.media-amazon.com/images/I/61MYI96aiQL._AC_SY395_SX395_QL70_ML2_.jpg,https://www.amazon.com.br/Feminino-Training-Academia-Gin%C3%A1stica-Cappuccino/dp/B0CG7DG77C/ref=is_sr_dp_4?crid=DLJ5Z8MJX9ZM&dib=eyJ2IjoiMSJ9.kvXWErNzFhI_AilIpuWVUZdToJT9g_kz_btw0CYvnOZKkb1Up8uh5nCOElu5m6n_G1oEfhy-N7rI-_s40BbxX7VQpIyh5GYtwwFIaEtWCFY78KUpaPpYP6EmIu59hPfQaMpN2NqvlZnAfYgsYB1in_nt-EaOy70sXYQWxRvFI8vSqXhwjv37soPqEwBv1l0laQ4jV477xys7VqEZbmJLmjrVP1jcr7Mb8Mk8_FlJjnB2_HoTSBRuzaO0HxSjYHVRODKd1tJP2Pir7-Qk-Ex7tQ.C_twp1UNzDPwsrk3dcnDaF_8oTskJuLgbZvEEoYGV3k&dib_tag=se&keywords=tenis+de+corrida&qid=1761925771&sprefix=tenis+de+corrida%2Caps%2C739&sr=8-294&ufe=app_do%3Aamzn1.fos.fcd6d665-32ba-4479-9f21-b774e276a678&xpid=ERuU6uEzXaAxz
4.6,Tênis Casuais,,2025-10-31,,,Disponível,Feminino,Amazon,IRON TRAINING,Neoprene,Tênis Feminino Fitness Boot Training Brasil Academia Corrida Ginástica Aeróbico,,257.0,37.15,3,,Boost,Elástico,Borracha,https://m.media-amazon.com/images/I/71yTYJ9xoaL._AC_SY395_SX395_QL70_ML2_.jpg,https://www.amazon.com.br/Feminino-Training-Academia-Gin%C3%A1stica-Cappuccino/dp/B0CYCRBJ6C/ref=is_sr_s_dp_3?crid=DLJ5Z8MJX9ZM&dib=eyJ2IjoiMSJ9.kvXWErNzFhI_AilIpuWVUZdToJT9g_kz_btw0CYvnOZKkb1Up8uh5nCOElu5m6n_G1oEfhy-N7rI-_s40BbxX7VQpIyh5GYtwwFIaEtWCFY78KUpaPpYP6EmIu59hPfQaMpN2NqvlZnAfYgsYB1in_nt-EaOy70sXYQWxRvFI8vSqXhwjv37soPqEwBv1l0laQ4jV477xys7VqEZbmJLmjrVP1jcr7Mb8Mk8_FlJjnB2_HoTSBRuzaO0HxSjYHVRODKd1tJP2Pir7-Qk-Ex7tQ.C_twp1UNzDPwsrk3dcnDaF_8oTskJuLgbZvEEoYGV3k&dib_tag=se&keywords=tenis+de+corrida&qid=1761925771&sprefix=tenis+de+corrida%2Caps%2C739&sr=8-294&ufe=app_do%3Aamzn1.fos.fcd6d665-32ba-4479-9f21-b774e276a678&xpid=ERuU6uEzXaAxz
4.6,Corrida de Rua,,2025-10-31,,,Disponível,Feminino,Amazon,IRON TRAINING,Neoprene,Tênis Feminino Fitness Boot Training Brasil Academia Corrida Ginástica Aeróbico,,257.0,37.15,3,,Boost,Elástico,Borracha,https://m.media-amazon.com/images/I/61Nur5rISjL._AC_SY395_SX395_QL70_ML2_.jpg,https://www.amazon.com.br/Feminino-Training-Academia-Gin%C3%A1stica-Cappuccino/dp/B0D4JHK4J1/ref=is_sr_s_dp_2?crid=DLJ5Z8MJX9ZM&dib=eyJ2IjoiMSJ9.kvXWErNzFhI_AilIpuWVUZdToJT9g_kz_btw0CYvnOZKkb1Up8uh5nCOElu5m6n_G1oEfhy-N7rI-_s40BbxX7VQpIyh5GYtwwFIaEtWCFY78KUpaPpYP6EmIu59hPfQaMpN2NqvlZnAfYgsYB1in_nt-EaOy70sXYQWxRvFI8vSqXhwjv37soPqEwBv1l0laQ4jV477xys7VqEZbmJLmjrVP1jcr7Mb8Mk8_FlJjnB2_HoTSBRuzaO0HxSjYHVRODKd1tJP2Pir7-Qk-Ex7tQ.C_twp1UNzDPwsrk3dcnDaF_8oTskJuLgbZvEEoYGV3k&dib_tag=se&keywords=tenis+de+corrida&qid=1761925771&sprefix=tenis+de+corrida%2Caps%2C739&sr=8-294&ufe=app_do%3Aamzn1.fos.fcd6d665-32ba-4479-9f21-b774e276a678&xpid=ERuU6uEzXaAxz
4.6,Corrida de Rua,,2025-10-31,,,Disponível,Feminino,Amazon,IRON TRAINING,Neoprene,Tênis Feminino Fitness Boot Training Brasil Academia Corrida Ginástica Aeróbico,,257.0,,3,,Boost,Elástico,Borracha,https://m.media-amazon.com/images/I/71l5S44NqfL._AC_SY395_SX395_QL70_ML2_.jpg,https://www.amazon.com.br/Feminino-Training-Academia-Gin%C3%A1stica-Cappuccino/dp/B0D4JK1GZG/ref=is_sr_dp_1?crid=DLJ5Z8MJX9ZM&dib=eyJ2IjoiMSJ9.kvXWErNzFhI_AilIpuWVUZdToJT9g_kz_btw0CYvnOZKkb1Up8uh5nCOElu5m6n_G1oEfhy-N7rI-_s40BbxX7VQpIyh5GYtwwFIaEtWCFY78KUpaPpYP6EmIu59hPfQaMpN2NqvlZnAfYgsYB1in_nt-EaOy70sXYQWxRvFI8vSqXhwjv37soPqEwBv1l0laQ4jV477xys7VqEZbmJLmjrVP1jcr7Mb8Mk8_FlJjnB2_HoTSBRuzaO0HxSjYHVRODKd1tJP2Pir7-Qk-Ex7tQ.C_twp1UNzDPwsrk3dcnDaF_8oTskJuLgbZvEEoYGV3k&dib_tag=se&keywords=tenis+de+corrida&qid=1761925771&sprefix=tenis+de+corrida%2Caps%2C739&sr=8-294&ufe=app_do%3Aamzn1.fos.fcd6d665-32ba-4479-9f21-b774e276a678&xpid=ERuU6uEzXaAxz
4.6,Corrida de Rua,,2025-10-31,,,Disponível,Feminino,Amazon,IRON TRAINING,Neoprene,Tênis Feminino Fitness Boot Training Brasil Academia Corrida Ginástica Aeróbico,,257.0,37.15,3,,Boost,Elástico,Borracha,https://m.media-amazon.com/images/I/71l5S44NqfL._AC_SY395_SX395_QL70_ML2_.jpg,https://www.amazon.com.br/Feminino-Training-Academia-Gin%C3%A1stica-Cappuccino/dp/B0D4JK1GZG/ref=sr_1_294?crid=DLJ5Z8MJX9ZM&dib=eyJ2IjoiMSJ9.kvXWErNzFhI_AilIpuWVUZdToJT9g_kz_btw0CYvnOZKkb1Up8uh5nCOElu5m6n_G1oEfhy-N7rI-_s40BbxX7VQpIyh5GYtwwFIaEtWCFY78KUpaPpYP6EmIu59hPfQaMpN2NqvlZnAfYgsYB1in_nt-EaOy70sXYQWxRvFI8vSqXhwjv37soPqEwBv1l0laQ4jV477xys7VqEZbmJLmjrVP1jcr7Mb8Mk8_FlJjnB2_HoTSBRuzaO0HxSjYHVRODKd1tJP2Pir7-Qk-Ex7tQ.C_twp1UNzDPwsrk3dcnDaF_8oTskJuLgbZvEEoYGV3k&dib_tag=se&keywords=tenis+de+corrida&qid=1761925771&sprefix=tenis+de+corrida%2Caps%2C739&sr=8-294&ufe=app_do%3Aamzn1.fos.fcd6d665-32ba-4479-9f21-b774e276a678&xpid=ERuU6uEzXaAxz
,Corrida de Rua,,2025-10-31,,,Disponível,,Amazon,Olympikus,Poliéster,"Tênis Olympikus Corre Max, Tênis de Corrida",,899.99,37.15,,,,Cadarço,Borracha,https://m.media-amazon.com/images/I/61EBiTg5ebL._AC_SY395_SX395_QL70_ML2_.jpg,https://www.amazon.com.br/T%C3%AAnis-Olympikus-Corrida-Adulto-Num%C3%A9rico/dp/B0FPPWRKP1/ref=is_sr_s_dp_4?crid=DLJ5Z8MJX9ZM&dib=eyJ2IjoiMSJ9.kvXWErNzFhI_AilIpuWVUZdToJT9g_kz_btw0CYvnOZKkb1Up8uh5nCOElu5m6n_G1oEfhy-N7rI-_s40BbxX7VQpIyh5GYtwwFIaEtWCFY78KUpaPpYP6EmIu59hPfQaMpN2NqvlZnAfYgsYB1in_nt-EaOy70sXYQWxRvFI8vSqXhwjv37soPqEwBv1l0laQ4jV477xys7VqEZbmJLmjrVP1jcr7Mb8Mk8_FlJjnB2_HoTSBRuzaO0HxSjYHVRODKd1tJP2Pir7-Qk-Ex7tQ.C_twp1UNzDPwsrk3dcnDaF_8oTskJuLgbZvEEoYGV3k&dib_tag=se&keywords=tenis+de+corrida&qid=1761925771&sprefix=tenis+de+corrida%2Caps%2C739&sr=8-293&ufe=app_do%3Aamzn1.fos.25548f35-0de7-44b3-b28e-0f56f3f96147&xpid=ERuU6uEzXaAxz
,Corrida de Rua,,2025-10-31,,,Disponível,,Amazon,Olympikus,Poliéster,"Tênis Olympikus Corre Max, Tênis de Corrida",,899.99,37.15,,,,Cadarço,Borracha,https://m.media-amazon.com/images/I/71W321A-gmL._AC_SY395_SX395_QL70_ML2_.jpg,https://www.amazon.com.br/T%C3%AAnis-Olympikus-Corrida-Adulto-Num%C3%A9rico/dp/B0FPC4DW47/ref=is_sr_s_dp_3?crid=DLJ5Z8MJX9ZM&dib=eyJ2IjoiMSJ9.kvXWErNzFhI_AilIpuWVUZdToJT9g_kz_btw0CYvnOZKkb1Up8uh5nCOElu5m6n_G1oEfhy-N7rI-_s40BbxX7VQpIyh5GYtwwFIaEtWCFY78KUpaPpYP6EmIu59hPfQaMpN2NqvlZnAfYgsYB1in_nt-EaOy70sXYQWxRvFI8vSqXhwjv37soPqEwBv1l0laQ4jV477xys7VqEZbmJLmjrVP1jcr7Mb8Mk8_FlJjnB2_HoTSBRuzaO0HxSjYHVRODKd1tJP2Pir7-Qk-Ex7tQ.C_twp1UNzDPwsrk3dcnDaF_8oTskJuLgbZvEEoYGV3k&dib_tag=se&keywords=tenis+de+corrida&qid=1761925771&sprefix=tenis+de+corrida%2Caps%2C739&sr=8-293&ufe=app_do%3Aamzn1.fos.25548f35-0de7-44b3-b28e-0f56f3f96147&xpid=ERuU6uEzXaAxz
,Corrida de Rua,,2025-10-31,,,Disponível,,Amazon,Olympikus,Poliéster,"Tênis Olympikus Corre Max, Tênis de Corrida",,899.99,37.15,,,,Cadarço,Borracha,https://m.media-amazon.com/images/I/71VOVGxbdqL._AC_SY395_SX395_QL70_ML2_.jpg,https://www.amazon.com.br/T%C3%AAnis-Olympikus-Corrida-Adulto-Num%C3%A9rico/dp/B0FQ22XTZZ/ref=is_sr_dp_2?crid=DLJ5Z8MJX9ZM&dib=eyJ2IjoiMSJ9.kvXWErNzFhI_AilIpuWVUZdToJT9g_kz_btw0CYvnOZKkb1Up8uh5nCOElu5m6n_G1oEfhy-N7rI-_s40BbxX7VQpIyh5GYtwwFIaEtWCFY78KUpaPpYP6EmIu59hPfQaMpN2NqvlZnAfYgsYB1in_nt-EaOy70sXYQWxRvFI8vSqXhwjv37soPqEwBv1l0laQ4jV477xys7VqEZbmJLmjrVP1jcr7Mb8Mk8_FlJjnB2_HoTSBRuzaO0HxSjYHVRODKd1tJP2Pir7-Qk-Ex7tQ.C_twp1UNzDPwsrk3dcnDaF_8oTskJuLgbZvEEoYGV3k&dib_tag=se&keywords=tenis+de+corrida&qid=1761925771&sprefix=tenis+de+corrida%2Caps%2C739&sr=8-293&ufe=app_do%3Aamzn1.fos.25548f35-0de7-44b3-b28e-0f56f3f96147&xpid=ERuU6uEzXaAxz
,Corrida de Rua,,2025-10-31,,,Disponível,,Amazon,Olympikus,Poliéster,"Tênis Olympikus Corre Max, Tênis de Corrida",,512.9,37.15,,,,Cadarço,Borracha,https://m.media-amazon.com/images/I/41fVUN89iQL._AC_SY395_SX395_QL70_ML2_.jpg,https://www.amazon.com.br/T%C3%AAnis-Olympikus-Corrida-Adulto-Num%C3%A9rico/dp/B0FTDYKQ9V/ref=is_sr_dp_1?crid=DLJ5Z8MJX9ZM&dib=eyJ2IjoiMSJ9.kvXWErNzFhI_AilIpuWVUZdToJT9g_kz_btw0CYvnOZKkb1Up8uh5nCOElu5m6n_G1oEfhy-N7rI-_s40BbxX7VQpIyh5GYtwwFIaEtWCFY78KUpaPpYP6EmIu59hPfQaMpN2NqvlZnAfYgsYB1in_nt-EaOy70sXYQWxRvFI8vSqXhwjv37soPqEwBv1l0laQ4jV477xys7VqEZbmJLmjrVP1jcr7Mb8Mk8_FlJjnB2_HoTSBRuzaO0HxSjYHVRODKd1tJP2Pir7-Qk-Ex7tQ.C_twp1UNzDPwsrk3dcnDaF_8oTskJuLgbZvEEoYGV3k&dib_tag=se&keywords=tenis+de+corrida&qid=1761925771&sprefix=tenis+de+corrida%2Caps%2C739&sr=8-293&ufe=app_do%3Aamzn1.fos.25548f35-0de7-44b3-b28e-0f56f3f96147&xpid=ERuU6uEzXaAxz
,Corrida de Rua,,2025-10-31,,,Disponível,,Amazon,Olympikus,Poliéster,"Tênis Olympikus Corre Max, Tênis de Corrida",,512.9,,,,,Cadarço,Borracha,https://m.media-amazon.com/images/I/41fVUN89iQL._AC_SY395_SX395_QL70_ML2_.jpg,https://www.amazon.com.br/T%C3%AAnis-Olympikus-Corrida-Adulto-Num%C3%A9rico/dp/B0FTDYKQ9V/ref=sr_1_293?crid=DLJ5Z8MJX9ZM&dib=eyJ2IjoiMSJ9.kvXWErNzFhI_AilIpuWVUZdToJT9g_kz_btw0CYvnOZKkb1Up8uh5nCOElu5m6n_G1oEfhy-N7rI-_s40BbxX7VQpIyh5GYtwwFIaEtWCFY78KUpaPpYP6EmIu59hPfQaMpN2NqvlZnAfYgsYB1in_nt-EaOy70sXYQWxRvFI8vSqXhwjv37soPqEwBv1l0laQ4jV477xys7VqEZbmJLmjrVP1jcr7Mb8Mk8_FlJjnB2_HoTSBRuzaO0HxSjYHVRODKd1tJP2Pir7-Qk-Ex7tQ.C_twp1UNzDPwsrk3dcnDaF_8oTskJuLgbZvEEoYGV3k&dib_tag=se&keywords=tenis+de+corrida&qid=1761925771&sprefix=tenis+de+corrida%2Caps%2C739&sr=8-293&ufe=app_do%3Aamzn1.fos.25548f35-0de7-44b3-b28e-0f56f3f96147&xpid=ERuU6uEzXaAxz
,Corrida de Rua,,2025-10-31,,,Disponível,Feminino,Amazon,Mizuno,Malha,Tênis de Corrida Feminino Mizuno Wave Vitality 5,,279.99,37.15,,,Wave,Cadarço,Borracha,https://m.media-amazon.com/images/I/51fF8463vxL._AC_SY395_SX395_QL70_ML2_.jpg,https://www.amazon.com.br/T%C3%AAnis-Corrida-Feminino-Mizuno-Vitality/dp/B0D1KV2K2H/ref=sr_1_295?crid=DLJ5Z8MJX9ZM&dib=eyJ2IjoiMSJ9.4I-GuCzSc5xJGX7hj2hkhMg80-LghxaSxIJINCUBU9nw5NrP6tAVM14IgSwyUbZiGIfyjjl1sU05U38eXHZOet5yg4HOzV8C7ga7GecCUtEvLsknXaD3BAuO3ZBHz9g7uqADFqTniq8c6DGMIYQgkUNXiFiX538y9SqfwvG3_8Ts6qg37gREQ5IPuW0cUhOPvIFaFlc0nHSxt0zqQ9GXlUT3-jj8Ya9g-9x1-vZUVwKoNyxuxLjgMhCNdrTyv5WwnweWm1M-SeVOuz012iThQfGeNpXQrRIIQhtfywYm5y0.L8bNMlXa-IO-4X5Hol4hs6ZuXpp2oqN1k89ZY17MZus&dib_tag=se&keywords=tenis+de+corrida&qid=1761925736&sprefix=tenis+de+corrida%2Caps%2C739&sr=8-295&ufe=app_do%3Aamzn1.fos.fcd6d665-32ba-4479-9f21-b774e276a678&xpid=ERuU6uEzXaAxz
,Tênis para Academia,,2025-10-31,,,Disponível,Feminino,Amazon,VUKS,Nylon,Tênis Feminino Academia Caminhada Corrida Leve Confortável VUKS + Relógio Digital,,74.9,37.15,,,,Cadarço,Borracha,https://m.media-amazon.com/images/I/61LtfciRoXL._AC_SY395_SX395_QL70_ML2_.jpg,https://www.amazon.com.br/Feminino-Academia-Caminhada-Confort%C3%A1vel-VUKS/dp/B0FJ2T2K3Q/ref=is_sr_s_dp_3?crid=DLJ5Z8MJX9ZM&dib=eyJ2IjoiMSJ9.4I-GuCzSc5xJGX7hj2hkhMg80-LghxaSxIJINCUBU9nw5NrP6tAVM14IgSwyUbZiGIfyjjl1sU05U38eXHZOet5yg4HOzV8C7ga7GecCUtEvLsknXaD3BAuO3ZBHz9g7uqADFqTniq8c6DGMIYQgkUNXiFiX538y9SqfwvG3_8Ts6qg37gREQ5IPuW0cUhOPvIFaFlc0nHSxt0zqQ9GXlUT3-jj8Ya9g-9x1-vZUVwKoNyxuxLjgMhCNdrTyv5WwnweWm1M-SeVOuz012iThQfGeNpXQrRIIQhtfywYm5y0.L8bNMlXa-IO-4X5Hol4hs6ZuXpp2oqN1k89ZY17MZus&dib_tag=se&keywords=tenis+de+corrida&qid=1761925736&sprefix=tenis+de+corrida%2Caps%2C739&sr=8-294&ufe=app_do%3Aamzn1.fos.6d798eae-cadf-45de-946a-f477d47705b9&xpid=ERuU6uEzXaAxz
,Tênis para Academia,,2025-10-31,,,Disponível,Feminino,Amazon,VUKS,Nylon,Tênis Feminino Academia Caminhada Corrida Leve Confortável VUKS + Relógio Digital,,74.9,37.15,,,,Cadarço,Borracha,https://m.media-amazon.com/images/I/51yBLorzkRL._AC_SY395_SX395_QL70_ML2_.jpg,https://www.amazon.com.br/Feminino-Academia-Caminhada-Confort%C3%A1vel-VUKS/dp/B0FJ2SWJCB/ref=is_sr_s_dp_2?crid=DLJ5Z8MJX9ZM&dib=eyJ2IjoiMSJ9.4I-GuCzSc5xJGX7hj2hkhMg80-LghxaSxIJINCUBU9nw5NrP6tAVM14IgSwyUbZiGIfyjjl1sU05U38eXHZOet5yg4HOzV8C7ga7GecCUtEvLsknXaD3BAuO3ZBHz9g7uqADFqTniq8c6DGMIYQgkUNXiFiX538y9SqfwvG3_8Ts6qg37gREQ5IPuW0cUhOPvIFaFlc0nHSxt0zqQ9GXlUT3-jj8Ya9g-9x1-vZUVwKoNyxuxLjgMhCNdrTyv5WwnweWm1M-SeVOuz012iThQfGeNpXQrRIIQhtfywYm5y0.L8bNMlXa-IO-4X5Hol4hs6ZuXpp2oqN1k89ZY17MZus&dib_tag=se&keywords=tenis+de+corrida&qid=1761925736&sprefix=tenis+de+corrida%2Caps%2C739&sr=8-294&ufe=app_do%3Aamzn1.fos.6d798eae-cadf-45de-946a-f477d47705b9&xpid=ERuU6uEzXaAxz
,Tênis para Academia,,2025-10-31,,,Disponível,Feminino,Amazon,VUKS,Nylon,Tênis Feminino Academia Caminhada Corrida Leve Confortável VUKS + Relógio Digital,,74.9,37.15,,,,Cadarço,Borracha,https://m.media-amazon.com/images/I/61QKXRAe1YL._AC_SY395_SX395_QL70_ML2_.jpg,https://www.amazon.com.br/Feminino-Academia-Caminhada-Confort%C3%A1vel-VUKS/dp/B0FJ2W7P2F/ref=is_sr_s_dp_1?crid=DLJ5Z8MJX9ZM&dib=eyJ2IjoiMSJ9.4I-GuCzSc5xJGX7hj2hkhMg80-LghxaSxIJINCUBU9nw5NrP6tAVM14IgSwyUbZiGIfyjjl1sU05U38eXHZOet5yg4HOzV8C7ga7GecCUtEvLsknXaD3BAuO3ZBHz9g7uqADFqTniq8c6DGMIYQgkUNXiFiX538y9SqfwvG3_8Ts6qg37gREQ5IPuW0cUhOPvIFaFlc0nHSxt0zqQ9GXlUT3-jj8Ya9g-9x1-vZUVwKoNyxuxLjgMhCNdrTyv5WwnweWm1M-SeVOuz012iThQfGeNpXQrRIIQhtfywYm5y0.L8bNMlXa-IO-4X5Hol4hs6ZuXpp2oqN1k89ZY17MZus&dib_tag=se&keywords=tenis+de+corrida&qid=1761925736&sprefix=tenis+de+corrida%2Caps%2C739&sr=8-294&ufe=app_do%3Aamzn1.fos.6d798eae-cadf-45de-946a-f477d47705b9&xpid=ERuU6uEzXaAxz
,Tênis para Academia,,2025-10-31,,,Disponível,Feminino,Amazon,VUKS,Nylon,Tênis Feminino Academia Caminhada Corrida Leve Confortável VUKS + Relógio Digital,,74.9,37.15,,,,Cadarço,Borracha,https://m.media-amazon.com/images/I/61QKXRAe1YL._AC_SY395_SX395_QL70_ML2_.jpg,https://www.amazon.com.br/Feminino-Academia-Caminhada-Confort%C3%A1vel-VUKS/dp/B0FJ2W7P2F/ref=sr_1_294?crid=DLJ5Z8MJX9ZM&dib=eyJ2IjoiMSJ9.4I-GuCzSc5xJGX7hj2hkhMg80-LghxaSxIJINCUBU9nw5NrP6tAVM14IgSwyUbZiGIfyjjl1sU05U38eXHZOet5yg4HOzV8C7ga7GecCUtEvLsknXaD3BAuO3ZBHz9g7uqADFqTniq8c6DGMIYQgkUNXiFiX538y9SqfwvG3_8Ts6qg37gREQ5IPuW0cUhOPvIFaFlc0nHSxt0zqQ9GXlUT3-jj8Ya9g-9x1-vZUVwKoNyxuxLjgMhCNdrTyv5WwnweWm1M-SeVOuz012iThQfGeNpXQrRIIQhtfywYm5y0.L8bNMlXa-IO-4X5Hol4hs6ZuXpp2oqN1k89ZY17MZus&dib_tag=se&keywords=tenis+de+corrida&qid=1761925736&sprefix=tenis+de+corrida%2Caps%2C739&sr=8-294&ufe=app_do%3Aamzn1.fos.6d798eae-cadf-45de-946a-f477d47705b9&xpid=ERuU6uEzXaAxz
4.1,Corrida em Trilhas,,2025-10-31,,,Disponível,Masculino,Amazon,wanhee,Malha,wanhee Tênis de corrida masculino esportivo tênis de caminhada,,443.41,37.15,888,,,Cadarço,Poliuretano termoplástico,https://m.media-amazon.com/images/I/81xAWQ6LdeL._AC_SY395_SX395_QL70_ML2_.jpg,https://www.amazon.com.br/wanhee-corrida-esportivo-masculino-amarelo/dp/B0FH9MHMVP/ref=is_sr_dp_n?crid=DLJ5Z8MJX9ZM&dib=eyJ2IjoiMSJ9.4I-GuCzSc5xJGX7hj2hkhMg80-LghxaSxIJINCUBU9nw5NrP6tAVM14IgSwyUbZiGIfyjjl1sU05U38eXHZOet5yg4HOzV8C7ga7GecCUtEvLsknXaD3BAuO3ZBHz9g7uqADFqTniq8c6DGMIYQgkUNXiFiX538y9SqfwvG3_8Ts6qg37gREQ5IPuW0cUhOPvIFaFlc0nHSxt0zqQ9GXlUT3-jj8Ya9g-9x1-vZUVwKoNyxuxLjgMhCNdrTyv5WwnweWm1M-SeVOuz012iThQfGeNpXQrRIIQhtfywYm5y0.L8bNMlXa-IO-4X5Hol4hs6ZuXpp2oqN1k89ZY17MZus&dib_tag=se&keywords=tenis+de+corrida&qid=1761925736&sprefix=tenis+de+corrida%2Caps%2C739&sr=8-293&ufe=app_do%3Aamzn1.fos.e05b01e0-91a7-477e-a514-15a32325a6d6&xpid=ERuU6uEzXaAxz
4.1,Corrida em Trilhas,,2025-10-31,,,Disponível,Masculino,Amazon,wanhee,Malha,wanhee Tênis de corrida masculino esportivo tênis de caminhada,,219.27,,888,,,Cadarço,Poliuretano termoplástico,https://m.media-amazon.com/images/I/81bi9+cqiUL._AC_SY395_SX395_QL70_ML2_.jpg,https://www.amazon.com.br/wanhee-corrida-esportivo-masculino-amarelo/dp/B0CP1TT5FT/ref=is_sr_s_dp_6?crid=DLJ5Z8MJX9ZM&dib=eyJ2IjoiMSJ9.4I-GuCzSc5xJGX7hj2hkhMg80-LghxaSxIJINCUBU9nw5NrP6tAVM14IgSwyUbZiGIfyjjl1sU05U38eXHZOet5yg4HOzV8C7ga7GecCUtEvLsknXaD3BAuO3ZBHz9g7uqADFqTniq8c6DGMIYQgkUNXiFiX538y9SqfwvG3_8Ts6qg37gREQ5IPuW0cUhOPvIFaFlc0nHSxt0zqQ9GXlUT3-jj8Ya9g-9x1-vZUVwKoNyxuxLjgMhCNdrTyv5WwnweWm1M-SeVOuz012iThQfGeNpXQrRIIQhtfywYm5y0.L8bNMlXa-IO-4X5Hol4hs6ZuXpp2oqN1k89ZY17MZus&dib_tag=se&keywords=tenis+de+corrida&qid=1761925736&sprefix=tenis+de+corrida%2Caps%2C739&sr=8-293&ufe=app_do%3Aamzn1.fos.e05b01e0-91a7-477e-a514-15a32325a6d6&xpid=ERuU6uEzXaAxz
4.1,Tênis Casuais,,2025-10-31,,,Disponível,Masculino,Amazon,wanhee,Malha,wanhee Tênis de corrida masculino esportivo tênis de caminhada,,486.56,37.15,888,,,Cadarço,Poliuretano termoplástico,https://m.media-amazon.com/images/I/811nTtlQKvL._AC_SY395_SX395_QL70_ML2_.jpg,https://www.amazon.com.br/wanhee-corrida-esportivo-masculino-amarelo/dp/B0B3RNV4H2/ref=is_sr_dp_5?crid=DLJ5Z8MJX9ZM&dib=eyJ2IjoiMSJ9.4I-GuCzSc5xJGX7hj2hkhMg80-LghxaSxIJINCUBU9nw5NrP6tAVM14IgSwyUbZiGIfyjjl1sU05U38eXHZOet5yg4HOzV8C7ga7GecCUtEvLsknXaD3BAuO3ZBHz9g7uqADFqTniq8c6DGMIYQgkUNXiFiX538y9SqfwvG3_8Ts6qg37gREQ5IPuW0cUhOPvIFaFlc0nHSxt0zqQ9GXlUT3-jj8Ya9g-9x1-vZUVwKoNyxuxLjgMhCNdrTyv5WwnweWm1M-SeVOuz012iThQfGeNpXQrRIIQhtfywYm5y0.L8bNMlXa-IO-4X5Hol4hs6ZuXpp2oqN1k89ZY17MZus&dib_tag=se&keywords=tenis+de+corrida&qid=1761925736&sprefix=tenis+de+corrida%2Caps%2C739&sr=8-293&ufe=app_do%3Aamzn1.fos.e05b01e0-91a7-477e-a514-15a32325a6d6&xpid=ERuU6uEzXaAxz
4.1,,,2025-10-31,,,Disponível,Masculino,Amazon,wanhee,Malha,wanhee Tênis de corrida masculino esportivo tênis de caminhada,,487.53,37.15,888,,,Cadarço,Borracha,https://m.media-amazon.com/images/I/812NUDPv2LL._AC_SY395_SX395_QL70_ML2_.jpg,https://www.amazon.com.br/wanhee-corrida-esportivo-masculino-amarelo/dp/B093BQGJFF/ref=is_sr_s_dp_4?crid=DLJ5Z8MJX9ZM&dib=eyJ2IjoiMSJ9.4I-GuCzSc5xJGX7hj2hkhMg80-LghxaSxIJINCUBU9nw5NrP6tAVM14IgSwyUbZiGIfyjjl1sU05U38eXHZOet5yg4HOzV8C7ga7GecCUtEvLsknXaD3BAuO3ZBHz9g7uqADFqTniq8c6DGMIYQgkUNXiFiX538y9SqfwvG3_8Ts6qg37gREQ5IPuW0cUhOPvIFaFlc0nHSxt0zqQ9GXlUT3-jj8Ya9g-9x1-vZUVwKoNyxuxLjgMhCNdrTyv5WwnweWm1M-SeVOuz012iThQfGeNpXQrRIIQhtfywYm5y0.L8bNMlXa-IO-4X5Hol4hs6ZuXpp2oqN1k89ZY17MZus&dib_tag=se&keywords=tenis+de+corrida&qid=1761925736&sprefix=tenis+de+corrida%2Caps%2C739&sr=8-293&ufe=app_do%3Aamzn1.fos.e05b01e0-91a7-477e-a514-15a32325a6d6&xpid=ERuU6uEzXaAxz
4.1,Corrida em Trilhas,,2025-10-31,,,Disponível,Masculino,Amazon,wanhee,Malha,wanhee Tênis de corrida masculino esportivo tênis de caminhada,,391.56,37.15,888,,,Cadarço,Poliuretano termoplástico,https://m.media-amazon.com/images/I/71fxKDTdodL._AC_SY395_SX395_QL70_ML2_.jpg,https://www.amazon.com.br/wanhee-corrida-esportivo-masculino-amarelo/dp/B0BFCZXSHG/ref=is_sr_s_dp_3?crid=DLJ5Z8MJX9ZM&dib=eyJ2IjoiMSJ9.4I-GuCzSc5xJGX7hj2hkhMg80-LghxaSxIJINCUBU9nw5NrP6tAVM14IgSwyUbZiGIfyjjl1sU05U38eXHZOet5yg4HOzV8C7ga7GecCUtEvLsknXaD3BAuO3ZBHz9g7uqADFqTniq8c6DGMIYQgkUNXiFiX538y9SqfwvG3_8Ts6qg37gREQ5IPuW0cUhOPvIFaFlc0nHSxt0zqQ9GXlUT3-jj8Ya9g-9x1-vZUVwKoNyxuxLjgMhCNdrTyv5WwnweWm1M-SeVOuz012iThQfGeNpXQrRIIQhtfywYm5y0.L8bNMlXa-IO-4X5Hol4hs6ZuXpp2oqN1k89ZY17MZus&dib_tag=se&keywords=tenis+de+corrida&qid=1761925736&sprefix=tenis+de+corrida%2Caps%2C739&sr=8-293&ufe=app_do%3Aamzn1.fos.e05b01e0-91a7-477e-a514-15a32325a6d6&xpid=ERuU6uEzXaAxz
4.1,Corrida em Trilhas,,2025-10-31,,,Disponível,Masculino,Amazon,wanhee,Malha,wanhee Tênis de corrida masculino esportivo tênis de caminhada,,219.27,37.15,888,,,Cadarço,Poliuretano termoplástico,https://m.media-amazon.com/images/I/715n9JwybjL._AC_SY395_SX395_QL70_ML2_.jpg,https://www.amazon.com.br/wanhee-corrida-esportivo-masculino-amarelo/dp/B0CP1TDQ2Q/ref=is_sr_s_dp_2?crid=DLJ5Z8MJX9ZM&dib=eyJ2IjoiMSJ9.4I-GuCzSc5xJGX7hj2hkhMg80-LghxaSxIJINCUBU9nw5NrP6tAVM14IgSwyUbZiGIfyjjl1sU05U38eXHZOet5yg4HOzV8C7ga7GecCUtEvLsknXaD3BAuO3ZBHz9g7uqADFqTniq8c6DGMIYQgkUNXiFiX538y9SqfwvG3_8Ts6qg37gREQ5IPuW0cUhOPvIFaFlc0nHSxt0zqQ9GXlUT3-jj8Ya9g-9x1-vZUVwKoNyxuxLjgMhCNdrTyv5WwnweWm1M-SeVOuz012iThQfGeNpXQrRIIQhtfywYm5y0.L8bNMlXa-IO-4X5Hol4hs6ZuXpp2oqN1k89ZY17MZus&dib_tag=se&keywords=tenis+de+corrida&qid=1761925736&sprefix=tenis+de+corrida%2Caps%2C739&sr=8-293&ufe=app_do%3Aamzn1.fos.e05b01e0-91a7-477e-a514-15a32325a6d6&xpid=ERuU6uEzXaAxz
4.1,Corrida em Trilhas,,2025-10-31,,,Disponível,Masculino,Amazon,wanhee,Malha,wanhee Tênis de corrida masculino esportivo tênis de caminhada,,443.41,37.15,888,,,Cadarço,Poliuretano termoplástico,https://m.media-amazon.com/images/I/81xAWQ6LdeL._AC_SY395_SX395_QL70_ML2_.jpg,https://www.amazon.com.br/wanhee-corrida-esportivo-masculino-amarelo/dp/B0FH9MHMVP/ref=is_sr_s_dp_1?crid=DLJ5Z8MJX9ZM&dib=eyJ2IjoiMSJ9.4I-GuCzSc5xJGX7hj2hkhMg80-LghxaSxIJINCUBU9nw5NrP6tAVM14IgSwyUbZiGIfyjjl1sU05U38eXHZOet5yg4HOzV8C7ga7GecCUtEvLsknXaD3BAuO3ZBHz9g7uqADFqTniq8c6DGMIYQgkUNXiFiX538y9SqfwvG3_8Ts6qg37gREQ5IPuW0cUhOPvIFaFlc0nHSxt0zqQ9GXlUT3-jj8Ya9g-9x1-vZUVwKoNyxuxLjgMhCNdrTyv5WwnweWm1M-SeVOuz012iThQfGeNpXQrRIIQhtfywYm5y0.L8bNMlXa-IO-4X5Hol4hs6ZuXpp2oqN1k89ZY17MZus&dib_tag=se&keywords=tenis+de+corrida&qid=1761925736&sprefix=tenis+de+corrida%2Caps%2C739&sr=8-293&ufe=app_do%3Aamzn1.fos.e05b01e0-91a7-477e-a514-15a32325a6d6&xpid=ERuU6uEzXaAxz
4.1,Corrida em Trilhas,,2025-10-31,,,Disponível,Masculino,Amazon,wanhee,Malha,wanhee Tênis de corrida masculino esportivo tênis de caminhada,,443.41,37.15,888,,,Cadarço,Poliuretano termoplástico,https://m.media-amazon.com/images/I/81xAWQ6LdeL._AC_SY395_SX395_QL70_ML2_.jpg,https://www.amazon.com.br/wanhee-corrida-esportivo-masculino-amarelo/dp/B0FH9MHMVP/ref=sr_1_293?crid=DLJ5Z8MJX9ZM&dib=eyJ2IjoiMSJ9.4I-GuCzSc5xJGX7hj2hkhMg80-LghxaSxIJINCUBU9nw5NrP6tAVM14IgSwyUbZiGIfyjjl1sU05U38eXHZOet5yg4HOzV8C7ga7GecCUtEvLsknXaD3BAuO3ZBHz9g7uqADFqTniq8c6DGMIYQgkUNXiFiX538y9SqfwvG3_8Ts6qg37gREQ5IPuW0cUhOPvIFaFlc0nHSxt0zqQ9GXlUT3-jj8Ya9g-9x1-vZUVwKoNyxuxLjgMhCNdrTyv5WwnweWm1M-SeVOuz012iThQfGeNpXQrRIIQhtfywYm5y0.L8bNMlXa-IO-4X5Hol4hs6ZuXpp2oqN1k89ZY17MZus&dib_tag=se&keywords=tenis+de+corrida&qid=1761925736&sprefix=tenis+de+corrida%2Caps%2C739&sr=8-293&ufe=app_do%3Aamzn1.fos.e05b01e0-91a7-477e-a514-15a32325a6d6&xpid=ERuU6uEzXaAxz
4.2,Corrida de Rua,,2025-10-31,,,Verificar disponibilidade,Feminino,Amazon,Adidas,Borracha,"Calçado para corrida Ozelle, Adidas, feminino",,528.66,37.15,607,,Cloudfoam,Cadarço,Borracha,https://m.media-amazon.com/images/I/71+x4MSYcPL._AC_SX395_SY395_QL70_ML2_.jpg,https://www.amazon.com.br/T%C3%AAnis-Adidas-Response-Runner-JR8058/dp/B09DXW42QF/ref=is_sr_s_dp_6?crid=DLJ5Z8MJX9ZM&dib=eyJ2IjoiMSJ9.4I-GuCzSc5xJGX7hj2hkhMg80-LghxaSxIJINCUBU9nw5NrP6tAVM14IgSwyUbZiGIfyjjl1sU05U38eXHZOet5yg4HOzV8C7ga7GecCUtEvLsknXaD3BAuO3ZBHz9g7uqADFqTniq8c6DGMIYQgkUNXiFiX538y9SqfwvG3_8Ts6qg37gREQ5IPuW0cUhOPvIFaFlc0nHSxt0zqQ9GXlUT3-jj8Ya9g-9x1-vZUVwKoNyxuxLjgMhCNdrTyv5WwnweWm1M-SeVOuz012iThQfGeNpXQrRIIQhtfywYm5y0.L8bNMlXa-IO-4X5Hol4hs6ZuXpp2oqN1k89ZY17MZus&dib_tag=se&keywords=tenis+de+corrida&qid=1761925736&sprefix=tenis+de+corrida%2Caps%2C739&sr=8-290&ufe=app_do%3Aamzn1.fos.fcd6d665-32ba-4479-9f21-b774e276a678&xpid=ERuU6uEzXaAxz
,Corrida de Rua,,2025-10-31,14.3,,Disponível,Feminino,Amazon,Genérico,Nylon,Tenis Esportivo Feminino Leve Academia Corrida Caminhada Conforto Total,,59.9014,69.9,,,,Cadarço,Borracha sintética,https://m.media-amazon.com/images/I/51djz39oHIL._AC_SY395_SX395_QL70_ML2_.jpg,https://www.amazon.com.br/Esportivo-Feminino-Academia-Caminhada-Conforto/dp/B0FJYLWGV4/ref=is_sr_s_dp_4?crid=DLJ5Z8MJX9ZM&dib=eyJ2IjoiMSJ9.4I-GuCzSc5xJGX7hj2hkhMg80-LghxaSxIJINCUBU9nw5NrP6tAVM14IgSwyUbZiGIfyjjl1sU05U38eXHZOet5yg4HOzV8C7ga7GecCUtEvLsknXaD3BAuO3ZBHz9g7uqADFqTniq8c6DGMIYQgkUNXiFiX538y9SqfwvG3_8Ts6qg37gREQ5IPuW0cUhOPvIFaFlc0nHSxt0zqQ9GXlUT3-jj8Ya9g-9x1-vZUVwKoNyxuxLjgMhCNdrTyv5WwnweWm1M-SeVOuz012iThQfGeNpXQrRIIQhtfywYm5y0.L8bNMlXa-IO-4X5Hol4hs6ZuXpp2oqN1k89ZY17MZus&dib_tag=se&keywords=tenis+de+corrida&qid=1761925736&sprefix=tenis+de+corrida%2Caps%2C739&sr=8-283&ufe=app_do%3Aamzn1.fos.6d798eae-cadf-45de-946a-f477d47705b9&xpid=ERuU6uEzXaAxz
,Corrida de Rua,,2025-10-31,14.3,,Disponível,Feminino,Amazon,Genérico,Nylon,Tenis Esportivo Feminino Leve Academia Corrida Caminhada Conforto Total,,59.9014,69.9,,,,Cadarço,Borracha sintética,https://m.media-amazon.com/images/I/61m7B0EPkjL._AC_SY395_SX395_QL70_ML2_.jpg,https://www.amazon.com.br/Esportivo-Feminino-Academia-Caminhada-Conforto/dp/B0FJYJ7W5X/ref=is_sr_dp_3?crid=DLJ5Z8MJX9ZM&dib=eyJ2IjoiMSJ9.4I-GuCzSc5xJGX7hj2hkhMg80-LghxaSxIJINCUBU9nw5NrP6tAVM14IgSwyUbZiGIfyjjl1sU05U38eXHZOet5yg4HOzV8C7ga7GecCUtEvLsknXaD3BAuO3ZBHz9g7uqADFqTniq8c6DGMIYQgkUNXiFiX538y9SqfwvG3_8Ts6qg37gREQ5IPuW0cUhOPvIFaFlc0nHSxt0zqQ9GXlUT3-jj8Ya9g-9x1-vZUVwKoNyxuxLjgMhCNdrTyv5WwnweWm1M-SeVOuz012iThQfGeNpXQrRIIQhtfywYm5y0.L8bNMlXa-IO-4X5Hol4hs6ZuXpp2oqN1k89ZY17MZus&dib_tag=se&keywords=tenis+de+corrida&qid=1761925736&sprefix=tenis+de+corrida%2Caps%2C739&sr=8-283&ufe=app_do%3Aamzn1.fos.6d798eae-cadf-45de-946a-f477d47705b9&xpid=ERuU6uEzXaAxz
,Corrida de Rua,,2025-10-31,14.3,,Disponível,Feminino,Amazon,Genérico,Nylon,Tenis Esportivo Feminino Leve Academia Corrida Caminhada Conforto Total,,59.9014,69.9,,,,Cadarço,Borracha sintética,https://m.media-amazon.com/images/I/61tGSb-UCFL._AC_SY395_SX395_QL70_ML2_.jpg,https://www.amazon.com.br/Esportivo-Feminino-Academia-Caminhada-Conforto/dp/B0FJYLWDN2/ref=is_sr_s_dp_2?crid=DLJ5Z8MJX9ZM&dib=eyJ2IjoiMSJ9.4I-GuCzSc5xJGX7hj2hkhMg80-LghxaSxIJINCUBU9nw5NrP6tAVM14IgSwyUbZiGIfyjjl1sU05U38eXHZOet5yg4HOzV8C7ga7GecCUtEvLsknXaD3BAuO3ZBHz9g7uqADFqTniq8c6DGMIYQgkUNXiFiX538y9SqfwvG3_8Ts6qg37gREQ5IPuW0cUhOPvIFaFlc0nHSxt0zqQ9GXlUT3-jj8Ya9g-9x1-vZUVwKoNyxuxLjgMhCNdrTyv5WwnweWm1M-SeVOuz012iThQfGeNpXQrRIIQhtfywYm5y0.L8bNMlXa-IO-4X5Hol4hs6ZuXpp2oqN1k89ZY17MZus&dib_tag=se&keywords=tenis+de+corrida&qid=1761925736&sprefix=tenis+de+corrida%2Caps%2C739&sr=8-283&ufe=app_do%3Aamzn1.fos.6d798eae-cadf-45de-946a-f477d47705b9&xpid=ERuU6uEzXaAxz
,Corrida de Rua,,2025-10-31,14.3,,Disponível,Feminino,Amazon,Genérico,Nylon,Tenis Esportivo Feminino Leve Academia Corrida Caminhada Conforto Total,,59.9014,69.9,,,,Cadarço,Borracha sintética,https://m.media-amazon.com/images/I/51En9Q5RDUL._AC_SY395_SX395_QL70_ML2_.jpg,https://www.amazon.com.br/Esportivo-Feminino-Academia-Caminhada-Conforto/dp/B0FJYMT7D2/ref=is_sr_s_dp_1?crid=DLJ5Z8MJX9ZM&dib=eyJ2IjoiMSJ9.4I-GuCzSc5xJGX7hj2hkhMg80-LghxaSxIJINCUBU9nw5NrP6tAVM14IgSwyUbZiGIfyjjl1sU05U38eXHZOet5yg4HOzV8C7ga7GecCUtEvLsknXaD3BAuO3ZBHz9g7uqADFqTniq8c6DGMIYQgkUNXiFiX538y9SqfwvG3_8Ts6qg37gREQ5IPuW0cUhOPvIFaFlc0nHSxt0zqQ9GXlUT3-jj8Ya9g-9x1-vZUVwKoNyxuxLjgMhCNdrTyv5WwnweWm1M-SeVOuz012iThQfGeNpXQrRIIQhtfywYm5y0.L8bNMlXa-IO-4X5Hol4hs6ZuXpp2oqN1k89ZY17MZus&dib_tag=se&keywords=tenis+de+corrida&qid=1761925736&sprefix=tenis+de+corrida%2Caps%2C739&sr=8-283&ufe=app_do%3Aamzn1.fos.6d798eae-cadf-45de-946a-f477d47705b9&xpid=ERuU6uEzXaAxz
,Corrida de Rua,,2025-10-31,14.3,,Disponível,Feminino,Amazon,Genérico,Nylon,Tenis Esportivo Feminino Leve Academia Corrida Caminhada Conforto Total,,59.9014,69.9,,,,Cadarço,Borracha sintética,https://m.media-amazon.com/images/I/51En9Q5RDUL._AC_SY395_SX395_QL70_ML2_.jpg,https://www.amazon.com.br/Esportivo-Feminino-Academia-Caminhada-Conforto/dp/B0FJYMT7D2/ref=sr_1_283?crid=DLJ5Z8MJX9ZM&dib=eyJ2IjoiMSJ9.4I-GuCzSc5xJGX7hj2hkhMg80-LghxaSxIJINCUBU9nw5NrP6tAVM14IgSwyUbZiGIfyjjl1sU05U38eXHZOet5yg4HOzV8C7ga7GecCUtEvLsknXaD3BAuO3ZBHz9g7uqADFqTniq8c6DGMIYQgkUNXiFiX538y9SqfwvG3_8Ts6qg37gREQ5IPuW0cUhOPvIFaFlc0nHSxt0zqQ9GXlUT3-jj8Ya9g-9x1-vZUVwKoNyxuxLjgMhCNdrTyv5WwnweWm1M-SeVOuz012iThQfGeNpXQrRIIQhtfywYm5y0.L8bNMlXa-IO-4X5Hol4hs6ZuXpp2oqN1k89ZY17MZus&dib_tag=se&keywords=tenis+de+corrida&qid=1761925736&sprefix=tenis+de+corrida%2Caps%2C739&sr=8-283&ufe=app_do%3Aamzn1.fos.6d798eae-cadf-45de-946a-f477d47705b9&xpid=ERuU6uEzXaAxz
,Corrida de Rua,,2025-10-31,,,Disponível,,Amazon,Olympikus,Poliéster,"Tênis Olympikus Corre Max, Tênis de Corrida",,899.99,37.15,,,,Cadarço,Borracha,https://m.media-amazon.com/images/I/61EBiTg5ebL._AC_SY395_SX395_QL70_ML2_.jpg,https://www.amazon.com.br/T%C3%AAnis-Olympikus-Corrida-Adulto-Num%C3%A9rico/dp/B0FPPWRKP1/ref=is_sr_s_dp_4?crid=DLJ5Z8MJX9ZM&dib=eyJ2IjoiMSJ9.4I-GuCzSc5xJGX7hj2hkhMg80-LghxaSxIJINCUBU9nw5NrP6tAVM14IgSwyUbZiGIfyjjl1sU05U38eXHZOet5yg4HOzV8C7ga7GecCUtEvLsknXaD3BAuO3ZBHz9g7uqADFqTniq8c6DGMIYQgkUNXiFiX538y9SqfwvG3_8Ts6qg37gREQ5IPuW0cUhOPvIFaFlc0nHSxt0zqQ9GXlUT3-jj8Ya9g-9x1-vZUVwKoNyxuxLjgMhCNdrTyv5WwnweWm1M-SeVOuz012iThQfGeNpXQrRIIQhtfywYm5y0.L8bNMlXa-IO-4X5Hol4hs6ZuXpp2oqN1k89ZY17MZus&dib_tag=se&keywords=tenis+de+corrida&qid=1761925736&sprefix=tenis+de+corrida%2Caps%2C739&sr=8-282&ufe=app_do%3Aamzn1.fos.25548f35-0de7-44b3-b28e-0f56f3f96147&xpid=ERuU6uEzXaAxz
,Corrida de Rua,,2025-10-31,,,Disponível,,Amazon,Olympikus,Poliéster,"Tênis Olympikus Corre Max, Tênis de Corrida",,899.99,,,,,Cadarço,Borracha,https://m.media-amazon.com/images/I/71W321A-gmL._AC_SY395_SX395_QL70_ML2_.jpg,https://www.amazon.com.br/T%C3%AAnis-Olympikus-Corrida-Adulto-Num%C3%A9rico/dp/B0FPC4DW47/ref=is_sr_s_dp_3?crid=DLJ5Z8MJX9ZM&dib=eyJ2IjoiMSJ9.4I-GuCzSc5xJGX7hj2hkhMg80-LghxaSxIJINCUBU9nw5NrP6tAVM14IgSwyUbZiGIfyjjl1sU05U38eXHZOet5yg4HOzV8C7ga7GecCUtEvLsknXaD3BAuO3ZBHz9g7uqADFqTniq8c6DGMIYQgkUNXiFiX538y9SqfwvG3_8Ts6qg37gREQ5IPuW0cUhOPvIFaFlc0nHSxt0zqQ9GXlUT3-jj8Ya9g-9x1-vZUVwKoNyxuxLjgMhCNdrTyv5WwnweWm1M-SeVOuz012iThQfGeNpXQrRIIQhtfywYm5y0.L8bNMlXa-IO-4X5Hol4hs6ZuXpp2oqN1k89ZY17MZus&dib_tag=se&keywords=tenis+de+corrida&qid=1761925736&sprefix=tenis+de+corrida%2Caps%2C739&sr=8-282&ufe=app_do%3Aamzn1.fos.25548f35-0de7-44b3-b28e-0f56f3f96147&xpid=ERuU6uEzXaAxz
,Corrida de Rua,,2025-10-31,,,Disponível,,Amazon,Olympikus,Poliéster,"Tênis Olympikus Corre Max, Tênis de Corrida",,899.99,37.15,,,,Cadarço,Borracha,https://m.media-amazon.com/images/I/71VOVGxbdqL._AC_SY395_SX395_QL70_ML2_.jpg,https://www.amazon.com.br/T%C3%AAnis-Olympikus-Corrida-Adulto-Num%C3%A9rico/dp/B0FQ22XTZZ/ref=is_sr_dp_2?crid=DLJ5Z8MJX9ZM&dib=eyJ2IjoiMSJ9.4I-GuCzSc5xJGX7hj2hkhMg80-LghxaSxIJINCUBU9nw5NrP6tAVM14IgSwyUbZiGIfyjjl1sU05U38eXHZOet5yg4HOzV8C7ga7GecCUtEvLsknXaD3BAuO3ZBHz9g7uqADFqTniq8c6DGMIYQgkUNXiFiX538y9SqfwvG3_8Ts6qg37gREQ5IPuW0cUhOPvIFaFlc0nHSxt0zqQ9GXlUT3-jj8Ya9g-9x1-vZUVwKoNyxuxLjgMhCNdrTyv5WwnweWm1M-SeVOuz012iThQfGeNpXQrRIIQhtfywYm5y0.L8bNMlXa-IO-4X5Hol4hs6ZuXpp2oqN1k89ZY17MZus&dib_tag=se&keywords=tenis+de+corrida&qid=1761925736&sprefix=tenis+de+corrida%2Caps%2C739&sr=8-282&ufe=app_do%3Aamzn1.fos.25548f35-0de7-44b3-b28e-0f56f3f96147&xpid=ERuU6uEzXaAxz
,Corrida de Rua,,2025-10-31,,,Disponível,,Amazon,Olympikus,Poliéster,"Tênis Olympikus Corre Max, Tênis de Corrida",,512.9,37.15,,,,Cadarço,Borracha,https://m.media-amazon.com/images/I/41fVUN89iQL._AC_SY395_SX395_QL70_ML2_.jpg,https://www.amazon.com.br/T%C3%AAnis-Olympikus-Corrida-Adulto-Num%C3%A9rico/dp/B0FTDYKQ9V/ref=is_sr_dp_1?crid=DLJ5Z8MJX9ZM&dib=eyJ2IjoiMSJ9.4I-GuCzSc5xJGX7hj2hkhMg80-LghxaSxIJINCUBU9nw5NrP6tAVM14IgSwyUbZiGIfyjjl1sU05U38eXHZOet5yg4HOzV8C7ga7GecCUtEvLsknXaD3BAuO3ZBHz9g7uqADFqTniq8c6DGMIYQgkUNXiFiX538y9SqfwvG3_8Ts6qg37gREQ5IPuW0cUhOPvIFaFlc0nHSxt0zqQ9GXlUT3-jj8Ya9g-9x1-vZUVwKoNyxuxLjgMhCNdrTyv5WwnweWm1M-SeVOuz012iThQfGeNpXQrRIIQhtfywYm5y0.L8bNMlXa-IO-4X5Hol4hs6ZuXpp2oqN1k89ZY17MZus&dib_tag=se&keywords=tenis+de+corrida&qid=1761925736&sprefix=tenis+de+corrida%2Caps%2C739&sr=8-282&ufe=app_do%3Aamzn1.fos.25548f35-0de7-44b3-b28e-0f56f3f96147&xpid=ERuU6uEzXaAxz
,Corrida de Rua,,2025-10-31,,,Disponível,,Amazon,Olympikus,Poliéster,"Tênis Olympikus Corre Max, Tênis de Corrida",,512.9,37.15,,,,Cadarço,Borracha,https://m.media-amazon.com/images/I/41fVUN89iQL._AC_SY395_SX395_QL70_ML2_.jpg,https://www.amazon.com.br/T%C3%AAnis-Olympikus-Corrida-Adulto-Num%C3%A9rico/dp/B0FTDYKQ9V/ref=sr_1_282?crid=DLJ5Z8MJX9ZM&dib=eyJ2IjoiMSJ9.4I-GuCzSc5xJGX7hj2hkhMg80-LghxaSxIJINCUBU9nw5NrP6tAVM14IgSwyUbZiGIfyjjl1sU05U38eXHZOet5yg4HOzV8C7ga7GecCUtEvLsknXaD3BAuO3ZBHz9g7uqADFqTniq8c6DGMIYQgkUNXiFiX538y9SqfwvG3_8Ts6qg37gREQ5IPuW0cUhOPvIFaFlc0nHSxt0zqQ9GXlUT3-jj8Ya9g-9x1-vZUVwKoNyxuxLjgMhCNdrTyv5WwnweWm1M-SeVOuz012iThQfGeNpXQrRIIQhtfywYm5y0.L8bNMlXa-IO-4X5Hol4hs6ZuXpp2oqN1k89ZY17MZus&dib_tag=se&keywords=tenis+de+corrida&qid=1761925736&sprefix=tenis+de+corrida%2Caps%2C739&sr=8-282&ufe=app_do%3Aamzn1.fos.25548f35-0de7-44b3-b28e-0f56f3f96147&xpid=ERuU6uEzXaAxz
4.0,Tênis para Academia,,2025-10-31,12.51,,Disponível,Feminino,Amazon,Genérico,Nylon,"Kit Tênis Feminino Leve + Relógio Digital — Conforto, Estilo & Praticidade para Academia e Caminhada",,118.8712,135.87,2,,,Cadarço,Borracha,https://m.media-amazon.com/images/I/61UnG2OsxmL._AC_SY395_SX395_QL70_ML2_.jpg,https://www.amazon.com.br/T%C3%AAnis-Feminino-Confort%C3%A1vel-Rel%C3%B3gio-Digital/dp/B0FQPNQVMX/ref=is_sr_s_dp_2?crid=DLJ5Z8MJX9ZM&dib=eyJ2IjoiMSJ9.4I-GuCzSc5xJGX7hj2hkhMg80-LghxaSxIJINCUBU9nw5NrP6tAVM14IgSwyUbZiGIfyjjl1sU05U38eXHZOet5yg4HOzV8C7ga7GecCUtEvLsknXaD3BAuO3ZBHz9g7uqADFqTniq8c6DGMIYQgkUNXiFiX538y9SqfwvG3_8Ts6qg37gREQ5IPuW0cUhOPvIFaFlc0nHSxt0zqQ9GXlUT3-jj8Ya9g-9x1-vZUVwKoNyxuxLjgMhCNdrTyv5WwnweWm1M-SeVOuz012iThQfGeNpXQrRIIQhtfywYm5y0.L8bNMlXa-IO-4X5Hol4hs6ZuXpp2oqN1k89ZY17MZus&dib_tag=se&keywords=tenis+de+corrida&qid=1761925736&sprefix=tenis+de+corrida%2Caps%2C739&sr=8-281&ufe=app_do%3Aamzn1.fos.6121c6c4-c969-43ae-92f7-cc248fc6181d&xpid=ERuU6uEzXaAxz
4.2,Corrida de Rua,,2025-10-31,,,Disponível,,Amazon,Tryd,Nylon,Tênis Para Treino Academia Caminhada Corrida Tryd 5400 Leve,,70.99,37.15,35,,,Cadarço,Acetato vinilo de etileno,https://m.media-amazon.com/images/I/814iqi94fBL._AC_SY395_SX395_QL70_ML2_.jpg,https://www.amazon.com.br/Academia-Caminhada-Tryd-5400-Num%C3%A9rico/dp/B0D9MLS426/ref=is_sr_dp_n?crid=DLJ5Z8MJX9ZM&dib=eyJ2IjoiMSJ9.4I-GuCzSc5xJGX7hj2hkhMg80-LghxaSxIJINCUBU9nw5NrP6tAVM14IgSwyUbZiGIfyjjl1sU05U38eXHZOet5yg4HOzV8C7ga7GecCUtEvLsknXaD3BAuO3ZBHz9g7uqADFqTniq8c6DGMIYQgkUNXiFiX538y9SqfwvG3_8Ts6qg37gREQ5IPuW0cUhOPvIFaFlc0nHSxt0zqQ9GXlUT3-jj8Ya9g-9x1-vZUVwKoNyxuxLjgMhCNdrTyv5WwnweWm1M-SeVOuz012iThQfGeNpXQrRIIQhtfywYm5y0.L8bNMlXa-IO-4X5Hol4hs6ZuXpp2oqN1k89ZY17MZus&dib_tag=se&keywords=tenis+de+corrida&qid=1761925736&sprefix=tenis+de+corrida%2Caps%2C739&sr=8-280&ufe=app_do%3Aamzn1.fos.6d798eae-cadf-45de-946a-f477d47705b9&xpid=ERuU6uEzXaAxz
4.2,Tênis Casuais,,2025-10-31,,,Disponível,,Amazon,Tryd,Nylon,Tênis Para Treino Academia Caminhada Corrida Tryd 5400 Leve,,70.99,37.15,35,,,Cadarço,Acetato vinilo de etileno,https://m.media-amazon.com/images/I/81EIL61-tOL._AC_SY395_SX395_QL70_ML2_.jpg,https://www.amazon.com.br/Academia-Caminhada-Tryd-5400-Num%C3%A9rico/dp/B0D9P9L3B3/ref=is_sr_dp_5?crid=DLJ5Z8MJX9ZM&dib=eyJ2IjoiMSJ9.4I-GuCzSc5xJGX7hj2hkhMg80-LghxaSxIJINCUBU9nw5NrP6tAVM14IgSwyUbZiGIfyjjl1sU05U38eXHZOet5yg4HOzV8C7ga7GecCUtEvLsknXaD3BAuO3ZBHz9g7uqADFqTniq8c6DGMIYQgkUNXiFiX538y9SqfwvG3_8Ts6qg37gREQ5IPuW0cUhOPvIFaFlc0nHSxt0zqQ9GXlUT3-jj8Ya9g-9x1-vZUVwKoNyxuxLjgMhCNdrTyv5WwnweWm1M-SeVOuz012iThQfGeNpXQrRIIQhtfywYm5y0.L8bNMlXa-IO-4X5Hol4hs6ZuXpp2oqN1k89ZY17MZus&dib_tag=se&keywords=tenis+de+corrida&qid=1761925736&sprefix=tenis+de+corrida%2Caps%2C739&sr=8-280&ufe=app_do%3Aamzn1.fos.6d798eae-cadf-45de-946a-f477d47705b9&xpid=ERuU6uEzXaAxz
4.2,Tênis Casuais,,2025-10-31,,,Disponível,,Amazon,Tryd,Nylon,Tênis Para Treino Academia Caminhada Corrida Tryd 5400 Leve,,70.99,37.15,35,,,Cadarço,Sintético,https://m.media-amazon.com/images/I/81YuTf7VKYL._AC_SY395_SX395_QL70_ML2_.jpg,https://www.amazon.com.br/Academia-Caminhada-Tryd-5400-Num%C3%A9rico/dp/B0D9MRBYRB/ref=is_sr_dp_4?crid=DLJ5Z8MJX9ZM&dib=eyJ2IjoiMSJ9.4I-GuCzSc5xJGX7hj2hkhMg80-LghxaSxIJINCUBU9nw5NrP6tAVM14IgSwyUbZiGIfyjjl1sU05U38eXHZOet5yg4HOzV8C7ga7GecCUtEvLsknXaD3BAuO3ZBHz9g7uqADFqTniq8c6DGMIYQgkUNXiFiX538y9SqfwvG3_8Ts6qg37gREQ5IPuW0cUhOPvIFaFlc0nHSxt0zqQ9GXlUT3-jj8Ya9g-9x1-vZUVwKoNyxuxLjgMhCNdrTyv5WwnweWm1M-SeVOuz012iThQfGeNpXQrRIIQhtfywYm5y0.L8bNMlXa-IO-4X5Hol4hs6ZuXpp2oqN1k89ZY17MZus&dib_tag=se&keywords=tenis+de+corrida&qid=1761925736&sprefix=tenis+de+corrida%2Caps%2C739&sr=8-280&ufe=app_do%3Aamzn1.fos.6d798eae-cadf-45de-946a-f477d47705b9&xpid=ERuU6uEzXaAxz
4.2,Tênis Casuais,,2025-10-31,,,Disponível,,Amazon,Tryd,Nylon,Tênis Para Treino Academia Caminhada Corrida Tryd 5400 Leve,,70.99,37.15,35,,,Cadarço,Borracha,https://m.media-amazon.com/images/I/81b2D6skCxL._AC_SY395_SX395_QL70_ML2_.jpg,https://www.amazon.com.br/Academia-Caminhada-Tryd-5400-Num%C3%A9rico/dp/B0D9P49ZZH/ref=is_sr_dp_2?crid=DLJ5Z8MJX9ZM&dib=eyJ2IjoiMSJ9.4I-GuCzSc5xJGX7hj2hkhMg80-LghxaSxIJINCUBU9nw5NrP6tAVM14IgSwyUbZiGIfyjjl1sU05U38eXHZOet5yg4HOzV8C7ga7GecCUtEvLsknXaD3BAuO3ZBHz9g7uqADFqTniq8c6DGMIYQgkUNXiFiX538y9SqfwvG3_8Ts6qg37gREQ5IPuW0cUhOPvIFaFlc0nHSxt0zqQ9GXlUT3-jj8Ya9g-9x1-vZUVwKoNyxuxLjgMhCNdrTyv5WwnweWm1M-SeVOuz012iThQfGeNpXQrRIIQhtfywYm5y0.L8bNMlXa-IO-4X5Hol4hs6ZuXpp2oqN1k89ZY17MZus&dib_tag=se&keywords=tenis+de+corrida&qid=1761925736&sprefix=tenis+de+corrida%2Caps%2C739&sr=8-280&ufe=app_do%3Aamzn1.fos.6d798eae-cadf-45de-946a-f477d47705b9&xpid=ERuU6uEzXaAxz
4.2,Corrida de Rua,,2025-10-31,,,Disponível,,Amazon,Tryd,Nylon,Tênis Para Treino Academia Caminhada Corrida Tryd 5400 Leve,,70.99,,35,,,Cadarço,Acetato vinilo de etileno,https://m.media-amazon.com/images/I/814iqi94fBL._AC_SY395_SX395_QL70_ML2_.jpg,https://www.amazon.com.br/Academia-Caminhada-Tryd-5400-Num%C3%A9rico/dp/B0D9MLS426/ref=is_sr_dp_1?crid=DLJ5Z8MJX9ZM&dib=eyJ2IjoiMSJ9.4I-GuCzSc5xJGX7hj2hkhMg80-LghxaSxIJINCUBU9nw5NrP6tAVM14IgSwyUbZiGIfyjjl1sU05U38eXHZOet5yg4HOzV8C7ga7GecCUtEvLsknXaD3BAuO3ZBHz9g7uqADFqTniq8c6DGMIYQgkUNXiFiX538y9SqfwvG3_8Ts6qg37gREQ5IPuW0cUhOPvIFaFlc0nHSxt0zqQ9GXlUT3-jj8Ya9g-9x1-vZUVwKoNyxuxLjgMhCNdrTyv5WwnweWm1M-SeVOuz012iThQfGeNpXQrRIIQhtfywYm5y0.L8bNMlXa-IO-4X5Hol4hs6ZuXpp2oqN1k89ZY17MZus&dib_tag=se&keywords=tenis+de+corrida&qid=1761925736&sprefix=tenis+de+corrida%2Caps%2C739&sr=8-280&ufe=app_do%3Aamzn1.fos.6d798eae-cadf-45de-946a-f477d47705b9&xpid=ERuU6uEzXaAxz
4.2,Corrida de Rua,,2025-10-31,,,Disponível,,Amazon,Tryd,Nylon,Tênis Para Treino Academia Caminhada Corrida Tryd 5400 Leve,,70.99,37.15,35,,,Cadarço,Acetato vinilo de etileno,https://m.media-amazon.com/images/I/814iqi94fBL._AC_SY395_SX395_QL70_ML2_.jpg,https://www.amazon.com.br/Academia-Caminhada-Tryd-5400-Num%C3%A9rico/dp/B0D9MLS426/ref=sr_1_280?crid=DLJ5Z8MJX9ZM&dib=eyJ2IjoiMSJ9.4I-GuCzSc5xJGX7hj2hkhMg80-LghxaSxIJINCUBU9nw5NrP6tAVM14IgSwyUbZiGIfyjjl1sU05U38eXHZOet5yg4HOzV8C7ga7GecCUtEvLsknXaD3BAuO3ZBHz9g7uqADFqTniq8c6DGMIYQgkUNXiFiX538y9SqfwvG3_8Ts6qg37gREQ5IPuW0cUhOPvIFaFlc0nHSxt0zqQ9GXlUT3-jj8Ya9g-9x1-vZUVwKoNyxuxLjgMhCNdrTyv5WwnweWm1M-SeVOuz012iThQfGeNpXQrRIIQhtfywYm5y0.L8bNMlXa-IO-4X5Hol4hs6ZuXpp2oqN1k89ZY17MZus&dib_tag=se&keywords=tenis+de+corrida&qid=1761925736&sprefix=tenis+de+corrida%2Caps%2C739&sr=8-280&ufe=app_do%3Aamzn1.fos.6d798eae-cadf-45de-946a-f477d47705b9&xpid=ERuU6uEzXaAxz
4.8,Tênis Casuais,,2025-10-31,,,Verificar disponibilidade,,Amazon,Under Armour,Poliéster,Tênis de Corrida Under Armour Charged Great,,1099.9,37.15,5,,,Cadarço,Borracha,https://m.media-amazon.com/images/I/51ER-QzOxrL._AC_SY395_SX395_QL70_ML2_.jpg,https://www.amazon.com.br/T%C3%AAnis-Masculino-Under-Armour-Great/dp/B0DFYX7MB4/ref=is_sr_s_dp_6?crid=DLJ5Z8MJX9ZM&dib=eyJ2IjoiMSJ9.4I-GuCzSc5xJGX7hj2hkhMg80-LghxaSxIJINCUBU9nw5NrP6tAVM14IgSwyUbZiGIfyjjl1sU05U38eXHZOet5yg4HOzV8C7ga7GecCUtEvLsknXaD3BAuO3ZBHz9g7uqADFqTniq8c6DGMIYQgkUNXiFiX538y9SqfwvG3_8Ts6qg37gREQ5IPuW0cUhOPvIFaFlc0nHSxt0zqQ9GXlUT3-jj8Ya9g-9x1-vZUVwKoNyxuxLjgMhCNdrTyv5WwnweWm1M-SeVOuz012iThQfGeNpXQrRIIQhtfywYm5y0.L8bNMlXa-IO-4X5Hol4hs6ZuXpp2oqN1k89ZY17MZus&dib_tag=se&keywords=tenis+de+corrida&qid=1761925736&sprefix=tenis+de+corrida%2Caps%2C739&sr=8-279&ufe=app_do%3Aamzn1.fos.fcd6d665-32ba-4479-9f21-b774e276a678&xpid=ERuU6uEzXaAxz
4.8,Corrida de Rua,,2025-10-31,,,Disponível,,Amazon,Under Armour,Sintético,Tênis de Corrida Under Armour Charged Great,,299.98,37.15,5,,,Cadarço,Borracha,https://m.media-amazon.com/images/I/51XCPXzjjXL._AC_SY395_SX395_QL70_ML2_.jpg,https://www.amazon.com.br/T%C3%AAnis-Masculino-Under-Armour-Great/dp/B0DHSM4BMC/ref=is_sr_s_dp_1?crid=DLJ5Z8MJX9ZM&dib=eyJ2IjoiMSJ9.4I-GuCzSc5xJGX7hj2hkhMg80-LghxaSxIJINCUBU9nw5NrP6tAVM14IgSwyUbZiGIfyjjl1sU05U38eXHZOet5yg4HOzV8C7ga7GecCUtEvLsknXaD3BAuO3ZBHz9g7uqADFqTniq8c6DGMIYQgkUNXiFiX538y9SqfwvG3_8Ts6qg37gREQ5IPuW0cUhOPvIFaFlc0nHSxt0zqQ9GXlUT3-jj8Ya9g-9x1-vZUVwKoNyxuxLjgMhCNdrTyv5WwnweWm1M-SeVOuz012iThQfGeNpXQrRIIQhtfywYm5y0.L8bNMlXa-IO-4X5Hol4hs6ZuXpp2oqN1k89ZY17MZus&dib_tag=se&keywords=tenis+de+corrida&qid=1761925736&sprefix=tenis+de+corrida%2Caps%2C739&sr=8-279&ufe=app_do%3Aamzn1.fos.fcd6d665-32ba-4479-9f21-b774e276a678&xpid=ERuU6uEzXaAxz
4.8,Corrida de Rua,,2025-10-31,,,Disponível,,Amazon,Under Armour,Sintético,Tênis de Corrida Under Armour Charged Great,,299.98,37.15,5,,,Cadarço,Borracha,https://m.media-amazon.com/images/I/51XCPXzjjXL._AC_SY395_SX395_QL70_ML2_.jpg,https://www.amazon.com.br/T%C3%AAnis-Masculino-Under-Armour-Great/dp/B0DHSM4BMC/ref=sr_1_279?crid=DLJ5Z8MJX9ZM&dib=eyJ2IjoiMSJ9.4I-GuCzSc5xJGX7hj2hkhMg80-LghxaSxIJINCUBU9nw5NrP6tAVM14IgSwyUbZiGIfyjjl1sU05U38eXHZOet5yg4HOzV8C7ga7GecCUtEvLsknXaD3BAuO3ZBHz9g7uqADFqTniq8c6DGMIYQgkUNXiFiX538y9SqfwvG3_8Ts6qg37gREQ5IPuW0cUhOPvIFaFlc0nHSxt0zqQ9GXlUT3-jj8Ya9g-9x1-vZUVwKoNyxuxLjgMhCNdrTyv5WwnweWm1M-SeVOuz012iThQfGeNpXQrRIIQhtfywYm5y0.L8bNMlXa-IO-4X5Hol4hs6ZuXpp2oqN1k89ZY17MZus&dib_tag=se&keywords=tenis+de+corrida&qid=1761925736&sprefix=tenis+de+corrida%2Caps%2C739&sr=8-279&ufe=app_do%3Aamzn1.fos.fcd6d665-32ba-4479-9f21-b774e276a678&xpid=ERuU6uEzXaAxz
3.8,Tênis para Academia,,2025-10-31,,,Disponível,Feminino,Amazon,Genérico,Nylon,Kit Tênis Feminino para Caminhada Academia + Relógio Smartwatch Leve e Confortável,,125.0,37.15,6,,,Cadarço,Borracha,https://m.media-amazon.com/images/I/61c6LDieKML._AC_SY395_SX395_QL70_ML2_.jpg,https://www.amazon.com.br/T%C3%AAnis-Feminino-Confort%C3%A1vel-Rel%C3%B3gio-Digital/dp/B0FD88CSK8/ref=is_sr_s_dp_2?crid=DLJ5Z8MJX9ZM&dib=eyJ2IjoiMSJ9.4I-GuCzSc5xJGX7hj2hkhMg80-LghxaSxIJINCUBU9nw5NrP6tAVM14IgSwyUbZiGIfyjjl1sU05U38eXHZOet5yg4HOzV8C7ga7GecCUtEvLsknXaD3BAuO3ZBHz9g7uqADFqTniq8c6DGMIYQgkUNXiFiX538y9SqfwvG3_8Ts6qg37gREQ5IPuW0cUhOPvIFaFlc0nHSxt0zqQ9GXlUT3-jj8Ya9g-9x1-vZUVwKoNyxuxLjgMhCNdrTyv5WwnweWm1M-SeVOuz012iThQfGeNpXQrRIIQhtfywYm5y0.L8bNMlXa-IO-4X5Hol4hs6ZuXpp2oqN1k89ZY17MZus&dib_tag=se&keywords=tenis+de+corrida&qid=1761925736&sprefix=tenis+de+corrida%2Caps%2C739&sr=8-278&ufe=app_do%3Aamzn1.fos.6a09f7ec-d911-4889-ad70-de8dd83c8a74&xpid=ERuU6uEzXaAxz
3.8,Tênis para Academia,,2025-10-31,,,Disponível,Feminino,Amazon,Genérico,Nylon,Kit Tênis Feminino para Caminhada Academia + Relógio Smartwatch Leve e Confortável,,125.0,37.15,6,,,Cadarço,Borracha,https://m.media-amazon.com/images/I/61BznPAv9nL._AC_SY395_SX395_QL70_ML2_.jpg,https://www.amazon.com.br/T%C3%AAnis-Feminino-Confort%C3%A1vel-Rel%C3%B3gio-Digital/dp/B0FD88LTCB/ref=is_sr_s_dp_1?crid=DLJ5Z8MJX9ZM&dib=eyJ2IjoiMSJ9.4I-GuCzSc5xJGX7hj2hkhMg80-LghxaSxIJINCUBU9nw5NrP6tAVM14IgSwyUbZiGIfyjjl1sU05U38eXHZOet5yg4HOzV8C7ga7GecCUtEvLsknXaD3BAuO3ZBHz9g7uqADFqTniq8c6DGMIYQgkUNXiFiX538y9SqfwvG3_8Ts6qg37gREQ5IPuW0cUhOPvIFaFlc0nHSxt0zqQ9GXlUT3-jj8Ya9g-9x1-vZUVwKoNyxuxLjgMhCNdrTyv5WwnweWm1M-SeVOuz012iThQfGeNpXQrRIIQhtfywYm5y0.L8bNMlXa-IO-4X5Hol4hs6ZuXpp2oqN1k89ZY17MZus&dib_tag=se&keywords=tenis+de+corrida&qid=1761925736&sprefix=tenis+de+corrida%2Caps%2C739&sr=8-278&ufe=app_do%3Aamzn1.fos.6a09f7ec-d911-4889-ad70-de8dd83c8a74&xpid=ERuU6uEzXaAxz
3.8,Tênis para Academia,,2025-10-31,,,Disponível,Feminino,Amazon,Genérico,Nylon,Kit Tênis Feminino para Caminhada Academia + Relógio Smartwatch Leve e Confortável,,125.0,,6,,,Cadarço,Borracha,https://m.media-amazon.com/images/I/61BznPAv9nL._AC_SY395_SX395_QL70_ML2_.jpg,https://www.amazon.com.br/T%C3%AAnis-Feminino-Confort%C3%A1vel-Rel%C3%B3gio-Digital/dp/B0FD88LTCB/ref=sr_1_278?crid=DLJ5Z8MJX9ZM&dib=eyJ2IjoiMSJ9.4I-GuCzSc5xJGX7hj2hkhMg80-LghxaSxIJINCUBU9nw5NrP6tAVM14IgSwyUbZiGIfyjjl1sU05U38eXHZOet5yg4HOzV8C7ga7GecCUtEvLsknXaD3BAuO3ZBHz9g7uqADFqTniq8c6DGMIYQgkUNXiFiX538y9SqfwvG3_8Ts6qg37gREQ5IPuW0cUhOPvIFaFlc0nHSxt0zqQ9GXlUT3-jj8Ya9g-9x1-vZUVwKoNyxuxLjgMhCNdrTyv5WwnweWm1M-SeVOuz012iThQfGeNpXQrRIIQhtfywYm5y0.L8bNMlXa-IO-4X5Hol4hs6ZuXpp2oqN1k89ZY17MZus&dib_tag=se&keywords=tenis+de+corrida&qid=1761925736&sprefix=tenis+de+corrida%2Caps%2C739&sr=8-278&ufe=app_do%3Aamzn1.fos.6a09f7ec-d911-4889-ad70-de8dd83c8a74&xpid=ERuU6uEzXaAxz
4.2,Corrida em Trilhas,,2025-10-31,,,Disponível,Masculino,Amazon,Genérico,Nylon,Tênis Extremecross Speed Trekking Trilha Academia Corrida Ciclismo Trava Cross Masculino Feminino T-Shoes,,194.9,37.15,17,,,Elástico,Borracha,https://m.media-amazon.com/images/I/71ZlPAROTFL._AC_SY395_SX395_QL70_ML2_.jpg,https://www.amazon.com.br/Extremecross-Trekking-Academia-CIclismo-Masculino/dp/B0DJFYZW67/ref=is_sr_dp_5?crid=DLJ5Z8MJX9ZM&dib=eyJ2IjoiMSJ9.4I-GuCzSc5xJGX7hj2hkhMg80-LghxaSxIJINCUBU9nw5NrP6tAVM14IgSwyUbZiGIfyjjl1sU05U38eXHZOet5yg4HOzV8C7ga7GecCUtEvLsknXaD3BAuO3ZBHz9g7uqADFqTniq8c6DGMIYQgkUNXiFiX538y9SqfwvG3_8Ts6qg37gREQ5IPuW0cUhOPvIFaFlc0nHSxt0zqQ9GXlUT3-jj8Ya9g-9x1-vZUVwKoNyxuxLjgMhCNdrTyv5WwnweWm1M-SeVOuz012iThQfGeNpXQrRIIQhtfywYm5y0.L8bNMlXa-IO-4X5Hol4hs6ZuXpp2oqN1k89ZY17MZus&dib_tag=se&keywords=tenis+de+corrida&qid=1761925736&sprefix=tenis+de+corrida%2Caps%2C739&sr=8-277&ufe=app_do%3Aamzn1.fos.fcd6d665-32ba-4479-9f21-b774e276a678&xpid=ERuU6uEzXaAxz
4.2,Corrida em Trilhas,,2025-10-31,,,Disponível,Masculino,Amazon,Genérico,Nylon,Tênis Extremecross Speed Trekking Trilha Academia Corrida Ciclismo Trava Cross Masculino Feminino T-Shoes,,194.9,,17,,,Elástico,Borracha,https://m.media-amazon.com/images/I/61Ny2z29g0L._AC_SY395_SX395_QL70_ML2_.jpg,https://www.amazon.com.br/Extremecross-Trekking-Academia-CIclismo-Masculino/dp/B0DJFY29WB/ref=is_sr_dp_4?crid=DLJ5Z8MJX9ZM&dib=eyJ2IjoiMSJ9.4I-GuCzSc5xJGX7hj2hkhMg80-LghxaSxIJINCUBU9nw5NrP6tAVM14IgSwyUbZiGIfyjjl1sU05U38eXHZOet5yg4HOzV8C7ga7GecCUtEvLsknXaD3BAuO3ZBHz9g7uqADFqTniq8c6DGMIYQgkUNXiFiX538y9SqfwvG3_8Ts6qg37gREQ5IPuW0cUhOPvIFaFlc0nHSxt0zqQ9GXlUT3-jj8Ya9g-9x1-vZUVwKoNyxuxLjgMhCNdrTyv5WwnweWm1M-SeVOuz012iThQfGeNpXQrRIIQhtfywYm5y0.L8bNMlXa-IO-4X5Hol4hs6ZuXpp2oqN1k89ZY17MZus&dib_tag=se&keywords=tenis+de+corrida&qid=1761925736&sprefix=tenis+de+corrida%2Caps%2C739&sr=8-277&ufe=app_do%3Aamzn1.fos.fcd6d665-32ba-4479-9f21-b774e276a678&xpid=ERuU6uEzXaAxz
4.2,Corrida em Trilhas,,2025-10-31,,,Disponível,Masculino,Amazon,Genérico,Nylon,Tênis Extremecross Speed Trekking Trilha Academia Corrida Ciclismo Trava Cross Masculino Feminino T-Shoes,,194.9,37.15,17,,,Elástico,Borracha,https://m.media-amazon.com/images/I/6177J5AoTXL._AC_SY395_SX395_QL70_ML2_.jpg,https://www.amazon.com.br/Extremecross-Trekking-Academia-CIclismo-Masculino/dp/B0DJFVQ4ZD/ref=is_sr_dp_3?crid=DLJ5Z8MJX9ZM&dib=eyJ2IjoiMSJ9.4I-GuCzSc5xJGX7hj2hkhMg80-LghxaSxIJINCUBU9nw5NrP6tAVM14IgSwyUbZiGIfyjjl1sU05U38eXHZOet5yg4HOzV8C7ga7GecCUtEvLsknXaD3BAuO3ZBHz9g7uqADFqTniq8c6DGMIYQgkUNXiFiX538y9SqfwvG3_8Ts6qg37gREQ5IPuW0cUhOPvIFaFlc0nHSxt0zqQ9GXlUT3-jj8Ya9g-9x1-vZUVwKoNyxuxLjgMhCNdrTyv5WwnweWm1M-SeVOuz012iThQfGeNpXQrRIIQhtfywYm5y0.L8bNMlXa-IO-4X5Hol4hs6ZuXpp2oqN1k89ZY17MZus&dib_tag=se&keywords=tenis+de+corrida&qid=1761925736&sprefix=tenis+de+corrida%2Caps%2C739&sr=8-277&ufe=app_do%3Aamzn1.fos.fcd6d665-32ba-4479-9f21-b774e276a678&xpid=ERuU6uEzXaAxz
4.2,Corrida em Trilhas,,2025-10-31,,,Disponível,Masculino,Amazon,Genérico,Nylon,Tênis Extremecross Speed Trekking Trilha Academia Corrida Ciclismo Trava Cross Masculino Feminino T-Shoes,,194.9,37.15,17,,,Elástico,Borracha,https://m.media-amazon.com/images/I/61dk4NjuyLL._AC_SY395_SX395_QL70_ML2_.jpg,https://www.amazon.com.br/Extremecross-Trekking-Academia-CIclismo-Masculino/dp/B0DJFYP1RM/ref=is_sr_dp_2?crid=DLJ5Z8MJX9ZM&dib=eyJ2IjoiMSJ9.4I-GuCzSc5xJGX7hj2hkhMg80-LghxaSxIJINCUBU9nw5NrP6tAVM14IgSwyUbZiGIfyjjl1sU05U38eXHZOet5yg4HOzV8C7ga7GecCUtEvLsknXaD3BAuO3ZBHz9g7uqADFqTniq8c6DGMIYQgkUNXiFiX538y9SqfwvG3_8Ts6qg37gREQ5IPuW0cUhOPvIFaFlc0nHSxt0zqQ9GXlUT3-jj8Ya9g-9x1-vZUVwKoNyxuxLjgMhCNdrTyv5WwnweWm1M-SeVOuz012iThQfGeNpXQrRIIQhtfywYm5y0.L8bNMlXa-IO-4X5Hol4hs6ZuXpp2oqN1k89ZY17MZus&dib_tag=se&keywords=tenis+de+corrida&qid=1761925736&sprefix=tenis+de+corrida%2Caps%2C739&sr=8-277&ufe=app_do%3Aamzn1.fos.fcd6d665-32ba-4479-9f21-b774e276a678&xpid=ERuU6uEzXaAxz
4.2,Corrida em Trilhas,,2025-10-31,,,Disponível,Masculino,Amazon,Genérico,Nylon,Tênis Extremecross Speed Trekking Trilha Academia Corrida Ciclismo Trava Cross Masculino Feminino T-Shoes,,194.9,37.15,17,,,Elástico,Borracha,https://m.media-amazon.com/images/I/61A5guH5ehL._AC_SY395_SX395_QL70_ML2_.jpg,https://www.amazon.com.br/Extremecross-Trekking-Academia-CIclismo-Masculino/dp/B0DJFX558G/ref=is_sr_s_dp_1?crid=DLJ5Z8MJX9ZM&dib=eyJ2IjoiMSJ9.4I-GuCzSc5xJGX7hj2hkhMg80-LghxaSxIJINCUBU9nw5NrP6tAVM14IgSwyUbZiGIfyjjl1sU05U38eXHZOet5yg4HOzV8C7ga7GecCUtEvLsknXaD3BAuO3ZBHz9g7uqADFqTniq8c6DGMIYQgkUNXiFiX538y9SqfwvG3_8Ts6qg37gREQ5IPuW0cUhOPvIFaFlc0nHSxt0zqQ9GXlUT3-jj8Ya9g-9x1-vZUVwKoNyxuxLjgMhCNdrTyv5WwnweWm1M-SeVOuz012iThQfGeNpXQrRIIQhtfywYm5y0.L8bNMlXa-IO-4X5Hol4hs6ZuXpp2oqN1k89ZY17MZus&dib_tag=se&keywords=tenis+de+corrida&qid=1761925736&sprefix=tenis+de+corrida%2Caps%2C739&sr=8-277&ufe=app_do%3Aamzn1.fos.fcd6d665-32ba-4479-9f21-b774e276a678&xpid=ERuU6uEzXaAxz
4.2,Corrida em Trilhas,,2025-10-31,,,Disponível,Masculino,Amazon,Genérico,Nylon,Tênis Extremecross Speed Trekking Trilha Academia Corrida Ciclismo Trava Cross Masculino Feminino T-Shoes,,194.9,,17,,,Elástico,Borracha,https://m.media-amazon.com/images/I/61A5guH5ehL._AC_SY395_SX395_QL70_ML2_.jpg,https://www.amazon.com.br/Extremecross-Trekking-Academia-CIclismo-Masculino/dp/B0DJFX558G/ref=sr_1_277?crid=DLJ5Z8MJX9ZM&dib=eyJ2IjoiMSJ9.4I-GuCzSc5xJGX7hj2hkhMg80-LghxaSxIJINCUBU9nw5NrP6tAVM14IgSwyUbZiGIfyjjl1sU05U38eXHZOet5yg4HOzV8C7ga7GecCUtEvLsknXaD3BAuO3ZBHz9g7uqADFqTniq8c6DGMIYQgkUNXiFiX538y9SqfwvG3_8Ts6qg37gREQ5IPuW0cUhOPvIFaFlc0nHSxt0zqQ9GXlUT3-jj8Ya9g-9x1-vZUVwKoNyxuxLjgMhCNdrTyv5WwnweWm1M-SeVOuz012iThQfGeNpXQrRIIQhtfywYm5y0.L8bNMlXa-IO-4X5Hol4hs6ZuXpp2oqN1k89ZY17MZus&dib_tag=se&keywords=tenis+de+corrida&qid=1761925736&sprefix=tenis+de+corrida%2Caps%2C739&sr=8-277&ufe=app_do%3Aamzn1.fos.fcd6d665-32ba-4479-9f21-b774e276a678&xpid=ERuU6uEzXaAxz
4.1,Tênis Casuais,,2025-10-31,,,Disponível,Feminino,Amazon,Linenghs,Acetato vinilo de etileno (EVA),Tênis Linenghs Dk222w feminino,,176.09,37.15,242,,,Pull on,Acetato vinilo de etileno,https://m.media-amazon.com/images/I/71E2dUErGPL._AC_SY395_SX395_QL70_ML2_.jpg,https://www.amazon.com.br/Linenghs-feminino-respir%C3%A1vel-academia-esportivo/dp/B0F1SXLHJL/ref=is_sr_s_dp_6?crid=DLJ5Z8MJX9ZM&dib=eyJ2IjoiMSJ9.4I-GuCzSc5xJGX7hj2hkhMg80-LghxaSxIJINCUBU9nw5NrP6tAVM14IgSwyUbZiGIfyjjl1sU05U38eXHZOet5yg4HOzV8C7ga7GecCUtEvLsknXaD3BAuO3ZBHz9g7uqADFqTniq8c6DGMIYQgkUNXiFiX538y9SqfwvG3_8Ts6qg37gREQ5IPuW0cUhOPvIFaFlc0nHSxt0zqQ9GXlUT3-jj8Ya9g-9x1-vZUVwKoNyxuxLjgMhCNdrTyv5WwnweWm1M-SeVOuz012iThQfGeNpXQrRIIQhtfywYm5y0.L8bNMlXa-IO-4X5Hol4hs6ZuXpp2oqN1k89ZY17MZus&dib_tag=se&keywords=tenis+de+corrida&qid=1761925736&sprefix=tenis+de+corrida%2Caps%2C739&sr=8-275&ufe=app_do%3Aamzn1.fos.fcd6d665-32ba-4479-9f21-b774e276a678&xpid=ERuU6uEzXaAxz
4.1,Corrida de Rua,,2025-10-31,,,Disponível,Feminino,Amazon,Linenghs,Acetato vinilo de etileno (EVA),Tênis Linenghs Dk222w feminino,,176.08,,242,,,Pull on,Acetato vinilo de etileno,https://m.media-amazon.com/images/I/71tB+-eOghL._AC_SY395_SX395_QL70_ML2_.jpg,https://www.amazon.com.br/Linenghs-feminino-respir%C3%A1vel-academia-esportivo/dp/B0DFWBY485/ref=is_sr_s_dp_5?crid=DLJ5Z8MJX9ZM&dib=eyJ2IjoiMSJ9.4I-GuCzSc5xJGX7hj2hkhMg80-LghxaSxIJINCUBU9nw5NrP6tAVM14IgSwyUbZiGIfyjjl1sU05U38eXHZOet5yg4HOzV8C7ga7GecCUtEvLsknXaD3BAuO3ZBHz9g7uqADFqTniq8c6DGMIYQgkUNXiFiX538y9SqfwvG3_8Ts6qg37gREQ5IPuW0cUhOPvIFaFlc0nHSxt0zqQ9GXlUT3-jj8Ya9g-9x1-vZUVwKoNyxuxLjgMhCNdrTyv5WwnweWm1M-SeVOuz012iThQfGeNpXQrRIIQhtfywYm5y0.L8bNMlXa-IO-4X5Hol4hs6ZuXpp2oqN1k89ZY17MZus&dib_tag=se&keywords=tenis+de+corrida&qid=1761925736&sprefix=tenis+de+corrida%2Caps%2C739&sr=8-275&ufe=app_do%3Aamzn1.fos.fcd6d665-32ba-4479-9f21-b774e276a678&xpid=ERuU6uEzXaAxz
4.1,Corrida de Rua,,2025-10-31,,,Disponível,Feminino,Amazon,Linenghs,Acetato vinilo de etileno (EVA),Tênis Linenghs Dk222w feminino,,171.9,37.15,242,,,Pull on,Acetato vinilo de etileno,https://m.media-amazon.com/images/I/71Ik22knnvL._AC_SY395_SX395_QL70_ML2_.jpg,https://www.amazon.com.br/Linenghs-feminino-respir%C3%A1vel-academia-esportivo/dp/B0DFW8ZMZ6/ref=is_sr_s_dp_4?crid=DLJ5Z8MJX9ZM&dib=eyJ2IjoiMSJ9.4I-GuCzSc5xJGX7hj2hkhMg80-LghxaSxIJINCUBU9nw5NrP6tAVM14IgSwyUbZiGIfyjjl1sU05U38eXHZOet5yg4HOzV8C7ga7GecCUtEvLsknXaD3BAuO3ZBHz9g7uqADFqTniq8c6DGMIYQgkUNXiFiX538y9SqfwvG3_8Ts6qg37gREQ5IPuW0cUhOPvIFaFlc0nHSxt0zqQ9GXlUT3-jj8Ya9g-9x1-vZUVwKoNyxuxLjgMhCNdrTyv5WwnweWm1M-SeVOuz012iThQfGeNpXQrRIIQhtfywYm5y0.L8bNMlXa-IO-4X5Hol4hs6ZuXpp2oqN1k89ZY17MZus&dib_tag=se&keywords=tenis+de+corrida&qid=1761925736&sprefix=tenis+de+corrida%2Caps%2C739&sr=8-275&ufe=app_do%3Aamzn1.fos.fcd6d665-32ba-4479-9f21-b774e276a678&xpid=ERuU6uEzXaAxz
4.1,Corrida de Rua,,2025-10-31,,,Disponível,Feminino,Amazon,Linenghs,Acetato vinilo de etileno (EVA),Tênis Linenghs Dk222w feminino,,184.68,,242,,,Pull on,Acetato vinilo de etileno,https://m.media-amazon.com/images/I/81WvU8k7ORL._AC_SY395_SX395_QL70_ML2_.jpg,https://www.amazon.com.br/Linenghs-feminino-respir%C3%A1vel-academia-esportivo/dp/B0DFW9B4P6/ref=is_sr_s_dp_3?crid=DLJ5Z8MJX9ZM&dib=eyJ2IjoiMSJ9.4I-GuCzSc5xJGX7hj2hkhMg80-LghxaSxIJINCUBU9nw5NrP6tAVM14IgSwyUbZiGIfyjjl1sU05U38eXHZOet5yg4HOzV8C7ga7GecCUtEvLsknXaD3BAuO3ZBHz9g7uqADFqTniq8c6DGMIYQgkUNXiFiX538y9SqfwvG3_8Ts6qg37gREQ5IPuW0cUhOPvIFaFlc0nHSxt0zqQ9GXlUT3-jj8Ya9g-9x1-vZUVwKoNyxuxLjgMhCNdrTyv5WwnweWm1M-SeVOuz012iThQfGeNpXQrRIIQhtfywYm5y0.L8bNMlXa-IO-4X5Hol4hs6ZuXpp2oqN1k89ZY17MZus&dib_tag=se&keywords=tenis+de+corrida&qid=1761925736&sprefix=tenis+de+corrida%2Caps%2C739&sr=8-275&ufe=app_do%3Aamzn1.fos.fcd6d665-32ba-4479-9f21-b774e276a678&xpid=ERuU6uEzXaAxz
4.1,Corrida de Rua,,2025-10-31,,,Disponível,Feminino,Amazon,Linenghs,Acetato vinilo de etileno (EVA),Tênis Linenghs Dk222w feminino,,176.0,37.15,242,,,Pull on,Acetato vinilo de etileno,https://m.media-amazon.com/images/I/61r5+VR9QXL._AC_SY395_SX395_QL70_ML2_.jpg,https://www.amazon.com.br/Linenghs-feminino-respir%C3%A1vel-academia-esportivo/dp/B0DFW9Y853/ref=is_sr_s_dp_2?crid=DLJ5Z8MJX9ZM&dib=eyJ2IjoiMSJ9.4I-GuCzSc5xJGX7hj2hkhMg80-LghxaSxIJINCUBU9nw5NrP6tAVM14IgSwyUbZiGIfyjjl1sU05U38eXHZOet5yg4HOzV8C7ga7GecCUtEvLsknXaD3BAuO3ZBHz9g7uqADFqTniq8c6DGMIYQgkUNXiFiX538y9SqfwvG3_8Ts6qg37gREQ5IPuW0cUhOPvIFaFlc0nHSxt0zqQ9GXlUT3-jj8Ya9g-9x1-vZUVwKoNyxuxLjgMhCNdrTyv5WwnweWm1M-SeVOuz012iThQfGeNpXQrRIIQhtfywYm5y0.L8bNMlXa-IO-4X5Hol4hs6ZuXpp2oqN1k89ZY17MZus&dib_tag=se&keywords=tenis+de+corrida&qid=1761925736&sprefix=tenis+de+corrida%2Caps%2C739&sr=8-275&ufe=app_do%3Aamzn1.fos.fcd6d665-32ba-4479-9f21-b774e276a678&xpid=ERuU6uEzXaAxz
4.1,Corrida de Rua,,2025-10-31,,,Disponível,Feminino,Amazon,Linenghs,Acetato vinilo de etileno (EVA),Tênis Linenghs Dk222w feminino,,180.4,37.15,242,,,Pull on,Acetato vinilo de etileno,https://m.media-amazon.com/images/I/71Wt+nNf5yL._AC_SY395_SX395_QL70_ML2_.jpg,https://www.amazon.com.br/Linenghs-feminino-respir%C3%A1vel-academia-esportivo/dp/B0DFWBPQ58/ref=is_sr_s_dp_1?crid=DLJ5Z8MJX9ZM&dib=eyJ2IjoiMSJ9.4I-GuCzSc5xJGX7hj2hkhMg80-LghxaSxIJINCUBU9nw5NrP6tAVM14IgSwyUbZiGIfyjjl1sU05U38eXHZOet5yg4HOzV8C7ga7GecCUtEvLsknXaD3BAuO3ZBHz9g7uqADFqTniq8c6DGMIYQgkUNXiFiX538y9SqfwvG3_8Ts6qg37gREQ5IPuW0cUhOPvIFaFlc0nHSxt0zqQ9GXlUT3-jj8Ya9g-9x1-vZUVwKoNyxuxLjgMhCNdrTyv5WwnweWm1M-SeVOuz012iThQfGeNpXQrRIIQhtfywYm5y0.L8bNMlXa-IO-4X5Hol4hs6ZuXpp2oqN1k89ZY17MZus&dib_tag=se&keywords=tenis+de+corrida&qid=1761925736&sprefix=tenis+de+corrida%2Caps%2C739&sr=8-275&ufe=app_do%3Aamzn1.fos.fcd6d665-32ba-4479-9f21-b774e276a678&xpid=ERuU6uEzXaAxz
4.1,Corrida de Rua,,2025-10-31,,,Disponível,Feminino,Amazon,Linenghs,Acetato vinilo de etileno (EVA),Tênis Linenghs Dk222w feminino,,180.4,37.15,242,,,Pull on,Acetato vinilo de etileno,https://m.media-amazon.com/images/I/71Wt+nNf5yL._AC_SY395_SX395_QL70_ML2_.jpg,https://www.amazon.com.br/Linenghs-feminino-respir%C3%A1vel-academia-esportivo/dp/B0DFWBPQ58/ref=sr_1_275?crid=DLJ5Z8MJX9ZM&dib=eyJ2IjoiMSJ9.4I-GuCzSc5xJGX7hj2hkhMg80-LghxaSxIJINCUBU9nw5NrP6tAVM14IgSwyUbZiGIfyjjl1sU05U38eXHZOet5yg4HOzV8C7ga7GecCUtEvLsknXaD3BAuO3ZBHz9g7uqADFqTniq8c6DGMIYQgkUNXiFiX538y9SqfwvG3_8Ts6qg37gREQ5IPuW0cUhOPvIFaFlc0nHSxt0zqQ9GXlUT3-jj8Ya9g-9x1-vZUVwKoNyxuxLjgMhCNdrTyv5WwnweWm1M-SeVOuz012iThQfGeNpXQrRIIQhtfywYm5y0.L8bNMlXa-IO-4X5Hol4hs6ZuXpp2oqN1k89ZY17MZus&dib_tag=se&keywords=tenis+de+corrida&qid=1761925736&sprefix=tenis+de+corrida%2Caps%2C739&sr=8-275&ufe=app_do%3Aamzn1.fos.fcd6d665-32ba-4479-9f21-b774e276a678&xpid=ERuU6uEzXaAxz
5.0,Corrida de Rua,,2025-10-31,,,Verificar disponibilidade,,Amazon,Olympikus,Têxtil,Tênis Olympikus Pride 4 37 Laranja,,1099.9,37.15,2,,,Cadarço,Borracha,https://m.media-amazon.com/images/I/51UWHzBxMKL._AC_SY395_SX395_QL70_ML2_.jpg,https://www.amazon.com.br/T%C3%AAnis-Olympikus-Pride-37-Laranja/dp/B0F1NJGCQT/ref=sr_1_274?crid=DLJ5Z8MJX9ZM&dib=eyJ2IjoiMSJ9.4I-GuCzSc5xJGX7hj2hkhMg80-LghxaSxIJINCUBU9nw5NrP6tAVM14IgSwyUbZiGIfyjjl1sU05U38eXHZOet5yg4HOzV8C7ga7GecCUtEvLsknXaD3BAuO3ZBHz9g7uqADFqTniq8c6DGMIYQgkUNXiFiX538y9SqfwvG3_8Ts6qg37gREQ5IPuW0cUhOPvIFaFlc0nHSxt0zqQ9GXlUT3-jj8Ya9g-9x1-vZUVwKoNyxuxLjgMhCNdrTyv5WwnweWm1M-SeVOuz012iThQfGeNpXQrRIIQhtfywYm5y0.L8bNMlXa-IO-4X5Hol4hs6ZuXpp2oqN1k89ZY17MZus&dib_tag=se&keywords=tenis+de+corrida&qid=1761925736&sprefix=tenis+de+corrida%2Caps%2C739&sr=8-274&xpid=ERuU6uEzXaAxz
4.6,Corrida de Rua,,2025-10-31,,,Disponível,Masculino,Amazon,NIKE,Malha,NIKE Tênis de corrida masculino Air Winflo 11,,599.99,37.15,71,,,Cadarço,Borracha,https://m.media-amazon.com/images/I/81IOFPa9aOL._AC_SX395_SY395_QL70_ML2_.jpg,https://www.amazon.com.br/NIKE-corrida-masculino-BRANCO-AZUL-B%C3%81LTICO/dp/B0D7YTCKGS/ref=sr_1_272?crid=DLJ5Z8MJX9ZM&dib=eyJ2IjoiMSJ9.4I-GuCzSc5xJGX7hj2hkhMg80-LghxaSxIJINCUBU9nw5NrP6tAVM14IgSwyUbZiGIfyjjl1sU05U38eXHZOet5yg4HOzV8C7ga7GecCUtEvLsknXaD3BAuO3ZBHz9g7uqADFqTniq8c6DGMIYQgkUNXiFiX538y9SqfwvG3_8Ts6qg37gREQ5IPuW0cUhOPvIFaFlc0nHSxt0zqQ9GXlUT3-jj8Ya9g-9x1-vZUVwKoNyxuxLjgMhCNdrTyv5WwnweWm1M-SeVOuz012iThQfGeNpXQrRIIQhtfywYm5y0.L8bNMlXa-IO-4X5Hol4hs6ZuXpp2oqN1k89ZY17MZus&dib_tag=se&keywords=tenis+de+corrida&qid=1761925736&sprefix=tenis+de+corrida%2Caps%2C739&sr=8-272&ufe=app_do%3Aamzn1.fos.cede3968-0a01-4da7-b7fa-174ca17dae70&xpid=ERuU6uEzXaAxz
,Corrida de Rua,,2025-10-31,,,Disponível,,Amazon,ASICS,Malha,Tênis Asics Gel Pulse 16 SE,,861.5,37.15,,,Gel,Cadarço,Borracha,https://m.media-amazon.com/images/I/51vJbBwt7tL._AC_SY395_SX395_QL70_ML2_.jpg,https://www.amazon.com.br/Tenis-Asics-Gel-pulse-16-Preto/dp/B0F9Q18WVR/ref=is_sr_s_dp_4?crid=DLJ5Z8MJX9ZM&dib=eyJ2IjoiMSJ9.4I-GuCzSc5xJGX7hj2hkhMg80-LghxaSxIJINCUBU9nw5NrP6tAVM14IgSwyUbZiGIfyjjl1sU05U38eXHZOet5yg4HOzV8C7ga7GecCUtEvLsknXaD3BAuO3ZBHz9g7uqADFqTniq8c6DGMIYQgkUNXiFiX538y9SqfwvG3_8Ts6qg37gREQ5IPuW0cUhOPvIFaFlc0nHSxt0zqQ9GXlUT3-jj8Ya9g-9x1-vZUVwKoNyxuxLjgMhCNdrTyv5WwnweWm1M-SeVOuz012iThQfGeNpXQrRIIQhtfywYm5y0.L8bNMlXa-IO-4X5Hol4hs6ZuXpp2oqN1k89ZY17MZus&dib_tag=se&keywords=tenis+de+corrida&qid=1761925736&sprefix=tenis+de+corrida%2Caps%2C739&sr=8-271&ufe=app_do%3Aamzn1.fos.95de73c3-5dda-43a7-bd1f-63af03b14751&xpid=ERuU6uEzXaAxz
,Corrida de Rua,,2025-10-31,,,Disponível,,Amazon,ASICS,Malha,Tênis Asics Gel Pulse 16 SE,,644.2,37.15,,,Gel,Cadarço,Borracha,https://m.media-amazon.com/images/I/519is8K49SL._AC_SY395_SX395_QL70_ML2_.jpg,https://www.amazon.com.br/Tenis-Asics-Gel-pulse-16-Preto/dp/B0F9PVNW1Y/ref=is_sr_dp_1?crid=DLJ5Z8MJX9ZM&dib=eyJ2IjoiMSJ9.4I-GuCzSc5xJGX7hj2hkhMg80-LghxaSxIJINCUBU9nw5NrP6tAVM14IgSwyUbZiGIfyjjl1sU05U38eXHZOet5yg4HOzV8C7ga7GecCUtEvLsknXaD3BAuO3ZBHz9g7uqADFqTniq8c6DGMIYQgkUNXiFiX538y9SqfwvG3_8Ts6qg37gREQ5IPuW0cUhOPvIFaFlc0nHSxt0zqQ9GXlUT3-jj8Ya9g-9x1-vZUVwKoNyxuxLjgMhCNdrTyv5WwnweWm1M-SeVOuz012iThQfGeNpXQrRIIQhtfywYm5y0.L8bNMlXa-IO-4X5Hol4hs6ZuXpp2oqN1k89ZY17MZus&dib_tag=se&keywords=tenis+de+corrida&qid=1761925736&sprefix=tenis+de+corrida%2Caps%2C739&sr=8-271&ufe=app_do%3Aamzn1.fos.95de73c3-5dda-43a7-bd1f-63af03b14751&xpid=ERuU6uEzXaAxz
,Corrida de Rua,,2025-10-31,,,Disponível,,Amazon,ASICS,Malha,Tênis Asics Gel Pulse 16 SE,,644.2,37.15,,,Gel,Cadarço,Borracha,https://m.media-amazon.com/images/I/519is8K49SL._AC_SY395_SX395_QL70_ML2_.jpg,https://www.amazon.com.br/Tenis-Asics-Gel-pulse-16-Preto/dp/B0F9PVNW1Y/ref=sr_1_271?crid=DLJ5Z8MJX9ZM&dib=eyJ2IjoiMSJ9.4I-GuCzSc5xJGX7hj2hkhMg80-LghxaSxIJINCUBU9nw5NrP6tAVM14IgSwyUbZiGIfyjjl1sU05U38eXHZOet5yg4HOzV8C7ga7GecCUtEvLsknXaD3BAuO3ZBHz9g7uqADFqTniq8c6DGMIYQgkUNXiFiX538y9SqfwvG3_8Ts6qg37gREQ5IPuW0cUhOPvIFaFlc0nHSxt0zqQ9GXlUT3-jj8Ya9g-9x1-vZUVwKoNyxuxLjgMhCNdrTyv5WwnweWm1M-SeVOuz012iThQfGeNpXQrRIIQhtfywYm5y0.L8bNMlXa-IO-4X5Hol4hs6ZuXpp2oqN1k89ZY17MZus&dib_tag=se&keywords=tenis+de+corrida&qid=1761925736&sprefix=tenis+de+corrida%2Caps%2C739&sr=8-271&ufe=app_do%3Aamzn1.fos.95de73c3-5dda-43a7-bd1f-63af03b14751&xpid=ERuU6uEzXaAxz
4.8,Tênis Casuais,,2025-10-31,,,Disponível,Masculino,Amazon,Under Armour,Sintético,Under Armour Tênis Masculino UA Hit SE,,379.0,37.15,22,,,Cadarço,Borracha,https://m.media-amazon.com/images/I/61fNuMpWimL._AC_SY395_SX395_QL70_ML2_.jpg,https://www.amazon.com.br/T%C3%AAnis-Masculino-Under-Armour-Preto/dp/B0DHSMSFJR/ref=is_sr_s_dp_4?crid=DLJ5Z8MJX9ZM&dib=eyJ2IjoiMSJ9.4I-GuCzSc5xJGX7hj2hkhMg80-LghxaSxIJINCUBU9nw5NrP6tAVM14IgSwyUbZiGIfyjjl1sU05U38eXHZOet5yg4HOzV8C7ga7GecCUtEvLsknXaD3BAuO3ZBHz9g7uqADFqTniq8c6DGMIYQgkUNXiFiX538y9SqfwvG3_8Ts6qg37gREQ5IPuW0cUhOPvIFaFlc0nHSxt0zqQ9GXlUT3-jj8Ya9g-9x1-vZUVwKoNyxuxLjgMhCNdrTyv5WwnweWm1M-SeVOuz012iThQfGeNpXQrRIIQhtfywYm5y0.L8bNMlXa-IO-4X5Hol4hs6ZuXpp2oqN1k89ZY17MZus&dib_tag=se&keywords=tenis+de+corrida&qid=1761925736&sprefix=tenis+de+corrida%2Caps%2C739&sr=8-270&ufe=app_do%3Aamzn1.fos.fcd6d665-32ba-4479-9f21-b774e276a678&xpid=ERuU6uEzXaAxz
4.8,Corrida de Rua,,2025-10-31,,,Disponível,Masculino,Amazon,Under Armour,Sintético,Under Armour Tênis Masculino UA Hit SE,,329.99,37.15,22,,,Cadarço,Borracha,https://m.media-amazon.com/images/I/51GJe6Z+h9L._AC_SY395_SX395_QL70_ML2_.jpg,https://www.amazon.com.br/T%C3%AAnis-Masculino-Under-Armour-Preto/dp/B0DK9RMJZM/ref=is_sr_s_dp_1?crid=DLJ5Z8MJX9ZM&dib=eyJ2IjoiMSJ9.4I-GuCzSc5xJGX7hj2hkhMg80-LghxaSxIJINCUBU9nw5NrP6tAVM14IgSwyUbZiGIfyjjl1sU05U38eXHZOet5yg4HOzV8C7ga7GecCUtEvLsknXaD3BAuO3ZBHz9g7uqADFqTniq8c6DGMIYQgkUNXiFiX538y9SqfwvG3_8Ts6qg37gREQ5IPuW0cUhOPvIFaFlc0nHSxt0zqQ9GXlUT3-jj8Ya9g-9x1-vZUVwKoNyxuxLjgMhCNdrTyv5WwnweWm1M-SeVOuz012iThQfGeNpXQrRIIQhtfywYm5y0.L8bNMlXa-IO-4X5Hol4hs6ZuXpp2oqN1k89ZY17MZus&dib_tag=se&keywords=tenis+de+corrida&qid=1761925736&sprefix=tenis+de+corrida%2Caps%2C739&sr=8-270&ufe=app_do%3Aamzn1.fos.fcd6d665-32ba-4479-9f21-b774e276a678&xpid=ERuU6uEzXaAxz
4.8,Corrida de Rua,,2025-10-31,,,Disponível,Masculino,Amazon,Under Armour,Sintético,Under Armour Tênis Masculino UA Hit SE,,329.99,37.15,22,,,Cadarço,Borracha,https://m.media-amazon.com/images/I/51GJe6Z+h9L._AC_SY395_SX395_QL70_ML2_.jpg,https://www.amazon.com.br/T%C3%AAnis-Masculino-Under-Armour-Preto/dp/B0DK9RMJZM/ref=sr_1_270?crid=DLJ5Z8MJX9ZM&dib=eyJ2IjoiMSJ9.4I-GuCzSc5xJGX7hj2hkhMg80-LghxaSxIJINCUBU9nw5NrP6tAVM14IgSwyUbZiGIfyjjl1sU05U38eXHZOet5yg4HOzV8C7ga7GecCUtEvLsknXaD3BAuO3ZBHz9g7uqADFqTniq8c6DGMIYQgkUNXiFiX538y9SqfwvG3_8Ts6qg37gREQ5IPuW0cUhOPvIFaFlc0nHSxt0zqQ9GXlUT3-jj8Ya9g-9x1-vZUVwKoNyxuxLjgMhCNdrTyv5WwnweWm1M-SeVOuz012iThQfGeNpXQrRIIQhtfywYm5y0.L8bNMlXa-IO-4X5Hol4hs6ZuXpp2oqN1k89ZY17MZus&dib_tag=se&keywords=tenis+de+corrida&qid=1761925736&sprefix=tenis+de+corrida%2Caps%2C739&sr=8-270&ufe=app_do%3Aamzn1.fos.fcd6d665-32ba-4479-9f21-b774e276a678&xpid=ERuU6uEzXaAxz
4.1,Corrida de Rua,,2025-10-31,,,Disponível,Feminino,Amazon,QIJGS,Malha,"QIJGS Tênis de corrida feminino, esportivo, caminhada, treino, corrida, leve, confortável e relaxado",,158.88,37.15,7,,,Cadarço,Acetato vinilo de etileno,https://m.media-amazon.com/images/I/71HbNo3P+jL._AC_SY395_SX395_QL70_ML2_.jpg,https://www.amazon.com.br/QIJGS-feminino-esportivo-caminhada-confort%C3%A1vel/dp/B0F3XLT121/ref=is_sr_s_dp_3?crid=DLJ5Z8MJX9ZM&dib=eyJ2IjoiMSJ9.4I-GuCzSc5xJGX7hj2hkhMg80-LghxaSxIJINCUBU9nw5NrP6tAVM14IgSwyUbZiGIfyjjl1sU05U38eXHZOet5yg4HOzV8C7ga7GecCUtEvLsknXaD3BAuO3ZBHz9g7uqADFqTniq8c6DGMIYQgkUNXiFiX538y9SqfwvG3_8Ts6qg37gREQ5IPuW0cUhOPvIFaFlc0nHSxt0zqQ9GXlUT3-jj8Ya9g-9x1-vZUVwKoNyxuxLjgMhCNdrTyv5WwnweWm1M-SeVOuz012iThQfGeNpXQrRIIQhtfywYm5y0.L8bNMlXa-IO-4X5Hol4hs6ZuXpp2oqN1k89ZY17MZus&dib_tag=se&keywords=tenis+de+corrida&qid=1761925736&sprefix=tenis+de+corrida%2Caps%2C739&sr=8-269&ufe=app_do%3Aamzn1.fos.db68964d-7c0e-4bb2-a95c-e5cb9e32eb12&xpid=ERuU6uEzXaAxz
4.1,Corrida de Rua,,2025-10-31,,,Disponível,Feminino,Amazon,QIJGS,Malha,"QIJGS Tênis de corrida feminino, esportivo, caminhada, treino, corrida, leve, confortável e relaxado",,154.7,37.15,7,,,Cadarço,Acetato vinilo de etileno,https://m.media-amazon.com/images/I/71AMOdDkeZL._AC_SY395_SX395_QL70_ML2_.jpg,https://www.amazon.com.br/QIJGS-feminino-esportivo-caminhada-confort%C3%A1vel/dp/B0F3XKHCQ4/ref=is_sr_s_dp_2?crid=DLJ5Z8MJX9ZM&dib=eyJ2IjoiMSJ9.4I-GuCzSc5xJGX7hj2hkhMg80-LghxaSxIJINCUBU9nw5NrP6tAVM14IgSwyUbZiGIfyjjl1sU05U38eXHZOet5yg4HOzV8C7ga7GecCUtEvLsknXaD3BAuO3ZBHz9g7uqADFqTniq8c6DGMIYQgkUNXiFiX538y9SqfwvG3_8Ts6qg37gREQ5IPuW0cUhOPvIFaFlc0nHSxt0zqQ9GXlUT3-jj8Ya9g-9x1-vZUVwKoNyxuxLjgMhCNdrTyv5WwnweWm1M-SeVOuz012iThQfGeNpXQrRIIQhtfywYm5y0.L8bNMlXa-IO-4X5Hol4hs6ZuXpp2oqN1k89ZY17MZus&dib_tag=se&keywords=tenis+de+corrida&qid=1761925736&sprefix=tenis+de+corrida%2Caps%2C739&sr=8-269&ufe=app_do%3Aamzn1.fos.db68964d-7c0e-4bb2-a95c-e5cb9e32eb12&xpid=ERuU6uEzXaAxz
4.1,Corrida de Rua,,2025-10-31,,,Disponível,Feminino,Amazon,QIJGS,Malha,"QIJGS Tênis de corrida feminino, esportivo, caminhada, treino, corrida, leve, confortável e relaxado",,158.88,,7,,,Cadarço,Acetato vinilo de etileno,https://m.media-amazon.com/images/I/61TLoY7kjyL._AC_SY395_SX395_QL70_ML2_.jpg,https://www.amazon.com.br/QIJGS-feminino-esportivo-caminhada-confort%C3%A1vel/dp/B0F3XLW4MD/ref=is_sr_s_dp_1?crid=DLJ5Z8MJX9ZM&dib=eyJ2IjoiMSJ9.4I-GuCzSc5xJGX7hj2hkhMg80-LghxaSxIJINCUBU9nw5NrP6tAVM14IgSwyUbZiGIfyjjl1sU05U38eXHZOet5yg4HOzV8C7ga7GecCUtEvLsknXaD3BAuO3ZBHz9g7uqADFqTniq8c6DGMIYQgkUNXiFiX538y9SqfwvG3_8Ts6qg37gREQ5IPuW0cUhOPvIFaFlc0nHSxt0zqQ9GXlUT3-jj8Ya9g-9x1-vZUVwKoNyxuxLjgMhCNdrTyv5WwnweWm1M-SeVOuz012iThQfGeNpXQrRIIQhtfywYm5y0.L8bNMlXa-IO-4X5Hol4hs6ZuXpp2oqN1k89ZY17MZus&dib_tag=se&keywords=tenis+de+corrida&qid=1761925736&sprefix=tenis+de+corrida%2Caps%2C739&sr=8-269&ufe=app_do%3Aamzn1.fos.db68964d-7c0e-4bb2-a95c-e5cb9e32eb12&xpid=ERuU6uEzXaAxz
4.1,Corrida de Rua,,2025-10-31,,,Disponível,Feminino,Amazon,QIJGS,Malha,"QIJGS Tênis de corrida feminino, esportivo, caminhada, treino, corrida, leve, confortável e relaxado",,158.88,37.15,7,,,Cadarço,Acetato vinilo de etileno,https://m.media-amazon.com/images/I/61TLoY7kjyL._AC_SY395_SX395_QL70_ML2_.jpg,https://www.amazon.com.br/QIJGS-feminino-esportivo-caminhada-confort%C3%A1vel/dp/B0F3XLW4MD/ref=sr_1_269?crid=DLJ5Z8MJX9ZM&dib=eyJ2IjoiMSJ9.4I-GuCzSc5xJGX7hj2hkhMg80-LghxaSxIJINCUBU9nw5NrP6tAVM14IgSwyUbZiGIfyjjl1sU05U38eXHZOet5yg4HOzV8C7ga7GecCUtEvLsknXaD3BAuO3ZBHz9g7uqADFqTniq8c6DGMIYQgkUNXiFiX538y9SqfwvG3_8Ts6qg37gREQ5IPuW0cUhOPvIFaFlc0nHSxt0zqQ9GXlUT3-jj8Ya9g-9x1-vZUVwKoNyxuxLjgMhCNdrTyv5WwnweWm1M-SeVOuz012iThQfGeNpXQrRIIQhtfywYm5y0.L8bNMlXa-IO-4X5Hol4hs6ZuXpp2oqN1k89ZY17MZus&dib_tag=se&keywords=tenis+de+corrida&qid=1761925736&sprefix=tenis+de+corrida%2Caps%2C739&sr=8-269&ufe=app_do%3Aamzn1.fos.db68964d-7c0e-4bb2-a95c-e5cb9e32eb12&xpid=ERuU6uEzXaAxz
4.4,Corrida de Rua,,2025-10-31,,,Disponível,Feminino,Amazon,Mizuno,Malha,Tênis Mizuno Feminino Wave Falcon 5 Corrida Azul Noite 101063063-104 39,,239.99,,2,,Wave,Cadarço,Borracha,https://m.media-amazon.com/images/I/51HYZbXTdoL._AC_SY395_SX395_QL70_ML2_.jpg,https://www.amazon.com.br/Mizuno-Feminino-Falcon-Corrida-101063063-104/dp/B0CD33PRSN/ref=sr_1_268?crid=DLJ5Z8MJX9ZM&dib=eyJ2IjoiMSJ9.4I-GuCzSc5xJGX7hj2hkhMg80-LghxaSxIJINCUBU9nw5NrP6tAVM14IgSwyUbZiGIfyjjl1sU05U38eXHZOet5yg4HOzV8C7ga7GecCUtEvLsknXaD3BAuO3ZBHz9g7uqADFqTniq8c6DGMIYQgkUNXiFiX538y9SqfwvG3_8Ts6qg37gREQ5IPuW0cUhOPvIFaFlc0nHSxt0zqQ9GXlUT3-jj8Ya9g-9x1-vZUVwKoNyxuxLjgMhCNdrTyv5WwnweWm1M-SeVOuz012iThQfGeNpXQrRIIQhtfywYm5y0.L8bNMlXa-IO-4X5Hol4hs6ZuXpp2oqN1k89ZY17MZus&dib_tag=se&keywords=tenis+de+corrida&qid=1761925736&sprefix=tenis+de+corrida%2Caps%2C739&sr=8-268&ufe=app_do%3Aamzn1.fos.fcd6d665-32ba-4479-9f21-b774e276a678&xpid=ERuU6uEzXaAxz
4.7,Tênis Casuais,,2025-10-31,,,Disponível,,Amazon,Olympikus,Poliéster,Tênis Olympikus Asfalto,,169.99,37.15,52,,,Cadarço,Borracha sintética,https://m.media-amazon.com/images/I/61IUuIQGrfL._AC_SY395_SX395_QL70_ML2_.jpg,https://www.amazon.com.br/T%C3%AAnis-Olympikus-Asfalto-Masculino-Corrida/dp/B0CX1YSV3X/ref=is_sr_s_dp_4?crid=DLJ5Z8MJX9ZM&dib=eyJ2IjoiMSJ9.4I-GuCzSc5xJGX7hj2hkhMg80-LghxaSxIJINCUBU9nw5NrP6tAVM14IgSwyUbZiGIfyjjl1sU05U38eXHZOet5yg4HOzV8C7ga7GecCUtEvLsknXaD3BAuO3ZBHz9g7uqADFqTniq8c6DGMIYQgkUNXiFiX538y9SqfwvG3_8Ts6qg37gREQ5IPuW0cUhOPvIFaFlc0nHSxt0zqQ9GXlUT3-jj8Ya9g-9x1-vZUVwKoNyxuxLjgMhCNdrTyv5WwnweWm1M-SeVOuz012iThQfGeNpXQrRIIQhtfywYm5y0.L8bNMlXa-IO-4X5Hol4hs6ZuXpp2oqN1k89ZY17MZus&dib_tag=se&keywords=tenis+de+corrida&qid=1761925736&sprefix=tenis+de+corrida%2Caps%2C739&sr=8-267&xpid=ERuU6uEzXaAxz
4.7,Tênis Casuais,,2025-10-31,,,Disponível,,Amazon,Olympikus,Malha,Tênis Olympikus Asfalto,,169.99,37.15,52,,,Cadarço,Acetato vinilo de etileno,https://m.media-amazon.com/images/I/61AlzQ5I4ML._AC_SY395_SX395_QL70_ML2_.jpg,https://www.amazon.com.br/T%C3%AAnis-Olympikus-Asfalto-Masculino-Corrida/dp/B0CJ9ZW6DQ/ref=is_sr_s_dp_2?crid=DLJ5Z8MJX9ZM&dib=eyJ2IjoiMSJ9.4I-GuCzSc5xJGX7hj2hkhMg80-LghxaSxIJINCUBU9nw5NrP6tAVM14IgSwyUbZiGIfyjjl1sU05U38eXHZOet5yg4HOzV8C7ga7GecCUtEvLsknXaD3BAuO3ZBHz9g7uqADFqTniq8c6DGMIYQgkUNXiFiX538y9SqfwvG3_8Ts6qg37gREQ5IPuW0cUhOPvIFaFlc0nHSxt0zqQ9GXlUT3-jj8Ya9g-9x1-vZUVwKoNyxuxLjgMhCNdrTyv5WwnweWm1M-SeVOuz012iThQfGeNpXQrRIIQhtfywYm5y0.L8bNMlXa-IO-4X5Hol4hs6ZuXpp2oqN1k89ZY17MZus&dib_tag=se&keywords=tenis+de+corrida&qid=1761925736&sprefix=tenis+de+corrida%2Caps%2C739&sr=8-267&xpid=ERuU6uEzXaAxz
4.7,Corrida de Rua,,2025-10-31,5.92,,Verificar disponibilidade,,Amazon,Olympikus,Malha,Tênis Olympikus Asfalto,,34.95,37.15,52,,,Cadarço,Acetato vinilo de etileno,https://m.media-amazon.com/images/I/61RumuFMe6L._AC_SY395_SX395_QL70_ML2_.jpg,https://www.amazon.com.br/T%C3%AAnis-Olympikus-Asfalto-Masculino-Corrida/dp/B0CGKC2XF4/ref=is_sr_dp_1?crid=DLJ5Z8MJX9ZM&dib=eyJ2IjoiMSJ9.4I-GuCzSc5xJGX7hj2hkhMg80-LghxaSxIJINCUBU9nw5NrP6tAVM14IgSwyUbZiGIfyjjl1sU05U38eXHZOet5yg4HOzV8C7ga7GecCUtEvLsknXaD3BAuO3ZBHz9g7uqADFqTniq8c6DGMIYQgkUNXiFiX538y9SqfwvG3_8Ts6qg37gREQ5IPuW0cUhOPvIFaFlc0nHSxt0zqQ9GXlUT3-jj8Ya9g-9x1-vZUVwKoNyxuxLjgMhCNdrTyv5WwnweWm1M-SeVOuz012iThQfGeNpXQrRIIQhtfywYm5y0.L8bNMlXa-IO-4X5Hol4hs6ZuXpp2oqN1k89ZY17MZus&dib_tag=se&keywords=tenis+de+corrida&qid=1761925736&sprefix=tenis+de+corrida%2Caps%2C739&sr=8-267&xpid=ERuU6uEzXaAxz
4.7,Corrida de Rua,,2025-10-31,5.92,,Verificar disponibilidade,,Amazon,Olympikus,Malha,Tênis Olympikus Asfalto,,34.95,37.15,52,,,Cadarço,Acetato vinilo de etileno,https://m.media-amazon.com/images/I/61RumuFMe6L._AC_SY395_SX395_QL70_ML2_.jpg,https://www.amazon.com.br/T%C3%AAnis-Olympikus-Asfalto-Masculino-Corrida/dp/B0CGKC2XF4/ref=sr_1_267?crid=DLJ5Z8MJX9ZM&dib=eyJ2IjoiMSJ9.4I-GuCzSc5xJGX7hj2hkhMg80-LghxaSxIJINCUBU9nw5NrP6tAVM14IgSwyUbZiGIfyjjl1sU05U38eXHZOet5yg4HOzV8C7ga7GecCUtEvLsknXaD3BAuO3ZBHz9g7uqADFqTniq8c6DGMIYQgkUNXiFiX538y9SqfwvG3_8Ts6qg37gREQ5IPuW0cUhOPvIFaFlc0nHSxt0zqQ9GXlUT3-jj8Ya9g-9x1-vZUVwKoNyxuxLjgMhCNdrTyv5WwnweWm1M-SeVOuz012iThQfGeNpXQrRIIQhtfywYm5y0.L8bNMlXa-IO-4X5Hol4hs6ZuXpp2oqN1k89ZY17MZus&dib_tag=se&keywords=tenis+de+corrida&qid=1761925736&sprefix=tenis+de+corrida%2Caps%2C739&sr=8-267&xpid=ERuU6uEzXaAxz
4.5,Corrida de Rua,,2025-10-31,,,Verificar disponibilidade,Masculino,Amazon,adidas,Borracha,Tênis adidas Lite Racer 4.0 masculino,,433.73,37.15,1,,,Cadarço,Borracha sintética,https://m.media-amazon.com/images/I/71S2YDjNXsL._AC_SX395_SY395_QL70_ML2_.jpg,https://www.amazon.com.br/Adidas-Masculino-Corrida-Shadow-JI4950/dp/B0CMRYLSKX/ref=is_sr_dp_6?crid=DLJ5Z8MJX9ZM&dib=eyJ2IjoiMSJ9.4I-GuCzSc5xJGX7hj2hkhMg80-LghxaSxIJINCUBU9nw5NrP6tAVM14IgSwyUbZiGIfyjjl1sU05U38eXHZOet5yg4HOzV8C7ga7GecCUtEvLsknXaD3BAuO3ZBHz9g7uqADFqTniq8c6DGMIYQgkUNXiFiX538y9SqfwvG3_8Ts6qg37gREQ5IPuW0cUhOPvIFaFlc0nHSxt0zqQ9GXlUT3-jj8Ya9g-9x1-vZUVwKoNyxuxLjgMhCNdrTyv5WwnweWm1M-SeVOuz012iThQfGeNpXQrRIIQhtfywYm5y0.L8bNMlXa-IO-4X5Hol4hs6ZuXpp2oqN1k89ZY17MZus&dib_tag=se&keywords=tenis+de+corrida&qid=1761925736&sprefix=tenis+de+corrida%2Caps%2C739&sr=8-266&ufe=app_do%3Aamzn1.fos.fcd6d665-32ba-4479-9f21-b774e276a678&xpid=ERuU6uEzXaAxz
4.5,Corrida de Rua,,2025-10-31,,,Verificar disponibilidade,Masculino,Amazon,adidas,Borracha,Tênis adidas Lite Racer 4.0 masculino,,413.27,37.15,1,,,Cadarço,Borracha sintética,https://m.media-amazon.com/images/I/71+zcArmzoL._AC_SY395_SX395_QL70_ML2_.jpg,https://www.amazon.com.br/Adidas-Masculino-Corrida-Shadow-JI4950/dp/B0CMSGLCVQ/ref=is_sr_dp_3?crid=DLJ5Z8MJX9ZM&dib=eyJ2IjoiMSJ9.4I-GuCzSc5xJGX7hj2hkhMg80-LghxaSxIJINCUBU9nw5NrP6tAVM14IgSwyUbZiGIfyjjl1sU05U38eXHZOet5yg4HOzV8C7ga7GecCUtEvLsknXaD3BAuO3ZBHz9g7uqADFqTniq8c6DGMIYQgkUNXiFiX538y9SqfwvG3_8Ts6qg37gREQ5IPuW0cUhOPvIFaFlc0nHSxt0zqQ9GXlUT3-jj8Ya9g-9x1-vZUVwKoNyxuxLjgMhCNdrTyv5WwnweWm1M-SeVOuz012iThQfGeNpXQrRIIQhtfywYm5y0.L8bNMlXa-IO-4X5Hol4hs6ZuXpp2oqN1k89ZY17MZus&dib_tag=se&keywords=tenis+de+corrida&qid=1761925736&sprefix=tenis+de+corrida%2Caps%2C739&sr=8-266&ufe=app_do%3Aamzn1.fos.fcd6d665-32ba-4479-9f21-b774e276a678&xpid=ERuU6uEzXaAxz
4.5,Corrida de Rua,,2025-10-31,,,Verificar disponibilidade,Masculino,Amazon,adidas,Borracha,Tênis adidas Lite Racer 4.0 masculino,,603.55,37.15,1,,,Cadarço,Borracha sintética,https://m.media-amazon.com/images/I/61cLd7riEaL._AC_SY395_SX395_QL70_ML2_.jpg,https://www.amazon.com.br/Adidas-Masculino-Corrida-Shadow-JI4950/dp/B0CMS9YPCR/ref=is_sr_dp_2?crid=DLJ5Z8MJX9ZM&dib=eyJ2IjoiMSJ9.4I-GuCzSc5xJGX7hj2hkhMg80-LghxaSxIJINCUBU9nw5NrP6tAVM14IgSwyUbZiGIfyjjl1sU05U38eXHZOet5yg4HOzV8C7ga7GecCUtEvLsknXaD3BAuO3ZBHz9g7uqADFqTniq8c6DGMIYQgkUNXiFiX538y9SqfwvG3_8Ts6qg37gREQ5IPuW0cUhOPvIFaFlc0nHSxt0zqQ9GXlUT3-jj8Ya9g-9x1-vZUVwKoNyxuxLjgMhCNdrTyv5WwnweWm1M-SeVOuz012iThQfGeNpXQrRIIQhtfywYm5y0.L8bNMlXa-IO-4X5Hol4hs6ZuXpp2oqN1k89ZY17MZus&dib_tag=se&keywords=tenis+de+corrida&qid=1761925736&sprefix=tenis+de+corrida%2Caps%2C739&sr=8-266&ufe=app_do%3Aamzn1.fos.fcd6d665-32ba-4479-9f21-b774e276a678&xpid=ERuU6uEzXaAxz
5.0,Corrida de Rua,,2025-10-31,,,Disponível,,Amazon,Mizuno,Malha,Tênis Mizuno Goya e Meia Mz23,,219.99,37.15,3,,,Cadarço,Borracha,https://m.media-amazon.com/images/I/61OAfLkksXL._AC_SY395_SX395_QL70_ML2_.jpg,https://www.amazon.com.br/T%C3%AAnis-Mizuno-Goya-Meia-Mz23/dp/B0CF7WB6ZW/ref=sr_1_265?crid=DLJ5Z8MJX9ZM&dib=eyJ2IjoiMSJ9.4I-GuCzSc5xJGX7hj2hkhMg80-LghxaSxIJINCUBU9nw5NrP6tAVM14IgSwyUbZiGIfyjjl1sU05U38eXHZOet5yg4HOzV8C7ga7GecCUtEvLsknXaD3BAuO3ZBHz9g7uqADFqTniq8c6DGMIYQgkUNXiFiX538y9SqfwvG3_8Ts6qg37gREQ5IPuW0cUhOPvIFaFlc0nHSxt0zqQ9GXlUT3-jj8Ya9g-9x1-vZUVwKoNyxuxLjgMhCNdrTyv5WwnweWm1M-SeVOuz012iThQfGeNpXQrRIIQhtfywYm5y0.L8bNMlXa-IO-4X5Hol4hs6ZuXpp2oqN1k89ZY17MZus&dib_tag=se&keywords=tenis+de+corrida&qid=1761925736&sprefix=tenis+de+corrida%2Caps%2C739&sr=8-265&ufe=app_do%3Aamzn1.fos.fcd6d665-32ba-4479-9f21-b774e276a678&xpid=ERuU6uEzXaAxz
4.0,Corrida de Rua,,2025-10-31,,,Disponível,Masculino,Amazon,Via Nautic,Couro sintético,Tênis Masculino Corrida Treino Fit Academia Advanced PRO Run,,156.9,,407,,,Cadarço,Micro Expandido,https://m.media-amazon.com/images/I/71kO6PvYJrL._AC_SY395_SX395_QL70_ML2_.jpg,https://www.amazon.com.br/Masculino-Corrida-Treino-Academia-Advanced/dp/B0CGYSB1LL/ref=is_sr_s_dp_1?crid=DLJ5Z8MJX9ZM&dib=eyJ2IjoiMSJ9.4I-GuCzSc5xJGX7hj2hkhMg80-LghxaSxIJINCUBU9nw5NrP6tAVM14IgSwyUbZiGIfyjjl1sU05U38eXHZOet5yg4HOzV8C7ga7GecCUtEvLsknXaD3BAuO3ZBHz9g7uqADFqTniq8c6DGMIYQgkUNXiFiX538y9SqfwvG3_8Ts6qg37gREQ5IPuW0cUhOPvIFaFlc0nHSxt0zqQ9GXlUT3-jj8Ya9g-9x1-vZUVwKoNyxuxLjgMhCNdrTyv5WwnweWm1M-SeVOuz012iThQfGeNpXQrRIIQhtfywYm5y0.L8bNMlXa-IO-4X5Hol4hs6ZuXpp2oqN1k89ZY17MZus&dib_tag=se&keywords=tenis+de+corrida&qid=1761925736&sprefix=tenis+de+corrida%2Caps%2C739&sr=8-260&ufe=app_do%3Aamzn1.fos.db68964d-7c0e-4bb2-a95c-e5cb9e32eb12&xpid=ERuU6uEzXaAxz
4.0,Corrida de Rua,,2025-10-31,,,Disponível,Masculino,Amazon,Via Nautic,Couro sintético,Tênis Masculino Corrida Treino Fit Academia Advanced PRO Run,,156.9,37.15,407,,,Cadarço,Micro Expandido,https://m.media-amazon.com/images/I/71kO6PvYJrL._AC_SY395_SX395_QL70_ML2_.jpg,https://www.amazon.com.br/Masculino-Corrida-Treino-Academia-Advanced/dp/B0CGYSB1LL/ref=sr_1_260?crid=DLJ5Z8MJX9ZM&dib=eyJ2IjoiMSJ9.4I-GuCzSc5xJGX7hj2hkhMg80-LghxaSxIJINCUBU9nw5NrP6tAVM14IgSwyUbZiGIfyjjl1sU05U38eXHZOet5yg4HOzV8C7ga7GecCUtEvLsknXaD3BAuO3ZBHz9g7uqADFqTniq8c6DGMIYQgkUNXiFiX538y9SqfwvG3_8Ts6qg37gREQ5IPuW0cUhOPvIFaFlc0nHSxt0zqQ9GXlUT3-jj8Ya9g-9x1-vZUVwKoNyxuxLjgMhCNdrTyv5WwnweWm1M-SeVOuz012iThQfGeNpXQrRIIQhtfywYm5y0.L8bNMlXa-IO-4X5Hol4hs6ZuXpp2oqN1k89ZY17MZus&dib_tag=se&keywords=tenis+de+corrida&qid=1761925736&sprefix=tenis+de+corrida%2Caps%2C739&sr=8-260&ufe=app_do%3Aamzn1.fos.db68964d-7c0e-4bb2-a95c-e5cb9e32eb12&xpid=ERuU6uEzXaAxz
4.4,Corrida de Rua,,2025-10-31,,,Disponível,Feminino,Amazon,adidas,Malha,"Tênis Run Falcon 3.0, Adidas, feminino",,352.56,37.15,1,,,Cadarço,Borracha,https://m.media-amazon.com/images/I/71N+2efRIAL._AC_SX395_SY395_QL70_ML2_.jpg,https://www.amazon.com.br/adidas-corrida-feminino-Runfalcon-met%C3%A1lico/dp/B0BXQ4SDLP/ref=is_sr_dp_n?crid=DLJ5Z8MJX9ZM&dib=eyJ2IjoiMSJ9.4I-GuCzSc5xJGX7hj2hkhMg80-LghxaSxIJINCUBU9nw5NrP6tAVM14IgSwyUbZiGIfyjjl1sU05U38eXHZOet5yg4HOzV8C7ga7GecCUtEvLsknXaD3BAuO3ZBHz9g7uqADFqTniq8c6DGMIYQgkUNXiFiX538y9SqfwvG3_8Ts6qg37gREQ5IPuW0cUhOPvIFaFlc0nHSxt0zqQ9GXlUT3-jj8Ya9g-9x1-vZUVwKoNyxuxLjgMhCNdrTyv5WwnweWm1M-SeVOuz012iThQfGeNpXQrRIIQhtfywYm5y0.L8bNMlXa-IO-4X5Hol4hs6ZuXpp2oqN1k89ZY17MZus&dib_tag=se&keywords=tenis+de+corrida&qid=1761925736&sprefix=tenis+de+corrida%2Caps%2C739&sr=8-258&ufe=app_do%3Aamzn1.fos.4bb5663b-6f7d-4772-84fa-7c7f565ec65b&xpid=ERuU6uEzXaAxz
4.4,Corrida de Rua,,2025-10-31,,,Verificar disponibilidade,Feminino,Amazon,adidas,Têxtil,"Tênis Run Falcon 3.0, Adidas, feminino",,603.55,37.15,1,,,Cadarço,Borracha,https://m.media-amazon.com/images/I/71RhZAdw75L._AC_SX395_SY395_QL70_ML2_.jpg,https://www.amazon.com.br/adidas-corrida-feminino-Runfalcon-met%C3%A1lico/dp/B0B5YNB75W/ref=is_sr_dp_5?crid=DLJ5Z8MJX9ZM&dib=eyJ2IjoiMSJ9.4I-GuCzSc5xJGX7hj2hkhMg80-LghxaSxIJINCUBU9nw5NrP6tAVM14IgSwyUbZiGIfyjjl1sU05U38eXHZOet5yg4HOzV8C7ga7GecCUtEvLsknXaD3BAuO3ZBHz9g7uqADFqTniq8c6DGMIYQgkUNXiFiX538y9SqfwvG3_8Ts6qg37gREQ5IPuW0cUhOPvIFaFlc0nHSxt0zqQ9GXlUT3-jj8Ya9g-9x1-vZUVwKoNyxuxLjgMhCNdrTyv5WwnweWm1M-SeVOuz012iThQfGeNpXQrRIIQhtfywYm5y0.L8bNMlXa-IO-4X5Hol4hs6ZuXpp2oqN1k89ZY17MZus&dib_tag=se&keywords=tenis+de+corrida&qid=1761925736&sprefix=tenis+de+corrida%2Caps%2C739&sr=8-258&ufe=app_do%3Aamzn1.fos.4bb5663b-6f7d-4772-84fa-7c7f565ec65b&xpid=ERuU6uEzXaAxz
4.4,Corrida de Rua,,2025-10-31,,,Verificar disponibilidade,Feminino,Amazon,adidas,Borracha,"Tênis Run Falcon 3.0, Adidas, feminino",,555.67,37.15,1,,,Cadarço,Borracha,https://m.media-amazon.com/images/I/71hv+izuFYL._AC_SX395_SY395_QL70_ML2_.jpg,https://www.amazon.com.br/adidas-corrida-feminino-Runfalcon-met%C3%A1lico/dp/B0BXQ63HWL/ref=is_sr_s_dp_4?crid=DLJ5Z8MJX9ZM&dib=eyJ2IjoiMSJ9.4I-GuCzSc5xJGX7hj2hkhMg80-LghxaSxIJINCUBU9nw5NrP6tAVM14IgSwyUbZiGIfyjjl1sU05U38eXHZOet5yg4HOzV8C7ga7GecCUtEvLsknXaD3BAuO3ZBHz9g7uqADFqTniq8c6DGMIYQgkUNXiFiX538y9SqfwvG3_8Ts6qg37gREQ5IPuW0cUhOPvIFaFlc0nHSxt0zqQ9GXlUT3-jj8Ya9g-9x1-vZUVwKoNyxuxLjgMhCNdrTyv5WwnweWm1M-SeVOuz012iThQfGeNpXQrRIIQhtfywYm5y0.L8bNMlXa-IO-4X5Hol4hs6ZuXpp2oqN1k89ZY17MZus&dib_tag=se&keywords=tenis+de+corrida&qid=1761925736&sprefix=tenis+de+corrida%2Caps%2C739&sr=8-258&ufe=app_do%3Aamzn1.fos.4bb5663b-6f7d-4772-84fa-7c7f565ec65b&xpid=ERuU6uEzXaAxz
4.4,Corrida de Rua,,2025-10-31,,,Disponível,Feminino,Amazon,adidas,Fibra de carbono,"Tênis Run Falcon 3.0, Adidas, feminino",,477.65,37.15,1,,,Cadarço,Borracha,https://m.media-amazon.com/images/I/513Oqx4VbnL._AC_SY395_SX395_QL70_ML2_.jpg,https://www.amazon.com.br/adidas-corrida-feminino-Runfalcon-met%C3%A1lico/dp/B0BNLRL9CR/ref=is_sr_s_dp_2?crid=DLJ5Z8MJX9ZM&dib=eyJ2IjoiMSJ9.4I-GuCzSc5xJGX7hj2hkhMg80-LghxaSxIJINCUBU9nw5NrP6tAVM14IgSwyUbZiGIfyjjl1sU05U38eXHZOet5yg4HOzV8C7ga7GecCUtEvLsknXaD3BAuO3ZBHz9g7uqADFqTniq8c6DGMIYQgkUNXiFiX538y9SqfwvG3_8Ts6qg37gREQ5IPuW0cUhOPvIFaFlc0nHSxt0zqQ9GXlUT3-jj8Ya9g-9x1-vZUVwKoNyxuxLjgMhCNdrTyv5WwnweWm1M-SeVOuz012iThQfGeNpXQrRIIQhtfywYm5y0.L8bNMlXa-IO-4X5Hol4hs6ZuXpp2oqN1k89ZY17MZus&dib_tag=se&keywords=tenis+de+corrida&qid=1761925736&sprefix=tenis+de+corrida%2Caps%2C739&sr=8-258&ufe=app_do%3Aamzn1.fos.4bb5663b-6f7d-4772-84fa-7c7f565ec65b&xpid=ERuU6uEzXaAxz
4.4,Corrida de Rua,,2025-10-31,,,Disponível,Feminino,Amazon,adidas,Malha,"Tênis Run Falcon 3.0, Adidas, feminino",,352.56,37.15,1,,,Cadarço,Borracha,https://m.media-amazon.com/images/I/71N+2efRIAL._AC_SX395_SY395_QL70_ML2_.jpg,https://www.amazon.com.br/adidas-corrida-feminino-Runfalcon-met%C3%A1lico/dp/B0BXQ4SDLP/ref=is_sr_s_dp_1?crid=DLJ5Z8MJX9ZM&dib=eyJ2IjoiMSJ9.4I-GuCzSc5xJGX7hj2hkhMg80-LghxaSxIJINCUBU9nw5NrP6tAVM14IgSwyUbZiGIfyjjl1sU05U38eXHZOet5yg4HOzV8C7ga7GecCUtEvLsknXaD3BAuO3ZBHz9g7uqADFqTniq8c6DGMIYQgkUNXiFiX538y9SqfwvG3_8Ts6qg37gREQ5IPuW0cUhOPvIFaFlc0nHSxt0zqQ9GXlUT3-jj8Ya9g-9x1-vZUVwKoNyxuxLjgMhCNdrTyv5WwnweWm1M-SeVOuz012iThQfGeNpXQrRIIQhtfywYm5y0.L8bNMlXa-IO-4X5Hol4hs6ZuXpp2oqN1k89ZY17MZus&dib_tag=se&keywords=tenis+de+corrida&qid=1761925736&sprefix=tenis+de+corrida%2Caps%2C739&sr=8-258&ufe=app_do%3Aamzn1.fos.4bb5663b-6f7d-4772-84fa-7c7f565ec65b&xpid=ERuU6uEzXaAxz
4.4,Corrida de Rua,,2025-10-31,,,Disponível,Feminino,Amazon,adidas,Malha,"Tênis Run Falcon 3.0, Adidas, feminino",,352.56,37.15,1,,,Cadarço,Borracha,https://m.media-amazon.com/images/I/71N+2efRIAL._AC_SX395_SY395_QL70_ML2_.jpg,https://www.amazon.com.br/adidas-corrida-feminino-Runfalcon-met%C3%A1lico/dp/B0BXQ4SDLP/ref=sr_1_258?crid=DLJ5Z8MJX9ZM&dib=eyJ2IjoiMSJ9.4I-GuCzSc5xJGX7hj2hkhMg80-LghxaSxIJINCUBU9nw5NrP6tAVM14IgSwyUbZiGIfyjjl1sU05U38eXHZOet5yg4HOzV8C7ga7GecCUtEvLsknXaD3BAuO3ZBHz9g7uqADFqTniq8c6DGMIYQgkUNXiFiX538y9SqfwvG3_8Ts6qg37gREQ5IPuW0cUhOPvIFaFlc0nHSxt0zqQ9GXlUT3-jj8Ya9g-9x1-vZUVwKoNyxuxLjgMhCNdrTyv5WwnweWm1M-SeVOuz012iThQfGeNpXQrRIIQhtfywYm5y0.L8bNMlXa-IO-4X5Hol4hs6ZuXpp2oqN1k89ZY17MZus&dib_tag=se&keywords=tenis+de+corrida&qid=1761925736&sprefix=tenis+de+corrida%2Caps%2C739&sr=8-258&ufe=app_do%3Aamzn1.fos.4bb5663b-6f7d-4772-84fa-7c7f565ec65b&xpid=ERuU6uEzXaAxz
4.0,Corrida de Rua,,2025-10-31,,,Verificar disponibilidade,Masculino,Amazon,NIKE,Poliéster,Tênis NIKE Nike Downshifter 13 masculino,,747.69,37.15,412,,,Cadarço,Borracha,https://m.media-amazon.com/images/I/61DWTabf4NL._AC_SY395_SX395_QL70_ML2_.jpg,https://www.amazon.com.br/T%C3%AAnis-masculino-Cinza-preto-antracite/dp/B0CT8PW2X7/ref=is_sr_dp_5?crid=DLJ5Z8MJX9ZM&dib=eyJ2IjoiMSJ9.4I-GuCzSc5xJGX7hj2hkhMg80-LghxaSxIJINCUBU9nw5NrP6tAVM14IgSwyUbZiGIfyjjl1sU05U38eXHZOet5yg4HOzV8C7ga7GecCUtEvLsknXaD3BAuO3ZBHz9g7uqADFqTniq8c6DGMIYQgkUNXiFiX538y9SqfwvG3_8Ts6qg37gREQ5IPuW0cUhOPvIFaFlc0nHSxt0zqQ9GXlUT3-jj8Ya9g-9x1-vZUVwKoNyxuxLjgMhCNdrTyv5WwnweWm1M-SeVOuz012iThQfGeNpXQrRIIQhtfywYm5y0.L8bNMlXa-IO-4X5Hol4hs6ZuXpp2oqN1k89ZY17MZus&dib_tag=se&keywords=tenis+de+corrida&qid=1761925736&sprefix=tenis+de+corrida%2Caps%2C739&sr=8-256&ufe=app_do%3Aamzn1.fos.25548f35-0de7-44b3-b28e-0f56f3f96147&xpid=ERuU6uEzXaAxz
4.0,Corrida de Rua,,2025-10-31,,,Verificar disponibilidade,Masculino,Amazon,NIKE,Poliéster,Tênis NIKE Nike Downshifter 13 masculino,,795.57,37.15,412,,,Cadarço,Borracha,https://m.media-amazon.com/images/I/61k0k6989EL._AC_SY395_SX395_QL70_ML2_.jpg,https://www.amazon.com.br/T%C3%AAnis-masculino-Cinza-preto-antracite/dp/B0CSKPVX7J/ref=is_sr_s_dp_2?crid=DLJ5Z8MJX9ZM&dib=eyJ2IjoiMSJ9.4I-GuCzSc5xJGX7hj2hkhMg80-LghxaSxIJINCUBU9nw5NrP6tAVM14IgSwyUbZiGIfyjjl1sU05U38eXHZOet5yg4HOzV8C7ga7GecCUtEvLsknXaD3BAuO3ZBHz9g7uqADFqTniq8c6DGMIYQgkUNXiFiX538y9SqfwvG3_8Ts6qg37gREQ5IPuW0cUhOPvIFaFlc0nHSxt0zqQ9GXlUT3-jj8Ya9g-9x1-vZUVwKoNyxuxLjgMhCNdrTyv5WwnweWm1M-SeVOuz012iThQfGeNpXQrRIIQhtfywYm5y0.L8bNMlXa-IO-4X5Hol4hs6ZuXpp2oqN1k89ZY17MZus&dib_tag=se&keywords=tenis+de+corrida&qid=1761925736&sprefix=tenis+de+corrida%2Caps%2C739&sr=8-256&ufe=app_do%3Aamzn1.fos.25548f35-0de7-44b3-b28e-0f56f3f96147&xpid=ERuU6uEzXaAxz
4.0,Corrida de Rua,,2025-10-31,,,Disponível,Masculino,Amazon,NIKE,Poliéster,Tênis NIKE Nike Downshifter 13 masculino,,529.9,37.15,412,,,Cadarço,Borracha,https://m.media-amazon.com/images/I/61gMJLj++6L._AC_SY395_SX395_QL70_ML2_.jpg,https://www.amazon.com.br/T%C3%AAnis-masculino-Cinza-preto-antracite/dp/B0CSKNZLB2/ref=is_sr_s_dp_1?crid=DLJ5Z8MJX9ZM&dib=eyJ2IjoiMSJ9.4I-GuCzSc5xJGX7hj2hkhMg80-LghxaSxIJINCUBU9nw5NrP6tAVM14IgSwyUbZiGIfyjjl1sU05U38eXHZOet5yg4HOzV8C7ga7GecCUtEvLsknXaD3BAuO3ZBHz9g7uqADFqTniq8c6DGMIYQgkUNXiFiX538y9SqfwvG3_8Ts6qg37gREQ5IPuW0cUhOPvIFaFlc0nHSxt0zqQ9GXlUT3-jj8Ya9g-9x1-vZUVwKoNyxuxLjgMhCNdrTyv5WwnweWm1M-SeVOuz012iThQfGeNpXQrRIIQhtfywYm5y0.L8bNMlXa-IO-4X5Hol4hs6ZuXpp2oqN1k89ZY17MZus&dib_tag=se&keywords=tenis+de+corrida&qid=1761925736&sprefix=tenis+de+corrida%2Caps%2C739&sr=8-256&ufe=app_do%3Aamzn1.fos.25548f35-0de7-44b3-b28e-0f56f3f96147&xpid=ERuU6uEzXaAxz
4.0,Corrida de Rua,,2025-10-31,,,Disponível,Masculino,Amazon,NIKE,Poliéster,Tênis NIKE Nike Downshifter 13 masculino,,529.9,37.15,412,,,Cadarço,Borracha,https://m.media-amazon.com/images/I/61gMJLj++6L._AC_SY395_SX395_QL70_ML2_.jpg,https://www.amazon.com.br/T%C3%AAnis-masculino-Cinza-preto-antracite/dp/B0CSKNZLB2/ref=sr_1_256?crid=DLJ5Z8MJX9ZM&dib=eyJ2IjoiMSJ9.4I-GuCzSc5xJGX7hj2hkhMg80-LghxaSxIJINCUBU9nw5NrP6tAVM14IgSwyUbZiGIfyjjl1sU05U38eXHZOet5yg4HOzV8C7ga7GecCUtEvLsknXaD3BAuO3ZBHz9g7uqADFqTniq8c6DGMIYQgkUNXiFiX538y9SqfwvG3_8Ts6qg37gREQ5IPuW0cUhOPvIFaFlc0nHSxt0zqQ9GXlUT3-jj8Ya9g-9x1-vZUVwKoNyxuxLjgMhCNdrTyv5WwnweWm1M-SeVOuz012iThQfGeNpXQrRIIQhtfywYm5y0.L8bNMlXa-IO-4X5Hol4hs6ZuXpp2oqN1k89ZY17MZus&dib_tag=se&keywords=tenis+de+corrida&qid=1761925736&sprefix=tenis+de+corrida%2Caps%2C739&sr=8-256&ufe=app_do%3Aamzn1.fos.25548f35-0de7-44b3-b28e-0f56f3f96147&xpid=ERuU6uEzXaAxz
,Corrida de Rua,,2025-10-31,,,Disponível,Feminino,Amazon,Olympikus,Tecido,Tênis Olympikus Flit 4 Esportivo Feminino,,229.9,37.15,,,,Cadarço,Borracha,https://m.media-amazon.com/images/I/515jHAHsF9L._AC_SY395_SX395_QL70_ML2_.jpg,https://www.amazon.com.br/T%C3%AAnis-Olympikus-Flit-Esportivo-Feminino/dp/B0DKTV7DKL/ref=sr_1_255?crid=DLJ5Z8MJX9ZM&dib=eyJ2IjoiMSJ9.4I-GuCzSc5xJGX7hj2hkhMg80-LghxaSxIJINCUBU9nw5NrP6tAVM14IgSwyUbZiGIfyjjl1sU05U38eXHZOet5yg4HOzV8C7ga7GecCUtEvLsknXaD3BAuO3ZBHz9g7uqADFqTniq8c6DGMIYQgkUNXiFiX538y9SqfwvG3_8Ts6qg37gREQ5IPuW0cUhOPvIFaFlc0nHSxt0zqQ9GXlUT3-jj8Ya9g-9x1-vZUVwKoNyxuxLjgMhCNdrTyv5WwnweWm1M-SeVOuz012iThQfGeNpXQrRIIQhtfywYm5y0.L8bNMlXa-IO-4X5Hol4hs6ZuXpp2oqN1k89ZY17MZus&dib_tag=se&keywords=tenis+de+corrida&qid=1761925736&sprefix=tenis+de+corrida%2Caps%2C739&sr=8-255&ufe=app_do%3Aamzn1.fos.fcd6d665-32ba-4479-9f21-b774e276a678&xpid=ERuU6uEzXaAxz
4.6,Corrida de Rua,,2025-10-31,,,Disponível,Feminino,Amazon,ASICS,Malha,Tênis Feminino Asics Gel Sparta 2,,519.9,37.15,72,,Gel,Cadarço,Borracha,https://m.media-amazon.com/images/I/610E-LZB-PL._AC_SY395_SX395_QL70_ML2_.jpg,https://www.amazon.com.br/T%C3%AAnis-Asics-Gel-Sparta-Feminino-Preto/dp/B0DXXC7D1M/ref=is_sr_dp_4?crid=DLJ5Z8MJX9ZM&dib=eyJ2IjoiMSJ9.4I-GuCzSc5xJGX7hj2hkhMg80-LghxaSxIJINCUBU9nw5NrP6tAVM14IgSwyUbZiGIfyjjl1sU05U38eXHZOet5yg4HOzV8C7ga7GecCUtEvLsknXaD3BAuO3ZBHz9g7uqADFqTniq8c6DGMIYQgkUNXiFiX538y9SqfwvG3_8Ts6qg37gREQ5IPuW0cUhOPvIFaFlc0nHSxt0zqQ9GXlUT3-jj8Ya9g-9x1-vZUVwKoNyxuxLjgMhCNdrTyv5WwnweWm1M-SeVOuz012iThQfGeNpXQrRIIQhtfywYm5y0.L8bNMlXa-IO-4X5Hol4hs6ZuXpp2oqN1k89ZY17MZus&dib_tag=se&keywords=tenis+de+corrida&qid=1761925736&sprefix=tenis+de+corrida%2Caps%2C739&sr=8-254&ufe=app_do%3Aamzn1.fos.a492fd4a-f54d-4e8d-8c31-35e0a04ce61e&xpid=ERuU6uEzXaAxz
4.6,Corrida de Rua,,2025-10-31,,,Disponível,Feminino,Amazon,ASICS,Têxtil,Tênis Feminino Asics Gel Sparta 2,,459.0,37.15,72,,Gel,Cadarço,Borracha,https://m.media-amazon.com/images/I/516xdLqRg7L._AC_SY395_SX395_QL70_ML2_.jpg,https://www.amazon.com.br/T%C3%AAnis-Asics-Gel-Sparta-Feminino-Preto/dp/B0CC3Q1KV2/ref=is_sr_dp_3?crid=DLJ5Z8MJX9ZM&dib=eyJ2IjoiMSJ9.4I-GuCzSc5xJGX7hj2hkhMg80-LghxaSxIJINCUBU9nw5NrP6tAVM14IgSwyUbZiGIfyjjl1sU05U38eXHZOet5yg4HOzV8C7ga7GecCUtEvLsknXaD3BAuO3ZBHz9g7uqADFqTniq8c6DGMIYQgkUNXiFiX538y9SqfwvG3_8Ts6qg37gREQ5IPuW0cUhOPvIFaFlc0nHSxt0zqQ9GXlUT3-jj8Ya9g-9x1-vZUVwKoNyxuxLjgMhCNdrTyv5WwnweWm1M-SeVOuz012iThQfGeNpXQrRIIQhtfywYm5y0.L8bNMlXa-IO-4X5Hol4hs6ZuXpp2oqN1k89ZY17MZus&dib_tag=se&keywords=tenis+de+corrida&qid=1761925736&sprefix=tenis+de+corrida%2Caps%2C739&sr=8-254&ufe=app_do%3Aamzn1.fos.a492fd4a-f54d-4e8d-8c31-35e0a04ce61e&xpid=ERuU6uEzXaAxz
4.6,Corrida de Rua,,2025-10-31,,,Disponível,Feminino,Amazon,ASICS,Malha,Tênis Feminino Asics Gel Sparta 2,,379.99,37.15,72,,Gel,Cadarço,Borracha,https://m.media-amazon.com/images/I/512W3XAdp3L._AC_SY395_SX395_QL70_ML2_.jpg,https://www.amazon.com.br/T%C3%AAnis-Asics-Gel-Sparta-Feminino-Preto/dp/B0DXX1L4RF/ref=is_sr_dp_2?crid=DLJ5Z8MJX9ZM&dib=eyJ2IjoiMSJ9.4I-GuCzSc5xJGX7hj2hkhMg80-LghxaSxIJINCUBU9nw5NrP6tAVM14IgSwyUbZiGIfyjjl1sU05U38eXHZOet5yg4HOzV8C7ga7GecCUtEvLsknXaD3BAuO3ZBHz9g7uqADFqTniq8c6DGMIYQgkUNXiFiX538y9SqfwvG3_8Ts6qg37gREQ5IPuW0cUhOPvIFaFlc0nHSxt0zqQ9GXlUT3-jj8Ya9g-9x1-vZUVwKoNyxuxLjgMhCNdrTyv5WwnweWm1M-SeVOuz012iThQfGeNpXQrRIIQhtfywYm5y0.L8bNMlXa-IO-4X5Hol4hs6ZuXpp2oqN1k89ZY17MZus&dib_tag=se&keywords=tenis+de+corrida&qid=1761925736&sprefix=tenis+de+corrida%2Caps%2C739&sr=8-254&ufe=app_do%3Aamzn1.fos.a492fd4a-f54d-4e8d-8c31-35e0a04ce61e&xpid=ERuU6uEzXaAxz
4.6,Corrida de Rua,,2025-10-31,,,Disponível,Feminino,Amazon,ASICS,Não Aplicável,Tênis Feminino Asics Gel Sparta 2,,379.88,37.15,72,,Gel,Cadarço,Borracha,https://m.media-amazon.com/images/I/61+Mst9OosL._AC_SY395_SX395_QL70_ML2_.jpg,https://www.amazon.com.br/T%C3%AAnis-Asics-Gel-Sparta-Feminino-Preto/dp/B0DCH8M4PJ/ref=is_sr_s_dp_1?crid=DLJ5Z8MJX9ZM&dib=eyJ2IjoiMSJ9.4I-GuCzSc5xJGX7hj2hkhMg80-LghxaSxIJINCUBU9nw5NrP6tAVM14IgSwyUbZiGIfyjjl1sU05U38eXHZOet5yg4HOzV8C7ga7GecCUtEvLsknXaD3BAuO3ZBHz9g7uqADFqTniq8c6DGMIYQgkUNXiFiX538y9SqfwvG3_8Ts6qg37gREQ5IPuW0cUhOPvIFaFlc0nHSxt0zqQ9GXlUT3-jj8Ya9g-9x1-vZUVwKoNyxuxLjgMhCNdrTyv5WwnweWm1M-SeVOuz012iThQfGeNpXQrRIIQhtfywYm5y0.L8bNMlXa-IO-4X5Hol4hs6ZuXpp2oqN1k89ZY17MZus&dib_tag=se&keywords=tenis+de+corrida&qid=1761925736&sprefix=tenis+de+corrida%2Caps%2C739&sr=8-254&ufe=app_do%3Aamzn1.fos.a492fd4a-f54d-4e8d-8c31-35e0a04ce61e&xpid=ERuU6uEzXaAxz
4.6,Corrida de Rua,,2025-10-31,,,Disponível,Feminino,Amazon,ASICS,Não Aplicável,Tênis Feminino Asics Gel Sparta 2,,379.88,37.15,72,,Gel,Cadarço,Borracha,https://m.media-amazon.com/images/I/61+Mst9OosL._AC_SY395_SX395_QL70_ML2_.jpg,https://www.amazon.com.br/T%C3%AAnis-Asics-Gel-Sparta-Feminino-Preto/dp/B0DCH8M4PJ/ref=sr_1_254?crid=DLJ5Z8MJX9ZM&dib=eyJ2IjoiMSJ9.4I-GuCzSc5xJGX7hj2hkhMg80-LghxaSxIJINCUBU9nw5NrP6tAVM14IgSwyUbZiGIfyjjl1sU05U38eXHZOet5yg4HOzV8C7ga7GecCUtEvLsknXaD3BAuO3ZBHz9g7uqADFqTniq8c6DGMIYQgkUNXiFiX538y9SqfwvG3_8Ts6qg37gREQ5IPuW0cUhOPvIFaFlc0nHSxt0zqQ9GXlUT3-jj8Ya9g-9x1-vZUVwKoNyxuxLjgMhCNdrTyv5WwnweWm1M-SeVOuz012iThQfGeNpXQrRIIQhtfywYm5y0.L8bNMlXa-IO-4X5Hol4hs6ZuXpp2oqN1k89ZY17MZus&dib_tag=se&keywords=tenis+de+corrida&qid=1761925736&sprefix=tenis+de+corrida%2Caps%2C739&sr=8-254&ufe=app_do%3Aamzn1.fos.a492fd4a-f54d-4e8d-8c31-35e0a04ce61e&xpid=ERuU6uEzXaAxz
4.3,Corrida de Rua,,2025-10-31,,,Disponível,Masculino,Amazon,Luiza Paula,Nylon,Tênis Feminino Masculino Academia Confortável Macio Corrida,,99.9,,95,,,Cadarço,Acetato vinilo de etileno,https://m.media-amazon.com/images/I/516GewHEWYL._AC_SY395_SX395_QL70_ML2_.jpg,https://www.amazon.com.br/Feminino-Masculino-Academia-Confort%C3%A1vel-Corrida/dp/B0C91NHGKG/ref=is_sr_dp_n?crid=DLJ5Z8MJX9ZM&dib=eyJ2IjoiMSJ9.4I-GuCzSc5xJGX7hj2hkhMg80-LghxaSxIJINCUBU9nw5NrP6tAVM14IgSwyUbZiGIfyjjl1sU05U38eXHZOet5yg4HOzV8C7ga7GecCUtEvLsknXaD3BAuO3ZBHz9g7uqADFqTniq8c6DGMIYQgkUNXiFiX538y9SqfwvG3_8Ts6qg37gREQ5IPuW0cUhOPvIFaFlc0nHSxt0zqQ9GXlUT3-jj8Ya9g-9x1-vZUVwKoNyxuxLjgMhCNdrTyv5WwnweWm1M-SeVOuz012iThQfGeNpXQrRIIQhtfywYm5y0.L8bNMlXa-IO-4X5Hol4hs6ZuXpp2oqN1k89ZY17MZus&dib_tag=se&keywords=tenis+de+corrida&qid=1761925736&sprefix=tenis+de+corrida%2Caps%2C739&sr=8-252&ufe=app_do%3Aamzn1.fos.6d798eae-cadf-45de-946a-f477d47705b9&xpid=ERuU6uEzXaAxz
4.3,Corrida de Rua,,2025-10-31,,,Disponível,Masculino,Amazon,Luiza Paula,Nylon,Tênis Feminino Masculino Academia Confortável Macio Corrida,,99.9,37.15,95,,,Cadarço,Borracha,https://m.media-amazon.com/images/I/61RjNubDxRL._AC_SY395_SX395_QL70_ML2_.jpg,https://www.amazon.com.br/Feminino-Masculino-Academia-Confort%C3%A1vel-Corrida/dp/B0C929CXPM/ref=is_sr_dp_6?crid=DLJ5Z8MJX9ZM&dib=eyJ2IjoiMSJ9.4I-GuCzSc5xJGX7hj2hkhMg80-LghxaSxIJINCUBU9nw5NrP6tAVM14IgSwyUbZiGIfyjjl1sU05U38eXHZOet5yg4HOzV8C7ga7GecCUtEvLsknXaD3BAuO3ZBHz9g7uqADFqTniq8c6DGMIYQgkUNXiFiX538y9SqfwvG3_8Ts6qg37gREQ5IPuW0cUhOPvIFaFlc0nHSxt0zqQ9GXlUT3-jj8Ya9g-9x1-vZUVwKoNyxuxLjgMhCNdrTyv5WwnweWm1M-SeVOuz012iThQfGeNpXQrRIIQhtfywYm5y0.L8bNMlXa-IO-4X5Hol4hs6ZuXpp2oqN1k89ZY17MZus&dib_tag=se&keywords=tenis+de+corrida&qid=1761925736&sprefix=tenis+de+corrida%2Caps%2C739&sr=8-252&ufe=app_do%3Aamzn1.fos.6d798eae-cadf-45de-946a-f477d47705b9&xpid=ERuU6uEzXaAxz
4.3,Corrida de Rua,,2025-10-31,,,Disponível,Masculino,Amazon,Luiza Paula,Nylon,Tênis Feminino Masculino Academia Confortável Macio Corrida,,99.9,,95,,,Cadarço,Acetato vinilo de etileno,https://m.media-amazon.com/images/I/61WCqo-27bL._AC_SY395_SX395_QL70_ML2_.jpg,https://www.amazon.com.br/Feminino-Masculino-Academia-Confort%C3%A1vel-Corrida/dp/B0C91PPBC4/ref=is_sr_s_dp_5?crid=DLJ5Z8MJX9ZM&dib=eyJ2IjoiMSJ9.4I-GuCzSc5xJGX7hj2hkhMg80-LghxaSxIJINCUBU9nw5NrP6tAVM14IgSwyUbZiGIfyjjl1sU05U38eXHZOet5yg4HOzV8C7ga7GecCUtEvLsknXaD3BAuO3ZBHz9g7uqADFqTniq8c6DGMIYQgkUNXiFiX538y9SqfwvG3_8Ts6qg37gREQ5IPuW0cUhOPvIFaFlc0nHSxt0zqQ9GXlUT3-jj8Ya9g-9x1-vZUVwKoNyxuxLjgMhCNdrTyv5WwnweWm1M-SeVOuz012iThQfGeNpXQrRIIQhtfywYm5y0.L8bNMlXa-IO-4X5Hol4hs6ZuXpp2oqN1k89ZY17MZus&dib_tag=se&keywords=tenis+de+corrida&qid=1761925736&sprefix=tenis+de+corrida%2Caps%2C739&sr=8-252&ufe=app_do%3Aamzn1.fos.6d798eae-cadf-45de-946a-f477d47705b9&xpid=ERuU6uEzXaAxz
4.3,Corrida de Rua,,2025-10-31,,,Disponível,Masculino,Amazon,Luiza Paula,Nylon,Tênis Feminino Masculino Academia Confortável Macio Corrida,,99.9,37.15,95,,,Cadarço,Acetato vinilo de etileno,https://m.media-amazon.com/images/I/61wFQEllIwL._AC_SY395_SX395_QL70_ML2_.jpg,https://www.amazon.com.br/Feminino-Masculino-Academia-Confort%C3%A1vel-Corrida/dp/B0C926W9LZ/ref=is_sr_s_dp_4?crid=DLJ5Z8MJX9ZM&dib=eyJ2IjoiMSJ9.4I-GuCzSc5xJGX7hj2hkhMg80-LghxaSxIJINCUBU9nw5NrP6tAVM14IgSwyUbZiGIfyjjl1sU05U38eXHZOet5yg4HOzV8C7ga7GecCUtEvLsknXaD3BAuO3ZBHz9g7uqADFqTniq8c6DGMIYQgkUNXiFiX538y9SqfwvG3_8Ts6qg37gREQ5IPuW0cUhOPvIFaFlc0nHSxt0zqQ9GXlUT3-jj8Ya9g-9x1-vZUVwKoNyxuxLjgMhCNdrTyv5WwnweWm1M-SeVOuz012iThQfGeNpXQrRIIQhtfywYm5y0.L8bNMlXa-IO-4X5Hol4hs6ZuXpp2oqN1k89ZY17MZus&dib_tag=se&keywords=tenis+de+corrida&qid=1761925736&sprefix=tenis+de+corrida%2Caps%2C739&sr=8-252&ufe=app_do%3Aamzn1.fos.6d798eae-cadf-45de-946a-f477d47705b9&xpid=ERuU6uEzXaAxz
4.3,Corrida de Rua,,2025-10-31,,,Disponível,Masculino,Amazon,Luiza Paula,Nylon,Tênis Feminino Masculino Academia Confortável Macio Corrida,,99.9,37.15,95,,,Cadarço,Borracha,https://m.media-amazon.com/images/I/61xW39pTQPL._AC_SY395_SX395_QL70_ML2_.jpg,https://www.amazon.com.br/Feminino-Masculino-Academia-Confort%C3%A1vel-Corrida/dp/B0C91TGQM4/ref=is_sr_dp_3?crid=DLJ5Z8MJX9ZM&dib=eyJ2IjoiMSJ9.4I-GuCzSc5xJGX7hj2hkhMg80-LghxaSxIJINCUBU9nw5NrP6tAVM14IgSwyUbZiGIfyjjl1sU05U38eXHZOet5yg4HOzV8C7ga7GecCUtEvLsknXaD3BAuO3ZBHz9g7uqADFqTniq8c6DGMIYQgkUNXiFiX538y9SqfwvG3_8Ts6qg37gREQ5IPuW0cUhOPvIFaFlc0nHSxt0zqQ9GXlUT3-jj8Ya9g-9x1-vZUVwKoNyxuxLjgMhCNdrTyv5WwnweWm1M-SeVOuz012iThQfGeNpXQrRIIQhtfywYm5y0.L8bNMlXa-IO-4X5Hol4hs6ZuXpp2oqN1k89ZY17MZus&dib_tag=se&keywords=tenis+de+corrida&qid=1761925736&sprefix=tenis+de+corrida%2Caps%2C739&sr=8-252&ufe=app_do%3Aamzn1.fos.6d798eae-cadf-45de-946a-f477d47705b9&xpid=ERuU6uEzXaAxz
4.3,Corrida de Rua,,2025-10-31,,,Disponível,Masculino,Amazon,Luiza Paula,Nylon,Tênis Feminino Masculino Academia Confortável Macio Corrida,,99.9,,95,,,Cadarço,Acetato vinilo de etileno,https://m.media-amazon.com/images/I/61qkEgTmmNL._AC_SY395_SX395_QL70_ML2_.jpg,https://www.amazon.com.br/Feminino-Masculino-Academia-Confort%C3%A1vel-Corrida/dp/B0C91T4FQL/ref=is_sr_dp_2?crid=DLJ5Z8MJX9ZM&dib=eyJ2IjoiMSJ9.4I-GuCzSc5xJGX7hj2hkhMg80-LghxaSxIJINCUBU9nw5NrP6tAVM14IgSwyUbZiGIfyjjl1sU05U38eXHZOet5yg4HOzV8C7ga7GecCUtEvLsknXaD3BAuO3ZBHz9g7uqADFqTniq8c6DGMIYQgkUNXiFiX538y9SqfwvG3_8Ts6qg37gREQ5IPuW0cUhOPvIFaFlc0nHSxt0zqQ9GXlUT3-jj8Ya9g-9x1-vZUVwKoNyxuxLjgMhCNdrTyv5WwnweWm1M-SeVOuz012iThQfGeNpXQrRIIQhtfywYm5y0.L8bNMlXa-IO-4X5Hol4hs6ZuXpp2oqN1k89ZY17MZus&dib_tag=se&keywords=tenis+de+corrida&qid=1761925736&sprefix=tenis+de+corrida%2Caps%2C739&sr=8-252&ufe=app_do%3Aamzn1.fos.6d798eae-cadf-45de-946a-f477d47705b9&xpid=ERuU6uEzXaAxz
4.3,Corrida de Rua,,2025-10-31,,,Disponível,Masculino,Amazon,Luiza Paula,Nylon,Tênis Feminino Masculino Academia Confortável Macio Corrida,,99.9,37.15,95,,,Cadarço,Acetato vinilo de etileno,https://m.media-amazon.com/images/I/516GewHEWYL._AC_SY395_SX395_QL70_ML2_.jpg,https://www.amazon.com.br/Feminino-Masculino-Academia-Confort%C3%A1vel-Corrida/dp/B0C91NHGKG/ref=is_sr_s_dp_1?crid=DLJ5Z8MJX9ZM&dib=eyJ2IjoiMSJ9.4I-GuCzSc5xJGX7hj2hkhMg80-LghxaSxIJINCUBU9nw5NrP6tAVM14IgSwyUbZiGIfyjjl1sU05U38eXHZOet5yg4HOzV8C7ga7GecCUtEvLsknXaD3BAuO3ZBHz9g7uqADFqTniq8c6DGMIYQgkUNXiFiX538y9SqfwvG3_8Ts6qg37gREQ5IPuW0cUhOPvIFaFlc0nHSxt0zqQ9GXlUT3-jj8Ya9g-9x1-vZUVwKoNyxuxLjgMhCNdrTyv5WwnweWm1M-SeVOuz012iThQfGeNpXQrRIIQhtfywYm5y0.L8bNMlXa-IO-4X5Hol4hs6ZuXpp2oqN1k89ZY17MZus&dib_tag=se&keywords=tenis+de+corrida&qid=1761925736&sprefix=tenis+de+corrida%2Caps%2C739&sr=8-252&ufe=app_do%3Aamzn1.fos.6d798eae-cadf-45de-946a-f477d47705b9&xpid=ERuU6uEzXaAxz
4.3,Corrida de Rua,,2025-10-31,,,Disponível,Masculino,Amazon,Luiza Paula,Nylon,Tênis Feminino Masculino Academia Confortável Macio Corrida,,99.9,37.15,95,,,Cadarço,Acetato vinilo de etileno,https://m.media-amazon.com/images/I/516GewHEWYL._AC_SY395_SX395_QL70_ML2_.jpg,https://www.amazon.com.br/Feminino-Masculino-Academia-Confort%C3%A1vel-Corrida/dp/B0C91NHGKG/ref=sr_1_252?crid=DLJ5Z8MJX9ZM&dib=eyJ2IjoiMSJ9.4I-GuCzSc5xJGX7hj2hkhMg80-LghxaSxIJINCUBU9nw5NrP6tAVM14IgSwyUbZiGIfyjjl1sU05U38eXHZOet5yg4HOzV8C7ga7GecCUtEvLsknXaD3BAuO3ZBHz9g7uqADFqTniq8c6DGMIYQgkUNXiFiX538y9SqfwvG3_8Ts6qg37gREQ5IPuW0cUhOPvIFaFlc0nHSxt0zqQ9GXlUT3-jj8Ya9g-9x1-vZUVwKoNyxuxLjgMhCNdrTyv5WwnweWm1M-SeVOuz012iThQfGeNpXQrRIIQhtfywYm5y0.L8bNMlXa-IO-4X5Hol4hs6ZuXpp2oqN1k89ZY17MZus&dib_tag=se&keywords=tenis+de+corrida&qid=1761925736&sprefix=tenis+de+corrida%2Caps%2C739&sr=8-252&ufe=app_do%3Aamzn1.fos.6d798eae-cadf-45de-946a-f477d47705b9&xpid=ERuU6uEzXaAxz
4.5,Tênis para Academia,,2025-10-31,,,Disponível,Feminino,Amazon,Nog,Malha,Tênis Feminino Macio Esportivo Para Academia Meia de Caminhada Leve,,99.99,37.15,2,,,Cadarço,Borracha,https://m.media-amazon.com/images/I/51Gf12DMo3L._AC_SY395_SX395_QL70_ML2_.jpg,https://www.amazon.com.br/Feminino-Esportivo-Academia-Caminhada-Num%C3%A9rico/dp/B0FHRPB3H9/ref=is_sr_dp?crid=DLJ5Z8MJX9ZM&dib=eyJ2IjoiMSJ9.4I-GuCzSc5xJGX7hj2hkhMg80-LghxaSxIJINCUBU9nw5NrP6tAVM14IgSwyUbZiGIfyjjl1sU05U38eXHZOet5yg4HOzV8C7ga7GecCUtEvLsknXaD3BAuO3ZBHz9g7uqADFqTniq8c6DGMIYQgkUNXiFiX538y9SqfwvG3_8Ts6qg37gREQ5IPuW0cUhOPvIFaFlc0nHSxt0zqQ9GXlUT3-jj8Ya9g-9x1-vZUVwKoNyxuxLjgMhCNdrTyv5WwnweWm1M-SeVOuz012iThQfGeNpXQrRIIQhtfywYm5y0.L8bNMlXa-IO-4X5Hol4hs6ZuXpp2oqN1k89ZY17MZus&dib_tag=se&keywords=tenis+de+corrida&qid=1761925736&sprefix=tenis+de+corrida%2Caps%2C739&sr=8-251&ufe=app_do%3Aamzn1.fos.6d798eae-cadf-45de-946a-f477d47705b9&xpid=ERuU6uEzXaAxz
4.5,Tênis para Academia,,2025-10-31,,,Disponível,Feminino,Amazon,Nog,Malha,Tênis Feminino Macio Esportivo Para Academia Meia de Caminhada Leve,,99.99,37.15,2,,,Cadarço,Borracha,https://m.media-amazon.com/images/I/51Gf12DMo3L._AC_SY395_SX395_QL70_ML2_.jpg,https://www.amazon.com.br/Feminino-Esportivo-Academia-Caminhada-Num%C3%A9rico/dp/B0FHRPB3H9/ref=sr_1_251?crid=DLJ5Z8MJX9ZM&dib=eyJ2IjoiMSJ9.4I-GuCzSc5xJGX7hj2hkhMg80-LghxaSxIJINCUBU9nw5NrP6tAVM14IgSwyUbZiGIfyjjl1sU05U38eXHZOet5yg4HOzV8C7ga7GecCUtEvLsknXaD3BAuO3ZBHz9g7uqADFqTniq8c6DGMIYQgkUNXiFiX538y9SqfwvG3_8Ts6qg37gREQ5IPuW0cUhOPvIFaFlc0nHSxt0zqQ9GXlUT3-jj8Ya9g-9x1-vZUVwKoNyxuxLjgMhCNdrTyv5WwnweWm1M-SeVOuz012iThQfGeNpXQrRIIQhtfywYm5y0.L8bNMlXa-IO-4X5Hol4hs6ZuXpp2oqN1k89ZY17MZus&dib_tag=se&keywords=tenis+de+corrida&qid=1761925736&sprefix=tenis+de+corrida%2Caps%2C739&sr=8-251&ufe=app_do%3Aamzn1.fos.6d798eae-cadf-45de-946a-f477d47705b9&xpid=ERuU6uEzXaAxz
3.9,Corrida de Rua,,2025-10-31,,,Disponível,Masculino,Amazon,QueroShoes,Nylon,Kit 2 Tênis Masculino Corrida e Academia Esportivo Confortável,,149.9,,110,,,Cadarço,Borracha,https://m.media-amazon.com/images/I/61yyBqQB+PL._AC_SY395_SX395_QL70_ML2_.jpg,https://www.amazon.com.br/Masculino-Corrida-Academia-Esportivo-Confort%C3%A1vel/dp/B0BSDQJZH9/ref=is_sr_s_dp_4?crid=DLJ5Z8MJX9ZM&dib=eyJ2IjoiMSJ9.4I-GuCzSc5xJGX7hj2hkhMg80-LghxaSxIJINCUBU9nw5NrP6tAVM14IgSwyUbZiGIfyjjl1sU05U38eXHZOet5yg4HOzV8C7ga7GecCUtEvLsknXaD3BAuO3ZBHz9g7uqADFqTniq8c6DGMIYQgkUNXiFiX538y9SqfwvG3_8Ts6qg37gREQ5IPuW0cUhOPvIFaFlc0nHSxt0zqQ9GXlUT3-jj8Ya9g-9x1-vZUVwKoNyxuxLjgMhCNdrTyv5WwnweWm1M-SeVOuz012iThQfGeNpXQrRIIQhtfywYm5y0.L8bNMlXa-IO-4X5Hol4hs6ZuXpp2oqN1k89ZY17MZus&dib_tag=se&keywords=tenis+de+corrida&qid=1761925736&sprefix=tenis+de+corrida%2Caps%2C739&sr=8-250&ufe=app_do%3Aamzn1.fos.a492fd4a-f54d-4e8d-8c31-35e0a04ce61e&xpid=ERuU6uEzXaAxz
4.2,Tênis para Academia,,2025-10-31,,,Disponível,Feminino,Amazon,It Shoes,Nylon,Tênis Feminino Esportivo Caminhada Academia Corrida,,105.35,37.15,301,,,Cadarço,Microexpandido,https://m.media-amazon.com/images/I/61O6feFGv5L._AC_SY395_SX395_QL70_ML2_.jpg,https://www.amazon.com.br/Feminino-Esportivo-Caminhada-Academia-Num%C3%A9rico/dp/B0D1KY1J9N/ref=is_sr_dp_n?crid=DLJ5Z8MJX9ZM&dib=eyJ2IjoiMSJ9.4I-GuCzSc5xJGX7hj2hkhMg80-LghxaSxIJINCUBU9nw5NrP6tAVM14IgSwyUbZiGIfyjjl1sU05U38eXHZOet5yg4HOzV8C7ga7GecCUtEvLsknXaD3BAuO3ZBHz9g7uqADFqTniq8c6DGMIYQgkUNXiFiX538y9SqfwvG3_8Ts6qg37gREQ5IPuW0cUhOPvIFaFlc0nHSxt0zqQ9GXlUT3-jj8Ya9g-9x1-vZUVwKoNyxuxLjgMhCNdrTyv5WwnweWm1M-SeVOuz012iThQfGeNpXQrRIIQhtfywYm5y0.L8bNMlXa-IO-4X5Hol4hs6ZuXpp2oqN1k89ZY17MZus&dib_tag=se&keywords=tenis+de+corrida&qid=1761925736&sprefix=tenis+de+corrida%2Caps%2C739&sr=8-249&ufe=app_do%3Aamzn1.fos.6121c6c4-c969-43ae-92f7-cc248fc6181d&xpid=ERuU6uEzXaAxz
4.2,Tênis para Academia,,2025-10-31,9.83,,Disponível,Feminino,Amazon,It Shoes,Nylon,Tênis Feminino Esportivo Caminhada Academia Corrida,,99.999,110.9,301,,,Cadarço,PVC Microexpandido,https://m.media-amazon.com/images/I/41Ba+l-pF3L._AC_SY395_SX395_QL70_ML2_.jpg,https://www.amazon.com.br/Feminino-Esportivo-Caminhada-Academia-Num%C3%A9rico/dp/B0D1KZ1V2F/ref=is_sr_dp_6?crid=DLJ5Z8MJX9ZM&dib=eyJ2IjoiMSJ9.4I-GuCzSc5xJGX7hj2hkhMg80-LghxaSxIJINCUBU9nw5NrP6tAVM14IgSwyUbZiGIfyjjl1sU05U38eXHZOet5yg4HOzV8C7ga7GecCUtEvLsknXaD3BAuO3ZBHz9g7uqADFqTniq8c6DGMIYQgkUNXiFiX538y9SqfwvG3_8Ts6qg37gREQ5IPuW0cUhOPvIFaFlc0nHSxt0zqQ9GXlUT3-jj8Ya9g-9x1-vZUVwKoNyxuxLjgMhCNdrTyv5WwnweWm1M-SeVOuz012iThQfGeNpXQrRIIQhtfywYm5y0.L8bNMlXa-IO-4X5Hol4hs6ZuXpp2oqN1k89ZY17MZus&dib_tag=se&keywords=tenis+de+corrida&qid=1761925736&sprefix=tenis+de+corrida%2Caps%2C739&sr=8-249&ufe=app_do%3Aamzn1.fos.6121c6c4-c969-43ae-92f7-cc248fc6181d&xpid=ERuU6uEzXaAxz
4.2,Tênis para Academia,,2025-10-31,,,Verificar disponibilidade,Feminino,Amazon,It Shoes,Nylon,Tênis Feminino Esportivo Caminhada Academia Corrida,,198.99,37.15,301,,,Cadarço,PVC Microexpandido Antiderrapante,https://m.media-amazon.com/images/I/61zY00ZrJnL._AC_SY395_SX395_QL70_ML2_.jpg,https://www.amazon.com.br/Feminino-Esportivo-Caminhada-Academia-Num%C3%A9rico/dp/B0BVRGZYGM/ref=is_sr_dp_5?crid=DLJ5Z8MJX9ZM&dib=eyJ2IjoiMSJ9.4I-GuCzSc5xJGX7hj2hkhMg80-LghxaSxIJINCUBU9nw5NrP6tAVM14IgSwyUbZiGIfyjjl1sU05U38eXHZOet5yg4HOzV8C7ga7GecCUtEvLsknXaD3BAuO3ZBHz9g7uqADFqTniq8c6DGMIYQgkUNXiFiX538y9SqfwvG3_8Ts6qg37gREQ5IPuW0cUhOPvIFaFlc0nHSxt0zqQ9GXlUT3-jj8Ya9g-9x1-vZUVwKoNyxuxLjgMhCNdrTyv5WwnweWm1M-SeVOuz012iThQfGeNpXQrRIIQhtfywYm5y0.L8bNMlXa-IO-4X5Hol4hs6ZuXpp2oqN1k89ZY17MZus&dib_tag=se&keywords=tenis+de+corrida&qid=1761925736&sprefix=tenis+de+corrida%2Caps%2C739&sr=8-249&ufe=app_do%3Aamzn1.fos.6121c6c4-c969-43ae-92f7-cc248fc6181d&xpid=ERuU6uEzXaAxz
4.2,Tênis para Academia,,2025-10-31,,,Verificar disponibilidade,Feminino,Amazon,It Shoes,Nylon,Tênis Feminino Esportivo Caminhada Academia Corrida,,198.99,37.15,301,,,Cadarço,PVC Microexpandido Antiderrapante,https://m.media-amazon.com/images/I/61Lxm8v8bJL._AC_SY395_SX395_QL70_ML2_.jpg,https://www.amazon.com.br/Feminino-Esportivo-Caminhada-Academia-Num%C3%A9rico/dp/B0D1KZCH1G/ref=is_sr_dp_3?crid=DLJ5Z8MJX9ZM&dib=eyJ2IjoiMSJ9.4I-GuCzSc5xJGX7hj2hkhMg80-LghxaSxIJINCUBU9nw5NrP6tAVM14IgSwyUbZiGIfyjjl1sU05U38eXHZOet5yg4HOzV8C7ga7GecCUtEvLsknXaD3BAuO3ZBHz9g7uqADFqTniq8c6DGMIYQgkUNXiFiX538y9SqfwvG3_8Ts6qg37gREQ5IPuW0cUhOPvIFaFlc0nHSxt0zqQ9GXlUT3-jj8Ya9g-9x1-vZUVwKoNyxuxLjgMhCNdrTyv5WwnweWm1M-SeVOuz012iThQfGeNpXQrRIIQhtfywYm5y0.L8bNMlXa-IO-4X5Hol4hs6ZuXpp2oqN1k89ZY17MZus&dib_tag=se&keywords=tenis+de+corrida&qid=1761925736&sprefix=tenis+de+corrida%2Caps%2C739&sr=8-249&ufe=app_do%3Aamzn1.fos.6121c6c4-c969-43ae-92f7-cc248fc6181d&xpid=ERuU6uEzXaAxz
4.2,Tênis para Academia,,2025-10-31,,,Verificar disponibilidade,Feminino,Amazon,It Shoes,Nylon,Tênis Feminino Esportivo Caminhada Academia Corrida,,198.99,37.15,301,,,Cadarço,PVC Microexpandido,https://m.media-amazon.com/images/I/61jR-r7LhTL._AC_SY395_SX395_QL70_ML2_.jpg,https://www.amazon.com.br/Feminino-Esportivo-Caminhada-Academia-Num%C3%A9rico/dp/B0BVMM57WJ/ref=is_sr_s_dp_2?crid=DLJ5Z8MJX9ZM&dib=eyJ2IjoiMSJ9.4I-GuCzSc5xJGX7hj2hkhMg80-LghxaSxIJINCUBU9nw5NrP6tAVM14IgSwyUbZiGIfyjjl1sU05U38eXHZOet5yg4HOzV8C7ga7GecCUtEvLsknXaD3BAuO3ZBHz9g7uqADFqTniq8c6DGMIYQgkUNXiFiX538y9SqfwvG3_8Ts6qg37gREQ5IPuW0cUhOPvIFaFlc0nHSxt0zqQ9GXlUT3-jj8Ya9g-9x1-vZUVwKoNyxuxLjgMhCNdrTyv5WwnweWm1M-SeVOuz012iThQfGeNpXQrRIIQhtfywYm5y0.L8bNMlXa-IO-4X5Hol4hs6ZuXpp2oqN1k89ZY17MZus&dib_tag=se&keywords=tenis+de+corrida&qid=1761925736&sprefix=tenis+de+corrida%2Caps%2C739&sr=8-249&ufe=app_do%3Aamzn1.fos.6121c6c4-c969-43ae-92f7-cc248fc6181d&xpid=ERuU6uEzXaAxz
4.2,Tênis para Academia,,2025-10-31,,,Disponível,Feminino,Amazon,It Shoes,Nylon,Tênis Feminino Esportivo Caminhada Academia Corrida,,105.35,37.15,301,,,Cadarço,Microexpandido,https://m.media-amazon.com/images/I/61O6feFGv5L._AC_SY395_SX395_QL70_ML2_.jpg,https://www.amazon.com.br/Feminino-Esportivo-Caminhada-Academia-Num%C3%A9rico/dp/B0D1KY1J9N/ref=is_sr_s_dp_1?crid=DLJ5Z8MJX9ZM&dib=eyJ2IjoiMSJ9.4I-GuCzSc5xJGX7hj2hkhMg80-LghxaSxIJINCUBU9nw5NrP6tAVM14IgSwyUbZiGIfyjjl1sU05U38eXHZOet5yg4HOzV8C7ga7GecCUtEvLsknXaD3BAuO3ZBHz9g7uqADFqTniq8c6DGMIYQgkUNXiFiX538y9SqfwvG3_8Ts6qg37gREQ5IPuW0cUhOPvIFaFlc0nHSxt0zqQ9GXlUT3-jj8Ya9g-9x1-vZUVwKoNyxuxLjgMhCNdrTyv5WwnweWm1M-SeVOuz012iThQfGeNpXQrRIIQhtfywYm5y0.L8bNMlXa-IO-4X5Hol4hs6ZuXpp2oqN1k89ZY17MZus&dib_tag=se&keywords=tenis+de+corrida&qid=1761925736&sprefix=tenis+de+corrida%2Caps%2C739&sr=8-249&ufe=app_do%3Aamzn1.fos.6121c6c4-c969-43ae-92f7-cc248fc6181d&xpid=ERuU6uEzXaAxz
4.2,Tênis para Academia,,2025-10-31,,,Disponível,Feminino,Amazon,It Shoes,Nylon,Tênis Feminino Esportivo Caminhada Academia Corrida,,105.35,37.15,301,,,Cadarço,Microexpandido,https://m.media-amazon.com/images/I/61O6feFGv5L._AC_SY395_SX395_QL70_ML2_.jpg,https://www.amazon.com.br/Feminino-Esportivo-Caminhada-Academia-Num%C3%A9rico/dp/B0D1KY1J9N/ref=sr_1_249?crid=DLJ5Z8MJX9ZM&dib=eyJ2IjoiMSJ9.4I-GuCzSc5xJGX7hj2hkhMg80-LghxaSxIJINCUBU9nw5NrP6tAVM14IgSwyUbZiGIfyjjl1sU05U38eXHZOet5yg4HOzV8C7ga7GecCUtEvLsknXaD3BAuO3ZBHz9g7uqADFqTniq8c6DGMIYQgkUNXiFiX538y9SqfwvG3_8Ts6qg37gREQ5IPuW0cUhOPvIFaFlc0nHSxt0zqQ9GXlUT3-jj8Ya9g-9x1-vZUVwKoNyxuxLjgMhCNdrTyv5WwnweWm1M-SeVOuz012iThQfGeNpXQrRIIQhtfywYm5y0.L8bNMlXa-IO-4X5Hol4hs6ZuXpp2oqN1k89ZY17MZus&dib_tag=se&keywords=tenis+de+corrida&qid=1761925736&sprefix=tenis+de+corrida%2Caps%2C739&sr=8-249&ufe=app_do%3Aamzn1.fos.6121c6c4-c969-43ae-92f7-cc248fc6181d&xpid=ERuU6uEzXaAxz
,Corrida de Rua,,2025-10-31,,,Disponível,Feminino,Amazon,Sandrini,Poliéster,Tênis Sandrini Liz Feminino Caminhada Corrida Academia,,104.99,,,,,Cadarço,Borracha,https://m.media-amazon.com/images/I/61iEgdlRRvL._AC_SY395_SX395_QL70_ML2_.jpg,https://www.amazon.com.br/Sandrini-Feminino-Caminhada-Academia-Num%C3%A9rico/dp/B0FHQSBH6S/ref=sr_1_248?crid=DLJ5Z8MJX9ZM&dib=eyJ2IjoiMSJ9.4I-GuCzSc5xJGX7hj2hkhMg80-LghxaSxIJINCUBU9nw5NrP6tAVM14IgSwyUbZiGIfyjjl1sU05U38eXHZOet5yg4HOzV8C7ga7GecCUtEvLsknXaD3BAuO3ZBHz9g7uqADFqTniq8c6DGMIYQgkUNXiFiX538y9SqfwvG3_8Ts6qg37gREQ5IPuW0cUhOPvIFaFlc0nHSxt0zqQ9GXlUT3-jj8Ya9g-9x1-vZUVwKoNyxuxLjgMhCNdrTyv5WwnweWm1M-SeVOuz012iThQfGeNpXQrRIIQhtfywYm5y0.L8bNMlXa-IO-4X5Hol4hs6ZuXpp2oqN1k89ZY17MZus&dib_tag=se&keywords=tenis+de+corrida&qid=1761925736&sprefix=tenis+de+corrida%2Caps%2C739&sr=8-248&ufe=app_do%3Aamzn1.fos.6121c6c4-c969-43ae-92f7-cc248fc6181d&xpid=ERuU6uEzXaAxz
,Corrida de Rua,,2025-10-31,5.0,,Disponível,Masculino,Amazon,Genérico,Nylon,Tênis Esportivo Masculino Leve Confortável 5 Cores Academia Corrida Treino Solado Borracha Tamanhos 37 ao 43,,74.955,78.9,,,,Cadarço,Borracha,https://m.media-amazon.com/images/I/61CZtPES2NL._AC_SY395_SX395_QL70_ML2_.jpg,https://www.amazon.com.br/Esportivo-Masculino-Confort%C3%A1vel-Academia-Borracha/dp/B0FL16DYHD/ref=is_sr_s_dp_1?crid=DLJ5Z8MJX9ZM&dib=eyJ2IjoiMSJ9.4I-GuCzSc5xJGX7hj2hkhMg80-LghxaSxIJINCUBU9nw5NrP6tAVM14IgSwyUbZiGIfyjjl1sU05U38eXHZOet5yg4HOzV8C7ga7GecCUtEvLsknXaD3BAuO3ZBHz9g7uqADFqTniq8c6DGMIYQgkUNXiFiX538y9SqfwvG3_8Ts6qg37gREQ5IPuW0cUhOPvIFaFlc0nHSxt0zqQ9GXlUT3-jj8Ya9g-9x1-vZUVwKoNyxuxLjgMhCNdrTyv5WwnweWm1M-SeVOuz012iThQfGeNpXQrRIIQhtfywYm5y0.L8bNMlXa-IO-4X5Hol4hs6ZuXpp2oqN1k89ZY17MZus&dib_tag=se&keywords=tenis+de+corrida&qid=1761925736&sprefix=tenis+de+corrida%2Caps%2C739&sr=8-247&ufe=app_do%3Aamzn1.fos.6d798eae-cadf-45de-946a-f477d47705b9&xpid=ERuU6uEzXaAxz
,Corrida de Rua,,2025-10-31,5.0,,Disponível,Masculino,Amazon,Genérico,Nylon,Tênis Esportivo Masculino Leve Confortável 5 Cores Academia Corrida Treino Solado Borracha Tamanhos 37 ao 43,,74.955,78.9,,,,Cadarço,Borracha,https://m.media-amazon.com/images/I/61CZtPES2NL._AC_SY395_SX395_QL70_ML2_.jpg,https://www.amazon.com.br/Esportivo-Masculino-Confort%C3%A1vel-Academia-Borracha/dp/B0FL16DYHD/ref=sr_1_247?crid=DLJ5Z8MJX9ZM&dib=eyJ2IjoiMSJ9.4I-GuCzSc5xJGX7hj2hkhMg80-LghxaSxIJINCUBU9nw5NrP6tAVM14IgSwyUbZiGIfyjjl1sU05U38eXHZOet5yg4HOzV8C7ga7GecCUtEvLsknXaD3BAuO3ZBHz9g7uqADFqTniq8c6DGMIYQgkUNXiFiX538y9SqfwvG3_8Ts6qg37gREQ5IPuW0cUhOPvIFaFlc0nHSxt0zqQ9GXlUT3-jj8Ya9g-9x1-vZUVwKoNyxuxLjgMhCNdrTyv5WwnweWm1M-SeVOuz012iThQfGeNpXQrRIIQhtfywYm5y0.L8bNMlXa-IO-4X5Hol4hs6ZuXpp2oqN1k89ZY17MZus&dib_tag=se&keywords=tenis+de+corrida&qid=1761925736&sprefix=tenis+de+corrida%2Caps%2C739&sr=8-247&ufe=app_do%3Aamzn1.fos.6d798eae-cadf-45de-946a-f477d47705b9&xpid=ERuU6uEzXaAxz
4.5,Corrida de Rua,,2025-10-31,20.0,,Disponível,Masculino,Amazon,Genérico,Poliéster,Tênis Masculino Esportivo Para Academia de Caminhada Original Leve Confortável,,69.912,87.39,57,,,Cadarço,"Ultrasoft, Micro Expandido, Antiderrapante",https://m.media-amazon.com/images/I/51QgUHjRP-L._AC_SY395_SX395_QL70_ML2_.jpg,https://www.amazon.com.br/Masculino-Esportivo-Academia-Caminhada-Confort%C3%A1vel/dp/B0DJFZDG8K/ref=is_sr_dp_3?crid=DLJ5Z8MJX9ZM&dib=eyJ2IjoiMSJ9.4I-GuCzSc5xJGX7hj2hkhMg80-LghxaSxIJINCUBU9nw5NrP6tAVM14IgSwyUbZiGIfyjjl1sU05U38eXHZOet5yg4HOzV8C7ga7GecCUtEvLsknXaD3BAuO3ZBHz9g7uqADFqTniq8c6DGMIYQgkUNXiFiX538y9SqfwvG3_8Ts6qg37gREQ5IPuW0cUhOPvIFaFlc0nHSxt0zqQ9GXlUT3-jj8Ya9g-9x1-vZUVwKoNyxuxLjgMhCNdrTyv5WwnweWm1M-SeVOuz012iThQfGeNpXQrRIIQhtfywYm5y0.L8bNMlXa-IO-4X5Hol4hs6ZuXpp2oqN1k89ZY17MZus&dib_tag=se&keywords=tenis+de+corrida&qid=1761925736&sprefix=tenis+de+corrida%2Caps%2C739&sr=8-245&ufe=app_do%3Aamzn1.fos.6d798eae-cadf-45de-946a-f477d47705b9&xpid=ERuU6uEzXaAxz
4.5,Corrida de Rua,,2025-10-31,20.0,,Disponível,Masculino,Amazon,Genérico,"Malha, Têxtil Respirável",Tênis Masculino Esportivo Para Academia de Caminhada Original Leve Confortável,,69.912,87.39,57,,,Cadarço,"Ultrasoft, Micro Expandido",https://m.media-amazon.com/images/I/51S8uaq6KvL._AC_SY395_SX395_QL70_ML2_.jpg,https://www.amazon.com.br/Masculino-Esportivo-Academia-Caminhada-Confort%C3%A1vel/dp/B0DJG1LCTD/ref=is_sr_dp_2?crid=DLJ5Z8MJX9ZM&dib=eyJ2IjoiMSJ9.4I-GuCzSc5xJGX7hj2hkhMg80-LghxaSxIJINCUBU9nw5NrP6tAVM14IgSwyUbZiGIfyjjl1sU05U38eXHZOet5yg4HOzV8C7ga7GecCUtEvLsknXaD3BAuO3ZBHz9g7uqADFqTniq8c6DGMIYQgkUNXiFiX538y9SqfwvG3_8Ts6qg37gREQ5IPuW0cUhOPvIFaFlc0nHSxt0zqQ9GXlUT3-jj8Ya9g-9x1-vZUVwKoNyxuxLjgMhCNdrTyv5WwnweWm1M-SeVOuz012iThQfGeNpXQrRIIQhtfywYm5y0.L8bNMlXa-IO-4X5Hol4hs6ZuXpp2oqN1k89ZY17MZus&dib_tag=se&keywords=tenis+de+corrida&qid=1761925736&sprefix=tenis+de+corrida%2Caps%2C739&sr=8-245&ufe=app_do%3Aamzn1.fos.6d798eae-cadf-45de-946a-f477d47705b9&xpid=ERuU6uEzXaAxz
4.5,Corrida de Rua,,2025-10-31,20.0,,Disponível,Masculino,Amazon,Genérico,Têxtil sintético respirável,Tênis Masculino Esportivo Para Academia de Caminhada Original Leve Confortável,,69.912,87.39,57,,,Cadarço,Borracha,https://m.media-amazon.com/images/I/51sJoTrngrL._AC_SY395_SX395_QL70_ML2_.jpg,https://www.amazon.com.br/Masculino-Esportivo-Academia-Caminhada-Confort%C3%A1vel/dp/B0DJG1LN8F/ref=is_sr_s_dp_1?crid=DLJ5Z8MJX9ZM&dib=eyJ2IjoiMSJ9.4I-GuCzSc5xJGX7hj2hkhMg80-LghxaSxIJINCUBU9nw5NrP6tAVM14IgSwyUbZiGIfyjjl1sU05U38eXHZOet5yg4HOzV8C7ga7GecCUtEvLsknXaD3BAuO3ZBHz9g7uqADFqTniq8c6DGMIYQgkUNXiFiX538y9SqfwvG3_8Ts6qg37gREQ5IPuW0cUhOPvIFaFlc0nHSxt0zqQ9GXlUT3-jj8Ya9g-9x1-vZUVwKoNyxuxLjgMhCNdrTyv5WwnweWm1M-SeVOuz012iThQfGeNpXQrRIIQhtfywYm5y0.L8bNMlXa-IO-4X5Hol4hs6ZuXpp2oqN1k89ZY17MZus&dib_tag=se&keywords=tenis+de+corrida&qid=1761925736&sprefix=tenis+de+corrida%2Caps%2C739&sr=8-245&ufe=app_do%3Aamzn1.fos.6d798eae-cadf-45de-946a-f477d47705b9&xpid=ERuU6uEzXaAxz
4.5,Corrida de Rua,,2025-10-31,20.0,,Disponível,Masculino,Amazon,Genérico,Têxtil sintético respirável,Tênis Masculino Esportivo Para Academia de Caminhada Original Leve Confortável,,69.912,87.39,57,,,Cadarço,Borracha,https://m.media-amazon.com/images/I/51sJoTrngrL._AC_SY395_SX395_QL70_ML2_.jpg,https://www.amazon.com.br/Masculino-Esportivo-Academia-Caminhada-Confort%C3%A1vel/dp/B0DJG1LN8F/ref=sr_1_245?crid=DLJ5Z8MJX9ZM&dib=eyJ2IjoiMSJ9.4I-GuCzSc5xJGX7hj2hkhMg80-LghxaSxIJINCUBU9nw5NrP6tAVM14IgSwyUbZiGIfyjjl1sU05U38eXHZOet5yg4HOzV8C7ga7GecCUtEvLsknXaD3BAuO3ZBHz9g7uqADFqTniq8c6DGMIYQgkUNXiFiX538y9SqfwvG3_8Ts6qg37gREQ5IPuW0cUhOPvIFaFlc0nHSxt0zqQ9GXlUT3-jj8Ya9g-9x1-vZUVwKoNyxuxLjgMhCNdrTyv5WwnweWm1M-SeVOuz012iThQfGeNpXQrRIIQhtfywYm5y0.L8bNMlXa-IO-4X5Hol4hs6ZuXpp2oqN1k89ZY17MZus&dib_tag=se&keywords=tenis+de+corrida&qid=1761925736&sprefix=tenis+de+corrida%2Caps%2C739&sr=8-245&ufe=app_do%3Aamzn1.fos.6d798eae-cadf-45de-946a-f477d47705b9&xpid=ERuU6uEzXaAxz
,Corrida de Rua,,2025-10-31,5.0,,Disponível,Masculino,Amazon,Genérico,Nylon,Tênis Esportivo Masculino Leve Confortável 5 Cores Academia Corrida Treino Solado Borracha Tamanhos 37 ao 43,,74.955,78.9,,,,Cadarço,Borracha,https://m.media-amazon.com/images/I/61CZtPES2NL._AC_SY395_SX395_QL70_ML2_.jpg,https://www.amazon.com.br/Esportivo-Masculino-Confort%C3%A1vel-Academia-Borracha/dp/B0FL16DYHD/ref=is_sr_s_dp_1?crid=DLJ5Z8MJX9ZM&dib=eyJ2IjoiMSJ9.hU3ZEobTa0A3CfkZ_GR_wVGNl3VQ22rtBYmcARiN8mzMW8TsFtCU9ppnKPliiWofGU0ZlZuSYdJSltWiJTRyDTtQouytiZ3bja90K1GitquWL88Vo422hR7ya_5iiOhcp_wCMP_SyPBDaHwuk-vQCVcKxJ_VhkPLXX7e7FQvYogqXawCeI3JF2wblLNHtjedBlCaVog6f3dXI-TvKtJKfzutspQvKdSsyvpluvgo46Ddnv5XxA27saSgRF0I7HRDwCkK69qVcp5dwuPkZhg31n-cjhIJEn_cfwZwiV9DGQY.WSAIdv_2W-eTI1W8BIwMJghbIJKzCa9imuGcVzPd7Ds&dib_tag=se&keywords=tenis+de+corrida&qid=1761925706&sprefix=tenis+de+corrida%2Caps%2C739&sr=8-247&ufe=app_do%3Aamzn1.fos.6d798eae-cadf-45de-946a-f477d47705b9&xpid=ERuU6uEzXaAxz
,Corrida de Rua,,2025-10-31,5.0,,Disponível,Masculino,Amazon,Genérico,Nylon,Tênis Esportivo Masculino Leve Confortável 5 Cores Academia Corrida Treino Solado Borracha Tamanhos 37 ao 43,,74.955,78.9,,,,Cadarço,Borracha,https://m.media-amazon.com/images/I/61CZtPES2NL._AC_SY395_SX395_QL70_ML2_.jpg,https://www.amazon.com.br/Esportivo-Masculino-Confort%C3%A1vel-Academia-Borracha/dp/B0FL16DYHD/ref=sr_1_247?crid=DLJ5Z8MJX9ZM&dib=eyJ2IjoiMSJ9.hU3ZEobTa0A3CfkZ_GR_wVGNl3VQ22rtBYmcARiN8mzMW8TsFtCU9ppnKPliiWofGU0ZlZuSYdJSltWiJTRyDTtQouytiZ3bja90K1GitquWL88Vo422hR7ya_5iiOhcp_wCMP_SyPBDaHwuk-vQCVcKxJ_VhkPLXX7e7FQvYogqXawCeI3JF2wblLNHtjedBlCaVog6f3dXI-TvKtJKfzutspQvKdSsyvpluvgo46Ddnv5XxA27saSgRF0I7HRDwCkK69qVcp5dwuPkZhg31n-cjhIJEn_cfwZwiV9DGQY.WSAIdv_2W-eTI1W8BIwMJghbIJKzCa9imuGcVzPd7Ds&dib_tag=se&keywords=tenis+de+corrida&qid=1761925706&sprefix=tenis+de+corrida%2Caps%2C739&sr=8-247&ufe=app_do%3Aamzn1.fos.6d798eae-cadf-45de-946a-f477d47705b9&xpid=ERuU6uEzXaAxz
4.5,Tênis para Academia,,2025-10-31,,,Disponível,Feminino,Amazon,Nog,Malha,Tênis Feminino Macio Esportivo Para Academia Meia de Caminhada Leve,,99.99,37.15,2,,,Cadarço,Borracha,https://m.media-amazon.com/images/I/51Gf12DMo3L._AC_SY395_SX395_QL70_ML2_.jpg,https://www.amazon.com.br/Feminino-Esportivo-Academia-Caminhada-Num%C3%A9rico/dp/B0FHRPB3H9/ref=is_sr_dp?crid=DLJ5Z8MJX9ZM&dib=eyJ2IjoiMSJ9.hU3ZEobTa0A3CfkZ_GR_wVGNl3VQ22rtBYmcARiN8mzMW8TsFtCU9ppnKPliiWofGU0ZlZuSYdJSltWiJTRyDTtQouytiZ3bja90K1GitquWL88Vo422hR7ya_5iiOhcp_wCMP_SyPBDaHwuk-vQCVcKxJ_VhkPLXX7e7FQvYogqXawCeI3JF2wblLNHtjedBlCaVog6f3dXI-TvKtJKfzutspQvKdSsyvpluvgo46Ddnv5XxA27saSgRF0I7HRDwCkK69qVcp5dwuPkZhg31n-cjhIJEn_cfwZwiV9DGQY.WSAIdv_2W-eTI1W8BIwMJghbIJKzCa9imuGcVzPd7Ds&dib_tag=se&keywords=tenis+de+corrida&qid=1761925706&sprefix=tenis+de+corrida%2Caps%2C739&sr=8-246&ufe=app_do%3Aamzn1.fos.6d798eae-cadf-45de-946a-f477d47705b9&xpid=ERuU6uEzXaAxz
4.5,Tênis para Academia,,2025-10-31,,,Disponível,Feminino,Amazon,Nog,Malha,Tênis Feminino Macio Esportivo Para Academia Meia de Caminhada Leve,,99.99,37.15,2,,,Cadarço,Borracha,https://m.media-amazon.com/images/I/51Gf12DMo3L._AC_SY395_SX395_QL70_ML2_.jpg,https://www.amazon.com.br/Feminino-Esportivo-Academia-Caminhada-Num%C3%A9rico/dp/B0FHRPB3H9/ref=sr_1_246?crid=DLJ5Z8MJX9ZM&dib=eyJ2IjoiMSJ9.hU3ZEobTa0A3CfkZ_GR_wVGNl3VQ22rtBYmcARiN8mzMW8TsFtCU9ppnKPliiWofGU0ZlZuSYdJSltWiJTRyDTtQouytiZ3bja90K1GitquWL88Vo422hR7ya_5iiOhcp_wCMP_SyPBDaHwuk-vQCVcKxJ_VhkPLXX7e7FQvYogqXawCeI3JF2wblLNHtjedBlCaVog6f3dXI-TvKtJKfzutspQvKdSsyvpluvgo46Ddnv5XxA27saSgRF0I7HRDwCkK69qVcp5dwuPkZhg31n-cjhIJEn_cfwZwiV9DGQY.WSAIdv_2W-eTI1W8BIwMJghbIJKzCa9imuGcVzPd7Ds&dib_tag=se&keywords=tenis+de+corrida&qid=1761925706&sprefix=tenis+de+corrida%2Caps%2C739&sr=8-246&ufe=app_do%3Aamzn1.fos.6d798eae-cadf-45de-946a-f477d47705b9&xpid=ERuU6uEzXaAxz
4.3,Corrida de Rua,,2025-10-31,,,Disponível,Masculino,Amazon,Luiza Paula,Nylon,Tênis Feminino Masculino Academia Confortável Macio Corrida,,99.9,,95,,,Cadarço,Acetato vinilo de etileno,https://m.media-amazon.com/images/I/516GewHEWYL._AC_SY395_SX395_QL70_ML2_.jpg,https://www.amazon.com.br/Feminino-Masculino-Academia-Confort%C3%A1vel-Corrida/dp/B0C91NHGKG/ref=is_sr_dp_n?crid=DLJ5Z8MJX9ZM&dib=eyJ2IjoiMSJ9.hU3ZEobTa0A3CfkZ_GR_wVGNl3VQ22rtBYmcARiN8mzMW8TsFtCU9ppnKPliiWofGU0ZlZuSYdJSltWiJTRyDTtQouytiZ3bja90K1GitquWL88Vo422hR7ya_5iiOhcp_wCMP_SyPBDaHwuk-vQCVcKxJ_VhkPLXX7e7FQvYogqXawCeI3JF2wblLNHtjedBlCaVog6f3dXI-TvKtJKfzutspQvKdSsyvpluvgo46Ddnv5XxA27saSgRF0I7HRDwCkK69qVcp5dwuPkZhg31n-cjhIJEn_cfwZwiV9DGQY.WSAIdv_2W-eTI1W8BIwMJghbIJKzCa9imuGcVzPd7Ds&dib_tag=se&keywords=tenis+de+corrida&qid=1761925706&sprefix=tenis+de+corrida%2Caps%2C739&sr=8-245&ufe=app_do%3Aamzn1.fos.6d798eae-cadf-45de-946a-f477d47705b9&xpid=ERuU6uEzXaAxz
4.3,Corrida de Rua,,2025-10-31,,,Disponível,Masculino,Amazon,Luiza Paula,Nylon,Tênis Feminino Masculino Academia Confortável Macio Corrida,,99.9,,95,,,Cadarço,Borracha,https://m.media-amazon.com/images/I/61RjNubDxRL._AC_SY395_SX395_QL70_ML2_.jpg,https://www.amazon.com.br/Feminino-Masculino-Academia-Confort%C3%A1vel-Corrida/dp/B0C929CXPM/ref=is_sr_dp_6?crid=DLJ5Z8MJX9ZM&dib=eyJ2IjoiMSJ9.hU3ZEobTa0A3CfkZ_GR_wVGNl3VQ22rtBYmcARiN8mzMW8TsFtCU9ppnKPliiWofGU0ZlZuSYdJSltWiJTRyDTtQouytiZ3bja90K1GitquWL88Vo422hR7ya_5iiOhcp_wCMP_SyPBDaHwuk-vQCVcKxJ_VhkPLXX7e7FQvYogqXawCeI3JF2wblLNHtjedBlCaVog6f3dXI-TvKtJKfzutspQvKdSsyvpluvgo46Ddnv5XxA27saSgRF0I7HRDwCkK69qVcp5dwuPkZhg31n-cjhIJEn_cfwZwiV9DGQY.WSAIdv_2W-eTI1W8BIwMJghbIJKzCa9imuGcVzPd7Ds&dib_tag=se&keywords=tenis+de+corrida&qid=1761925706&sprefix=tenis+de+corrida%2Caps%2C739&sr=8-245&ufe=app_do%3Aamzn1.fos.6d798eae-cadf-45de-946a-f477d47705b9&xpid=ERuU6uEzXaAxz
4.3,Corrida de Rua,,2025-10-31,,,Disponível,Masculino,Amazon,Luiza Paula,Nylon,Tênis Feminino Masculino Academia Confortável Macio Corrida,,99.9,37.15,95,,,Cadarço,Acetato vinilo de etileno,https://m.media-amazon.com/images/I/61WCqo-27bL._AC_SY395_SX395_QL70_ML2_.jpg,https://www.amazon.com.br/Feminino-Masculino-Academia-Confort%C3%A1vel-Corrida/dp/B0C91PPBC4/ref=is_sr_s_dp_5?crid=DLJ5Z8MJX9ZM&dib=eyJ2IjoiMSJ9.hU3ZEobTa0A3CfkZ_GR_wVGNl3VQ22rtBYmcARiN8mzMW8TsFtCU9ppnKPliiWofGU0ZlZuSYdJSltWiJTRyDTtQouytiZ3bja90K1GitquWL88Vo422hR7ya_5iiOhcp_wCMP_SyPBDaHwuk-vQCVcKxJ_VhkPLXX7e7FQvYogqXawCeI3JF2wblLNHtjedBlCaVog6f3dXI-TvKtJKfzutspQvKdSsyvpluvgo46Ddnv5XxA27saSgRF0I7HRDwCkK69qVcp5dwuPkZhg31n-cjhIJEn_cfwZwiV9DGQY.WSAIdv_2W-eTI1W8BIwMJghbIJKzCa9imuGcVzPd7Ds&dib_tag=se&keywords=tenis+de+corrida&qid=1761925706&sprefix=tenis+de+corrida%2Caps%2C739&sr=8-245&ufe=app_do%3Aamzn1.fos.6d798eae-cadf-45de-946a-f477d47705b9&xpid=ERuU6uEzXaAxz
4.3,Corrida de Rua,,2025-10-31,,,Disponível,Masculino,Amazon,Luiza Paula,Nylon,Tênis Feminino Masculino Academia Confortável Macio Corrida,,99.9,37.15,95,,,Cadarço,Acetato vinilo de etileno,https://m.media-amazon.com/images/I/61wFQEllIwL._AC_SY395_SX395_QL70_ML2_.jpg,https://www.amazon.com.br/Feminino-Masculino-Academia-Confort%C3%A1vel-Corrida/dp/B0C926W9LZ/ref=is_sr_s_dp_4?crid=DLJ5Z8MJX9ZM&dib=eyJ2IjoiMSJ9.hU3ZEobTa0A3CfkZ_GR_wVGNl3VQ22rtBYmcARiN8mzMW8TsFtCU9ppnKPliiWofGU0ZlZuSYdJSltWiJTRyDTtQouytiZ3bja90K1GitquWL88Vo422hR7ya_5iiOhcp_wCMP_SyPBDaHwuk-vQCVcKxJ_VhkPLXX7e7FQvYogqXawCeI3JF2wblLNHtjedBlCaVog6f3dXI-TvKtJKfzutspQvKdSsyvpluvgo46Ddnv5XxA27saSgRF0I7HRDwCkK69qVcp5dwuPkZhg31n-cjhIJEn_cfwZwiV9DGQY.WSAIdv_2W-eTI1W8BIwMJghbIJKzCa9imuGcVzPd7Ds&dib_tag=se&keywords=tenis+de+corrida&qid=1761925706&sprefix=tenis+de+corrida%2Caps%2C739&sr=8-245&ufe=app_do%3Aamzn1.fos.6d798eae-cadf-45de-946a-f477d47705b9&xpid=ERuU6uEzXaAxz
4.3,Corrida de Rua,,2025-10-31,,,Disponível,Masculino,Amazon,Luiza Paula,Nylon,Tênis Feminino Masculino Academia Confortável Macio Corrida,,99.9,,95,,,Cadarço,Borracha,https://m.media-amazon.com/images/I/61xW39pTQPL._AC_SY395_SX395_QL70_ML2_.jpg,https://www.amazon.com.br/Feminino-Masculino-Academia-Confort%C3%A1vel-Corrida/dp/B0C91TGQM4/ref=is_sr_dp_3?crid=DLJ5Z8MJX9ZM&dib=eyJ2IjoiMSJ9.hU3ZEobTa0A3CfkZ_GR_wVGNl3VQ22rtBYmcARiN8mzMW8TsFtCU9ppnKPliiWofGU0ZlZuSYdJSltWiJTRyDTtQouytiZ3bja90K1GitquWL88Vo422hR7ya_5iiOhcp_wCMP_SyPBDaHwuk-vQCVcKxJ_VhkPLXX7e7FQvYogqXawCeI3JF2wblLNHtjedBlCaVog6f3dXI-TvKtJKfzutspQvKdSsyvpluvgo46Ddnv5XxA27saSgRF0I7HRDwCkK69qVcp5dwuPkZhg31n-cjhIJEn_cfwZwiV9DGQY.WSAIdv_2W-eTI1W8BIwMJghbIJKzCa9imuGcVzPd7Ds&dib_tag=se&keywords=tenis+de+corrida&qid=1761925706&sprefix=tenis+de+corrida%2Caps%2C739&sr=8-245&ufe=app_do%3Aamzn1.fos.6d798eae-cadf-45de-946a-f477d47705b9&xpid=ERuU6uEzXaAxz
4.3,Corrida de Rua,,2025-10-31,,,Disponível,Masculino,Amazon,Luiza Paula,Nylon,Tênis Feminino Masculino Academia Confortável Macio Corrida,,99.9,37.15,95,,,Cadarço,Acetato vinilo de etileno,https://m.media-amazon.com/images/I/61qkEgTmmNL._AC_SY395_SX395_QL70_ML2_.jpg,https://www.amazon.com.br/Feminino-Masculino-Academia-Confort%C3%A1vel-Corrida/dp/B0C91T4FQL/ref=is_sr_dp_2?crid=DLJ5Z8MJX9ZM&dib=eyJ2IjoiMSJ9.hU3ZEobTa0A3CfkZ_GR_wVGNl3VQ22rtBYmcARiN8mzMW8TsFtCU9ppnKPliiWofGU0ZlZuSYdJSltWiJTRyDTtQouytiZ3bja90K1GitquWL88Vo422hR7ya_5iiOhcp_wCMP_SyPBDaHwuk-vQCVcKxJ_VhkPLXX7e7FQvYogqXawCeI3JF2wblLNHtjedBlCaVog6f3dXI-TvKtJKfzutspQvKdSsyvpluvgo46Ddnv5XxA27saSgRF0I7HRDwCkK69qVcp5dwuPkZhg31n-cjhIJEn_cfwZwiV9DGQY.WSAIdv_2W-eTI1W8BIwMJghbIJKzCa9imuGcVzPd7Ds&dib_tag=se&keywords=tenis+de+corrida&qid=1761925706&sprefix=tenis+de+corrida%2Caps%2C739&sr=8-245&ufe=app_do%3Aamzn1.fos.6d798eae-cadf-45de-946a-f477d47705b9&xpid=ERuU6uEzXaAxz
4.3,Corrida de Rua,,2025-10-31,,,Disponível,Masculino,Amazon,Luiza Paula,Nylon,Tênis Feminino Masculino Academia Confortável Macio Corrida,,99.9,37.15,95,,,Cadarço,Acetato vinilo de etileno,https://m.media-amazon.com/images/I/516GewHEWYL._AC_SY395_SX395_QL70_ML2_.jpg,https://www.amazon.com.br/Feminino-Masculino-Academia-Confort%C3%A1vel-Corrida/dp/B0C91NHGKG/ref=is_sr_s_dp_1?crid=DLJ5Z8MJX9ZM&dib=eyJ2IjoiMSJ9.hU3ZEobTa0A3CfkZ_GR_wVGNl3VQ22rtBYmcARiN8mzMW8TsFtCU9ppnKPliiWofGU0ZlZuSYdJSltWiJTRyDTtQouytiZ3bja90K1GitquWL88Vo422hR7ya_5iiOhcp_wCMP_SyPBDaHwuk-vQCVcKxJ_VhkPLXX7e7FQvYogqXawCeI3JF2wblLNHtjedBlCaVog6f3dXI-TvKtJKfzutspQvKdSsyvpluvgo46Ddnv5XxA27saSgRF0I7HRDwCkK69qVcp5dwuPkZhg31n-cjhIJEn_cfwZwiV9DGQY.WSAIdv_2W-eTI1W8BIwMJghbIJKzCa9imuGcVzPd7Ds&dib_tag=se&keywords=tenis+de+corrida&qid=1761925706&sprefix=tenis+de+corrida%2Caps%2C739&sr=8-245&ufe=app_do%3Aamzn1.fos.6d798eae-cadf-45de-946a-f477d47705b9&xpid=ERuU6uEzXaAxz
4.3,Corrida de Rua,,2025-10-31,,,Disponível,Masculino,Amazon,Luiza Paula,Nylon,Tênis Feminino Masculino Academia Confortável Macio Corrida,,99.9,37.15,95,,,Cadarço,Acetato vinilo de etileno,https://m.media-amazon.com/images/I/516GewHEWYL._AC_SY395_SX395_QL70_ML2_.jpg,https://www.amazon.com.br/Feminino-Masculino-Academia-Confort%C3%A1vel-Corrida/dp/B0C91NHGKG/ref=sr_1_245?crid=DLJ5Z8MJX9ZM&dib=eyJ2IjoiMSJ9.hU3ZEobTa0A3CfkZ_GR_wVGNl3VQ22rtBYmcARiN8mzMW8TsFtCU9ppnKPliiWofGU0ZlZuSYdJSltWiJTRyDTtQouytiZ3bja90K1GitquWL88Vo422hR7ya_5iiOhcp_wCMP_SyPBDaHwuk-vQCVcKxJ_VhkPLXX7e7FQvYogqXawCeI3JF2wblLNHtjedBlCaVog6f3dXI-TvKtJKfzutspQvKdSsyvpluvgo46Ddnv5XxA27saSgRF0I7HRDwCkK69qVcp5dwuPkZhg31n-cjhIJEn_cfwZwiV9DGQY.WSAIdv_2W-eTI1W8BIwMJghbIJKzCa9imuGcVzPd7Ds&dib_tag=se&keywords=tenis+de+corrida&qid=1761925706&sprefix=tenis+de+corrida%2Caps%2C739&sr=8-245&ufe=app_do%3Aamzn1.fos.6d798eae-cadf-45de-946a-f477d47705b9&xpid=ERuU6uEzXaAxz
,Corrida de Rua,,2025-10-31,,,Disponível,Feminino,Amazon,Sandrini,Poliéster,Tênis Sandrini Liz Feminino Caminhada Corrida Academia,,104.99,37.15,,,,Cadarço,Borracha,https://m.media-amazon.com/images/I/61iEgdlRRvL._AC_SY395_SX395_QL70_ML2_.jpg,https://www.amazon.com.br/Sandrini-Feminino-Caminhada-Academia-Num%C3%A9rico/dp/B0FHQSBH6S/ref=sr_1_244?crid=DLJ5Z8MJX9ZM&dib=eyJ2IjoiMSJ9.hU3ZEobTa0A3CfkZ_GR_wVGNl3VQ22rtBYmcARiN8mzMW8TsFtCU9ppnKPliiWofGU0ZlZuSYdJSltWiJTRyDTtQouytiZ3bja90K1GitquWL88Vo422hR7ya_5iiOhcp_wCMP_SyPBDaHwuk-vQCVcKxJ_VhkPLXX7e7FQvYogqXawCeI3JF2wblLNHtjedBlCaVog6f3dXI-TvKtJKfzutspQvKdSsyvpluvgo46Ddnv5XxA27saSgRF0I7HRDwCkK69qVcp5dwuPkZhg31n-cjhIJEn_cfwZwiV9DGQY.WSAIdv_2W-eTI1W8BIwMJghbIJKzCa9imuGcVzPd7Ds&dib_tag=se&keywords=tenis+de+corrida&qid=1761925706&sprefix=tenis+de+corrida%2Caps%2C739&sr=8-244&ufe=app_do%3Aamzn1.fos.6121c6c4-c969-43ae-92f7-cc248fc6181d&xpid=ERuU6uEzXaAxz
3.9,Corrida de Rua,,2025-10-31,,,Disponível,Masculino,Amazon,QueroShoes,Nylon,Kit 2 Tênis Masculino Corrida e Academia Esportivo Confortável,,149.9,37.15,110,,,Cadarço,Borracha,https://m.media-amazon.com/images/I/61yyBqQB+PL._AC_SY395_SX395_QL70_ML2_.jpg,https://www.amazon.com.br/Masculino-Corrida-Academia-Esportivo-Confort%C3%A1vel/dp/B0BSDQJZH9/ref=is_sr_s_dp_4?crid=DLJ5Z8MJX9ZM&dib=eyJ2IjoiMSJ9.hU3ZEobTa0A3CfkZ_GR_wVGNl3VQ22rtBYmcARiN8mzMW8TsFtCU9ppnKPliiWofGU0ZlZuSYdJSltWiJTRyDTtQouytiZ3bja90K1GitquWL88Vo422hR7ya_5iiOhcp_wCMP_SyPBDaHwuk-vQCVcKxJ_VhkPLXX7e7FQvYogqXawCeI3JF2wblLNHtjedBlCaVog6f3dXI-TvKtJKfzutspQvKdSsyvpluvgo46Ddnv5XxA27saSgRF0I7HRDwCkK69qVcp5dwuPkZhg31n-cjhIJEn_cfwZwiV9DGQY.WSAIdv_2W-eTI1W8BIwMJghbIJKzCa9imuGcVzPd7Ds&dib_tag=se&keywords=tenis+de+corrida&qid=1761925706&sprefix=tenis+de+corrida%2Caps%2C739&sr=8-243&ufe=app_do%3Aamzn1.fos.a492fd4a-f54d-4e8d-8c31-35e0a04ce61e&xpid=ERuU6uEzXaAxz
,Tênis Casuais,,2025-10-31,,,Disponível,Masculino,Amazon,OLDSEN,Textil,Tênis Masculino Feminino Casual Esportivo Confortável Para Academia Dia a Dia,,59.9,37.15,,,,Cadarço,Borracha,https://m.media-amazon.com/images/I/51m013L1TKL._AC_SY395_SX395_QL70_ML2_.jpg,https://www.amazon.com.br/Masculino-Feminino-Esportivo-Confort%C3%A1vel-Academia/dp/B0FPGRWZVF/ref=sr_1_242?crid=DLJ5Z8MJX9ZM&dib=eyJ2IjoiMSJ9.hU3ZEobTa0A3CfkZ_GR_wVGNl3VQ22rtBYmcARiN8mzMW8TsFtCU9ppnKPliiWofGU0ZlZuSYdJSltWiJTRyDTtQouytiZ3bja90K1GitquWL88Vo422hR7ya_5iiOhcp_wCMP_SyPBDaHwuk-vQCVcKxJ_VhkPLXX7e7FQvYogqXawCeI3JF2wblLNHtjedBlCaVog6f3dXI-TvKtJKfzutspQvKdSsyvpluvgo46Ddnv5XxA27saSgRF0I7HRDwCkK69qVcp5dwuPkZhg31n-cjhIJEn_cfwZwiV9DGQY.WSAIdv_2W-eTI1W8BIwMJghbIJKzCa9imuGcVzPd7Ds&dib_tag=se&keywords=tenis+de+corrida&qid=1761925706&sprefix=tenis+de+corrida%2Caps%2C739&sr=8-242&ufe=app_do%3Aamzn1.fos.6d798eae-cadf-45de-946a-f477d47705b9&xpid=ERuU6uEzXaAxz
3.1,Corrida de Rua,,2025-10-31,16.68,,Disponível,Masculino,Amazon,QueroShoes,Lona,Tênis Masculino de Corrida e Caminhada Leve e Macio + Relógio,,99.9016,119.9,12,,,Cadarço,Borracha,https://m.media-amazon.com/images/I/61bUXkOdD1L._AC_SY395_SX395_QL70_ML2_.jpg,https://www.amazon.com.br/T%C3%AAnis-Masculino-Corrida-Caminhada-Rel%C3%B3gio/dp/B0C1FB3XWF/ref=is_sr_s_dp_3?crid=DLJ5Z8MJX9ZM&dib=eyJ2IjoiMSJ9.hU3ZEobTa0A3CfkZ_GR_wVGNl3VQ22rtBYmcARiN8mzMW8TsFtCU9ppnKPliiWofGU0ZlZuSYdJSltWiJTRyDTtQouytiZ3bja90K1GitquWL88Vo422hR7ya_5iiOhcp_wCMP_SyPBDaHwuk-vQCVcKxJ_VhkPLXX7e7FQvYogqXawCeI3JF2wblLNHtjedBlCaVog6f3dXI-TvKtJKfzutspQvKdSsyvpluvgo46Ddnv5XxA27saSgRF0I7HRDwCkK69qVcp5dwuPkZhg31n-cjhIJEn_cfwZwiV9DGQY.WSAIdv_2W-eTI1W8BIwMJghbIJKzCa9imuGcVzPd7Ds&dib_tag=se&keywords=tenis+de+corrida&qid=1761925706&sprefix=tenis+de+corrida%2Caps%2C739&sr=8-240&ufe=app_do%3Aamzn1.fos.6d798eae-cadf-45de-946a-f477d47705b9&xpid=ERuU6uEzXaAxz
4.5,Corrida de Rua,,2025-10-31,20.0,,Disponível,Masculino,Amazon,Genérico,Poliéster,Tênis Masculino Esportivo Para Academia de Caminhada Original Leve Confortável,,69.912,87.39,57,,,Cadarço,"Ultrasoft, Micro Expandido, Antiderrapante",https://m.media-amazon.com/images/I/51QgUHjRP-L._AC_SY395_SX395_QL70_ML2_.jpg,https://www.amazon.com.br/Masculino-Esportivo-Academia-Caminhada-Confort%C3%A1vel/dp/B0DJFZDG8K/ref=is_sr_dp_3?crid=DLJ5Z8MJX9ZM&dib=eyJ2IjoiMSJ9.hU3ZEobTa0A3CfkZ_GR_wVGNl3VQ22rtBYmcARiN8mzMW8TsFtCU9ppnKPliiWofGU0ZlZuSYdJSltWiJTRyDTtQouytiZ3bja90K1GitquWL88Vo422hR7ya_5iiOhcp_wCMP_SyPBDaHwuk-vQCVcKxJ_VhkPLXX7e7FQvYogqXawCeI3JF2wblLNHtjedBlCaVog6f3dXI-TvKtJKfzutspQvKdSsyvpluvgo46Ddnv5XxA27saSgRF0I7HRDwCkK69qVcp5dwuPkZhg31n-cjhIJEn_cfwZwiV9DGQY.WSAIdv_2W-eTI1W8BIwMJghbIJKzCa9imuGcVzPd7Ds&dib_tag=se&keywords=tenis+de+corrida&qid=1761925706&sprefix=tenis+de+corrida%2Caps%2C739&sr=8-239&ufe=app_do%3Aamzn1.fos.6d798eae-cadf-45de-946a-f477d47705b9&xpid=ERuU6uEzXaAxz
4.5,Corrida de Rua,,2025-10-31,20.0,,Disponível,Masculino,Amazon,Genérico,"Malha, Têxtil Respirável",Tênis Masculino Esportivo Para Academia de Caminhada Original Leve Confortável,,69.912,87.39,57,,,Cadarço,"Ultrasoft, Micro Expandido",https://m.media-amazon.com/images/I/51S8uaq6KvL._AC_SY395_SX395_QL70_ML2_.jpg,https://www.amazon.com.br/Masculino-Esportivo-Academia-Caminhada-Confort%C3%A1vel/dp/B0DJG1LCTD/ref=is_sr_dp_2?crid=DLJ5Z8MJX9ZM&dib=eyJ2IjoiMSJ9.hU3ZEobTa0A3CfkZ_GR_wVGNl3VQ22rtBYmcARiN8mzMW8TsFtCU9ppnKPliiWofGU0ZlZuSYdJSltWiJTRyDTtQouytiZ3bja90K1GitquWL88Vo422hR7ya_5iiOhcp_wCMP_SyPBDaHwuk-vQCVcKxJ_VhkPLXX7e7FQvYogqXawCeI3JF2wblLNHtjedBlCaVog6f3dXI-TvKtJKfzutspQvKdSsyvpluvgo46Ddnv5XxA27saSgRF0I7HRDwCkK69qVcp5dwuPkZhg31n-cjhIJEn_cfwZwiV9DGQY.WSAIdv_2W-eTI1W8BIwMJghbIJKzCa9imuGcVzPd7Ds&dib_tag=se&keywords=tenis+de+corrida&qid=1761925706&sprefix=tenis+de+corrida%2Caps%2C739&sr=8-239&ufe=app_do%3Aamzn1.fos.6d798eae-cadf-45de-946a-f477d47705b9&xpid=ERuU6uEzXaAxz
4.5,Corrida de Rua,,2025-10-31,20.0,,Disponível,Masculino,Amazon,Genérico,Têxtil sintético respirável,Tênis Masculino Esportivo Para Academia de Caminhada Original Leve Confortável,,69.912,87.39,57,,,Cadarço,Borracha,https://m.media-amazon.com/images/I/51sJoTrngrL._AC_SY395_SX395_QL70_ML2_.jpg,https://www.amazon.com.br/Masculino-Esportivo-Academia-Caminhada-Confort%C3%A1vel/dp/B0DJG1LN8F/ref=is_sr_s_dp_1?crid=DLJ5Z8MJX9ZM&dib=eyJ2IjoiMSJ9.hU3ZEobTa0A3CfkZ_GR_wVGNl3VQ22rtBYmcARiN8mzMW8TsFtCU9ppnKPliiWofGU0ZlZuSYdJSltWiJTRyDTtQouytiZ3bja90K1GitquWL88Vo422hR7ya_5iiOhcp_wCMP_SyPBDaHwuk-vQCVcKxJ_VhkPLXX7e7FQvYogqXawCeI3JF2wblLNHtjedBlCaVog6f3dXI-TvKtJKfzutspQvKdSsyvpluvgo46Ddnv5XxA27saSgRF0I7HRDwCkK69qVcp5dwuPkZhg31n-cjhIJEn_cfwZwiV9DGQY.WSAIdv_2W-eTI1W8BIwMJghbIJKzCa9imuGcVzPd7Ds&dib_tag=se&keywords=tenis+de+corrida&qid=1761925706&sprefix=tenis+de+corrida%2Caps%2C739&sr=8-239&ufe=app_do%3Aamzn1.fos.6d798eae-cadf-45de-946a-f477d47705b9&xpid=ERuU6uEzXaAxz
4.5,Corrida de Rua,,2025-10-31,20.0,,Disponível,Masculino,Amazon,Genérico,Têxtil sintético respirável,Tênis Masculino Esportivo Para Academia de Caminhada Original Leve Confortável,,69.912,87.39,57,,,Cadarço,Borracha,https://m.media-amazon.com/images/I/51sJoTrngrL._AC_SY395_SX395_QL70_ML2_.jpg,https://www.amazon.com.br/Masculino-Esportivo-Academia-Caminhada-Confort%C3%A1vel/dp/B0DJG1LN8F/ref=sr_1_239?crid=DLJ5Z8MJX9ZM&dib=eyJ2IjoiMSJ9.hU3ZEobTa0A3CfkZ_GR_wVGNl3VQ22rtBYmcARiN8mzMW8TsFtCU9ppnKPliiWofGU0ZlZuSYdJSltWiJTRyDTtQouytiZ3bja90K1GitquWL88Vo422hR7ya_5iiOhcp_wCMP_SyPBDaHwuk-vQCVcKxJ_VhkPLXX7e7FQvYogqXawCeI3JF2wblLNHtjedBlCaVog6f3dXI-TvKtJKfzutspQvKdSsyvpluvgo46Ddnv5XxA27saSgRF0I7HRDwCkK69qVcp5dwuPkZhg31n-cjhIJEn_cfwZwiV9DGQY.WSAIdv_2W-eTI1W8BIwMJghbIJKzCa9imuGcVzPd7Ds&dib_tag=se&keywords=tenis+de+corrida&qid=1761925706&sprefix=tenis+de+corrida%2Caps%2C739&sr=8-239&ufe=app_do%3Aamzn1.fos.6d798eae-cadf-45de-946a-f477d47705b9&xpid=ERuU6uEzXaAxz
4.2,Corrida de Rua,,2025-10-31,,,Disponível,Feminino,Amazon,BF Shoes,Nylon,Tênis Feminino Academia Treino Malhar Musculação Olymp BF Shoes,,109.9,37.15,73,,,Cadarço,Microexpandido Confortável,https://m.media-amazon.com/images/I/61r07TIZTjL._AC_SY395_SX395_QL70_ML2_.jpg,https://www.amazon.com.br/Feminino-Academia-Muscula%C3%A7%C3%A3o-BF-Shoes/dp/B0D9DWJRRL/ref=is_sr_dp_2?crid=DLJ5Z8MJX9ZM&dib=eyJ2IjoiMSJ9.hU3ZEobTa0A3CfkZ_GR_wVGNl3VQ22rtBYmcARiN8mzMW8TsFtCU9ppnKPliiWofGU0ZlZuSYdJSltWiJTRyDTtQouytiZ3bja90K1GitquWL88Vo422hR7ya_5iiOhcp_wCMP_SyPBDaHwuk-vQCVcKxJ_VhkPLXX7e7FQvYogqXawCeI3JF2wblLNHtjedBlCaVog6f3dXI-TvKtJKfzutspQvKdSsyvpluvgo46Ddnv5XxA27saSgRF0I7HRDwCkK69qVcp5dwuPkZhg31n-cjhIJEn_cfwZwiV9DGQY.WSAIdv_2W-eTI1W8BIwMJghbIJKzCa9imuGcVzPd7Ds&dib_tag=se&keywords=tenis+de+corrida&qid=1761925706&sprefix=tenis+de+corrida%2Caps%2C739&sr=8-238&ufe=app_do%3Aamzn1.fos.6121c6c4-c969-43ae-92f7-cc248fc6181d&xpid=ERuU6uEzXaAxz
4.2,Corrida de Rua,,2025-10-31,,,Disponível,Feminino,Amazon,BF Shoes,Nylon,Tênis Feminino Academia Treino Malhar Musculação Olymp BF Shoes,,109.9,37.15,73,,,Cadarço,Microexpandido Confortável,https://m.media-amazon.com/images/I/61AYTOm-tAL._AC_SY395_SX395_QL70_ML2_.jpg,https://www.amazon.com.br/Feminino-Academia-Muscula%C3%A7%C3%A3o-BF-Shoes/dp/B0D9DXF5CC/ref=is_sr_s_dp_1?crid=DLJ5Z8MJX9ZM&dib=eyJ2IjoiMSJ9.hU3ZEobTa0A3CfkZ_GR_wVGNl3VQ22rtBYmcARiN8mzMW8TsFtCU9ppnKPliiWofGU0ZlZuSYdJSltWiJTRyDTtQouytiZ3bja90K1GitquWL88Vo422hR7ya_5iiOhcp_wCMP_SyPBDaHwuk-vQCVcKxJ_VhkPLXX7e7FQvYogqXawCeI3JF2wblLNHtjedBlCaVog6f3dXI-TvKtJKfzutspQvKdSsyvpluvgo46Ddnv5XxA27saSgRF0I7HRDwCkK69qVcp5dwuPkZhg31n-cjhIJEn_cfwZwiV9DGQY.WSAIdv_2W-eTI1W8BIwMJghbIJKzCa9imuGcVzPd7Ds&dib_tag=se&keywords=tenis+de+corrida&qid=1761925706&sprefix=tenis+de+corrida%2Caps%2C739&sr=8-238&ufe=app_do%3Aamzn1.fos.6121c6c4-c969-43ae-92f7-cc248fc6181d&xpid=ERuU6uEzXaAxz
4.2,Corrida de Rua,,2025-10-31,,,Disponível,Feminino,Amazon,BF Shoes,Nylon,Tênis Feminino Academia Treino Malhar Musculação Olymp BF Shoes,,109.9,,73,,,Cadarço,Microexpandido Confortável,https://m.media-amazon.com/images/I/61AYTOm-tAL._AC_SY395_SX395_QL70_ML2_.jpg,https://www.amazon.com.br/Feminino-Academia-Muscula%C3%A7%C3%A3o-BF-Shoes/dp/B0D9DXF5CC/ref=sr_1_238?crid=DLJ5Z8MJX9ZM&dib=eyJ2IjoiMSJ9.hU3ZEobTa0A3CfkZ_GR_wVGNl3VQ22rtBYmcARiN8mzMW8TsFtCU9ppnKPliiWofGU0ZlZuSYdJSltWiJTRyDTtQouytiZ3bja90K1GitquWL88Vo422hR7ya_5iiOhcp_wCMP_SyPBDaHwuk-vQCVcKxJ_VhkPLXX7e7FQvYogqXawCeI3JF2wblLNHtjedBlCaVog6f3dXI-TvKtJKfzutspQvKdSsyvpluvgo46Ddnv5XxA27saSgRF0I7HRDwCkK69qVcp5dwuPkZhg31n-cjhIJEn_cfwZwiV9DGQY.WSAIdv_2W-eTI1W8BIwMJghbIJKzCa9imuGcVzPd7Ds&dib_tag=se&keywords=tenis+de+corrida&qid=1761925706&sprefix=tenis+de+corrida%2Caps%2C739&sr=8-238&ufe=app_do%3Aamzn1.fos.6121c6c4-c969-43ae-92f7-cc248fc6181d&xpid=ERuU6uEzXaAxz
0.0,Corrida de Rua,,2025-10-31,14.51,,Disponível,Feminino,Amazon,Genérico,Nylon,"Tênis Feminino Lorenzzo Lopez | Leve e Confortável | Para Corrida, Caminhada e Academia | Nylon Respirável | Solado Antiderrapante",,90.51,105.87,3,,,Cadarço,Borracha,https://m.media-amazon.com/images/I/61EIWGz2JNL._AC_SY395_SX395_QL70_ML2_.jpg,https://www.amazon.com.br/Confort%C3%A1vel-Caminhada-Respir%C3%A1vel-Antiderrapante-Cinza-Rosa/dp/B0FBKR4ZM3/ref=is_sr_dp_2?crid=DLJ5Z8MJX9ZM&dib=eyJ2IjoiMSJ9.hU3ZEobTa0A3CfkZ_GR_wVGNl3VQ22rtBYmcARiN8mzMW8TsFtCU9ppnKPliiWofGU0ZlZuSYdJSltWiJTRyDTtQouytiZ3bja90K1GitquWL88Vo422hR7ya_5iiOhcp_wCMP_SyPBDaHwuk-vQCVcKxJ_VhkPLXX7e7FQvYogqXawCeI3JF2wblLNHtjedBlCaVog6f3dXI-TvKtJKfzutspQvKdSsyvpluvgo46Ddnv5XxA27saSgRF0I7HRDwCkK69qVcp5dwuPkZhg31n-cjhIJEn_cfwZwiV9DGQY.WSAIdv_2W-eTI1W8BIwMJghbIJKzCa9imuGcVzPd7Ds&dib_tag=se&keywords=tenis+de+corrida&qid=1761925706&sprefix=tenis+de+corrida%2Caps%2C739&sr=8-236&ufe=app_do%3Aamzn1.fos.6d798eae-cadf-45de-946a-f477d47705b9&xpid=ERuU6uEzXaAxz
4.4,Tênis para Academia,,2025-10-31,21.02,,Disponível,Feminino,Amazon,BF Shoes,Nylon,Tênis para Academia Feminino Esportivo Caminhada BF Shoes,,78.9021,99.9,634,,,Cadarço,Poliuretano termoplástico,https://m.media-amazon.com/images/I/712hbzWV7LL._AC_SY395_SX395_QL70_ML2_.jpg,https://www.amazon.com.br/T%C3%AAnis-BF-Shoes-RunForever-Feminino/dp/B0C4B7555T/ref=is_sr_s_dp_3?crid=DLJ5Z8MJX9ZM&dib=eyJ2IjoiMSJ9.hU3ZEobTa0A3CfkZ_GR_wVGNl3VQ22rtBYmcARiN8mzMW8TsFtCU9ppnKPliiWofGU0ZlZuSYdJSltWiJTRyDTtQouytiZ3bja90K1GitquWL88Vo422hR7ya_5iiOhcp_wCMP_SyPBDaHwuk-vQCVcKxJ_VhkPLXX7e7FQvYogqXawCeI3JF2wblLNHtjedBlCaVog6f3dXI-TvKtJKfzutspQvKdSsyvpluvgo46Ddnv5XxA27saSgRF0I7HRDwCkK69qVcp5dwuPkZhg31n-cjhIJEn_cfwZwiV9DGQY.WSAIdv_2W-eTI1W8BIwMJghbIJKzCa9imuGcVzPd7Ds&dib_tag=se&keywords=tenis+de+corrida&qid=1761925706&sprefix=tenis+de+corrida%2Caps%2C739&sr=8-235&ufe=app_do%3Aamzn1.fos.6d798eae-cadf-45de-946a-f477d47705b9&xpid=ERuU6uEzXaAxz
3.2,Corrida de Rua,,2025-10-31,,,Disponível,Feminino,Amazon,Genérico,Nylon,Tenis Feminino Confortavel Esportivo Corrida Academia,,78.7,,7,,,Cadarço,Borracha sintética,https://m.media-amazon.com/images/I/61mLKvYUCSL._AC_SY395_SX395_QL70_ML2_.jpg,https://www.amazon.com.br/Feminino-Confortavel-Esportivo-Academia-Num%C3%A9rico/dp/B0F6425J3F/ref=is_sr_dp_1?crid=DLJ5Z8MJX9ZM&dib=eyJ2IjoiMSJ9.hU3ZEobTa0A3CfkZ_GR_wVGNl3VQ22rtBYmcARiN8mzMW8TsFtCU9ppnKPliiWofGU0ZlZuSYdJSltWiJTRyDTtQouytiZ3bja90K1GitquWL88Vo422hR7ya_5iiOhcp_wCMP_SyPBDaHwuk-vQCVcKxJ_VhkPLXX7e7FQvYogqXawCeI3JF2wblLNHtjedBlCaVog6f3dXI-TvKtJKfzutspQvKdSsyvpluvgo46Ddnv5XxA27saSgRF0I7HRDwCkK69qVcp5dwuPkZhg31n-cjhIJEn_cfwZwiV9DGQY.WSAIdv_2W-eTI1W8BIwMJghbIJKzCa9imuGcVzPd7Ds&dib_tag=se&keywords=tenis+de+corrida&qid=1761925706&sprefix=tenis+de+corrida%2Caps%2C739&sr=8-234&ufe=app_do%3Aamzn1.fos.6d798eae-cadf-45de-946a-f477d47705b9&xpid=ERuU6uEzXaAxz
3.2,Corrida de Rua,,2025-10-31,,,Disponível,Feminino,Amazon,Genérico,Nylon,Tenis Feminino Confortavel Esportivo Corrida Academia,,78.7,,7,,,Cadarço,Borracha sintética,https://m.media-amazon.com/images/I/61mLKvYUCSL._AC_SY395_SX395_QL70_ML2_.jpg,https://www.amazon.com.br/Feminino-Confortavel-Esportivo-Academia-Num%C3%A9rico/dp/B0F6425J3F/ref=sr_1_234?crid=DLJ5Z8MJX9ZM&dib=eyJ2IjoiMSJ9.hU3ZEobTa0A3CfkZ_GR_wVGNl3VQ22rtBYmcARiN8mzMW8TsFtCU9ppnKPliiWofGU0ZlZuSYdJSltWiJTRyDTtQouytiZ3bja90K1GitquWL88Vo422hR7ya_5iiOhcp_wCMP_SyPBDaHwuk-vQCVcKxJ_VhkPLXX7e7FQvYogqXawCeI3JF2wblLNHtjedBlCaVog6f3dXI-TvKtJKfzutspQvKdSsyvpluvgo46Ddnv5XxA27saSgRF0I7HRDwCkK69qVcp5dwuPkZhg31n-cjhIJEn_cfwZwiV9DGQY.WSAIdv_2W-eTI1W8BIwMJghbIJKzCa9imuGcVzPd7Ds&dib_tag=se&keywords=tenis+de+corrida&qid=1761925706&sprefix=tenis+de+corrida%2Caps%2C739&sr=8-234&ufe=app_do%3Aamzn1.fos.6d798eae-cadf-45de-946a-f477d47705b9&xpid=ERuU6uEzXaAxz
3.9,Corrida de Rua,,2025-10-31,10.0,,Disponível,Feminino,Amazon,Yes Basic,Couro sintético,Tenis Feminino Esportivo Academia Caminhada Dia Dia leve e Macio,,68.311,75.9,9,,,Cadarço,Borracha,https://m.media-amazon.com/images/I/61FTxbADmEL._AC_SY395_SX395_QL70_ML2_.jpg,https://www.amazon.com.br/Feminino-Esportivo-Academia-Caminhada-Num%C3%A9rico/dp/B0DRPQKDK8/ref=is_sr_s_dp_2?crid=DLJ5Z8MJX9ZM&dib=eyJ2IjoiMSJ9.hU3ZEobTa0A3CfkZ_GR_wVGNl3VQ22rtBYmcARiN8mzMW8TsFtCU9ppnKPliiWofGU0ZlZuSYdJSltWiJTRyDTtQouytiZ3bja90K1GitquWL88Vo422hR7ya_5iiOhcp_wCMP_SyPBDaHwuk-vQCVcKxJ_VhkPLXX7e7FQvYogqXawCeI3JF2wblLNHtjedBlCaVog6f3dXI-TvKtJKfzutspQvKdSsyvpluvgo46Ddnv5XxA27saSgRF0I7HRDwCkK69qVcp5dwuPkZhg31n-cjhIJEn_cfwZwiV9DGQY.WSAIdv_2W-eTI1W8BIwMJghbIJKzCa9imuGcVzPd7Ds&dib_tag=se&keywords=tenis+de+corrida&qid=1761925706&sprefix=tenis+de+corrida%2Caps%2C739&sr=8-233&ufe=app_do%3Aamzn1.fos.6d798eae-cadf-45de-946a-f477d47705b9&xpid=ERuU6uEzXaAxz
4.2,Corrida de Rua,,2025-10-31,,,Disponível,Masculino,Amazon,Luiza Paula,Nylon,Tênis Academia Confortável Macio Corrida Feminino Masculino,,99.9,,1,,,Cadarço,Borracha,https://m.media-amazon.com/images/I/61wFQEllIwL._AC_SY395_SX395_QL70_ML2_.jpg,https://www.amazon.com.br/Academia-Confort%C3%A1vel-Corrida-Feminino-Masculino/dp/B0CBN6PH34/ref=is_sr_s_dp_5?crid=DLJ5Z8MJX9ZM&dib=eyJ2IjoiMSJ9.hU3ZEobTa0A3CfkZ_GR_wVGNl3VQ22rtBYmcARiN8mzMW8TsFtCU9ppnKPliiWofGU0ZlZuSYdJSltWiJTRyDTtQouytiZ3bja90K1GitquWL88Vo422hR7ya_5iiOhcp_wCMP_SyPBDaHwuk-vQCVcKxJ_VhkPLXX7e7FQvYogqXawCeI3JF2wblLNHtjedBlCaVog6f3dXI-TvKtJKfzutspQvKdSsyvpluvgo46Ddnv5XxA27saSgRF0I7HRDwCkK69qVcp5dwuPkZhg31n-cjhIJEn_cfwZwiV9DGQY.WSAIdv_2W-eTI1W8BIwMJghbIJKzCa9imuGcVzPd7Ds&dib_tag=se&keywords=tenis+de+corrida&qid=1761925706&sprefix=tenis+de+corrida%2Caps%2C739&sr=8-232&ufe=app_do%3Aamzn1.fos.6d798eae-cadf-45de-946a-f477d47705b9&xpid=ERuU6uEzXaAxz
4.2,Corrida de Rua,,2025-10-31,,,Disponível,Masculino,Amazon,Luiza Paula,Nylon,Tênis Academia Confortável Macio Corrida Feminino Masculino,,99.9,,1,,,Cadarço,Borracha,https://m.media-amazon.com/images/I/61xW39pTQPL._AC_SY395_SX395_QL70_ML2_.jpg,https://www.amazon.com.br/Academia-Confort%C3%A1vel-Corrida-Feminino-Masculino/dp/B0CBN636P8/ref=is_sr_dp_4?crid=DLJ5Z8MJX9ZM&dib=eyJ2IjoiMSJ9.hU3ZEobTa0A3CfkZ_GR_wVGNl3VQ22rtBYmcARiN8mzMW8TsFtCU9ppnKPliiWofGU0ZlZuSYdJSltWiJTRyDTtQouytiZ3bja90K1GitquWL88Vo422hR7ya_5iiOhcp_wCMP_SyPBDaHwuk-vQCVcKxJ_VhkPLXX7e7FQvYogqXawCeI3JF2wblLNHtjedBlCaVog6f3dXI-TvKtJKfzutspQvKdSsyvpluvgo46Ddnv5XxA27saSgRF0I7HRDwCkK69qVcp5dwuPkZhg31n-cjhIJEn_cfwZwiV9DGQY.WSAIdv_2W-eTI1W8BIwMJghbIJKzCa9imuGcVzPd7Ds&dib_tag=se&keywords=tenis+de+corrida&qid=1761925706&sprefix=tenis+de+corrida%2Caps%2C739&sr=8-232&ufe=app_do%3Aamzn1.fos.6d798eae-cadf-45de-946a-f477d47705b9&xpid=ERuU6uEzXaAxz
4.2,Corrida de Rua,,2025-10-31,,,Disponível,Masculino,Amazon,Luiza Paula,Nylon,Tênis Academia Confortável Macio Corrida Feminino Masculino,,99.9,,1,,,Cadarço,Borracha,https://m.media-amazon.com/images/I/614R4kgwadL._AC_SY395_SX395_QL70_ML2_.jpg,https://www.amazon.com.br/Academia-Confort%C3%A1vel-Corrida-Feminino-Masculino/dp/B0CBN35SKM/ref=is_sr_dp_3?crid=DLJ5Z8MJX9ZM&dib=eyJ2IjoiMSJ9.hU3ZEobTa0A3CfkZ_GR_wVGNl3VQ22rtBYmcARiN8mzMW8TsFtCU9ppnKPliiWofGU0ZlZuSYdJSltWiJTRyDTtQouytiZ3bja90K1GitquWL88Vo422hR7ya_5iiOhcp_wCMP_SyPBDaHwuk-vQCVcKxJ_VhkPLXX7e7FQvYogqXawCeI3JF2wblLNHtjedBlCaVog6f3dXI-TvKtJKfzutspQvKdSsyvpluvgo46Ddnv5XxA27saSgRF0I7HRDwCkK69qVcp5dwuPkZhg31n-cjhIJEn_cfwZwiV9DGQY.WSAIdv_2W-eTI1W8BIwMJghbIJKzCa9imuGcVzPd7Ds&dib_tag=se&keywords=tenis+de+corrida&qid=1761925706&sprefix=tenis+de+corrida%2Caps%2C739&sr=8-232&ufe=app_do%3Aamzn1.fos.6d798eae-cadf-45de-946a-f477d47705b9&xpid=ERuU6uEzXaAxz
4.2,Corrida de Rua,,2025-10-31,,,Disponível,Masculino,Amazon,Luiza Paula,Nylon,Tênis Academia Confortável Macio Corrida Feminino Masculino,,78.6,,1,,,Cadarço,Borracha,https://m.media-amazon.com/images/I/516GewHEWYL._AC_SY395_SX395_QL70_ML2_.jpg,https://www.amazon.com.br/Academia-Confort%C3%A1vel-Corrida-Feminino-Masculino/dp/B0CBN5SW9B/ref=is_sr_s_dp_1?crid=DLJ5Z8MJX9ZM&dib=eyJ2IjoiMSJ9.hU3ZEobTa0A3CfkZ_GR_wVGNl3VQ22rtBYmcARiN8mzMW8TsFtCU9ppnKPliiWofGU0ZlZuSYdJSltWiJTRyDTtQouytiZ3bja90K1GitquWL88Vo422hR7ya_5iiOhcp_wCMP_SyPBDaHwuk-vQCVcKxJ_VhkPLXX7e7FQvYogqXawCeI3JF2wblLNHtjedBlCaVog6f3dXI-TvKtJKfzutspQvKdSsyvpluvgo46Ddnv5XxA27saSgRF0I7HRDwCkK69qVcp5dwuPkZhg31n-cjhIJEn_cfwZwiV9DGQY.WSAIdv_2W-eTI1W8BIwMJghbIJKzCa9imuGcVzPd7Ds&dib_tag=se&keywords=tenis+de+corrida&qid=1761925706&sprefix=tenis+de+corrida%2Caps%2C739&sr=8-232&ufe=app_do%3Aamzn1.fos.6d798eae-cadf-45de-946a-f477d47705b9&xpid=ERuU6uEzXaAxz
4.2,Corrida de Rua,,2025-10-31,,,Disponível,Masculino,Amazon,Luiza Paula,Nylon,Tênis Academia Confortável Macio Corrida Feminino Masculino,,78.6,37.15,1,,,Cadarço,Borracha,https://m.media-amazon.com/images/I/516GewHEWYL._AC_SY395_SX395_QL70_ML2_.jpg,https://www.amazon.com.br/Academia-Confort%C3%A1vel-Corrida-Feminino-Masculino/dp/B0CBN5SW9B/ref=sr_1_232?crid=DLJ5Z8MJX9ZM&dib=eyJ2IjoiMSJ9.hU3ZEobTa0A3CfkZ_GR_wVGNl3VQ22rtBYmcARiN8mzMW8TsFtCU9ppnKPliiWofGU0ZlZuSYdJSltWiJTRyDTtQouytiZ3bja90K1GitquWL88Vo422hR7ya_5iiOhcp_wCMP_SyPBDaHwuk-vQCVcKxJ_VhkPLXX7e7FQvYogqXawCeI3JF2wblLNHtjedBlCaVog6f3dXI-TvKtJKfzutspQvKdSsyvpluvgo46Ddnv5XxA27saSgRF0I7HRDwCkK69qVcp5dwuPkZhg31n-cjhIJEn_cfwZwiV9DGQY.WSAIdv_2W-eTI1W8BIwMJghbIJKzCa9imuGcVzPd7Ds&dib_tag=se&keywords=tenis+de+corrida&qid=1761925706&sprefix=tenis+de+corrida%2Caps%2C739&sr=8-232&ufe=app_do%3Aamzn1.fos.6d798eae-cadf-45de-946a-f477d47705b9&xpid=ERuU6uEzXaAxz
3.6,Corrida de Rua,,2025-10-31,,,Disponível,Masculino,Amazon,DM DAMANDO,Nylon,Combo 2 Tênis Masculino Academia Esportivo Caminhada Corrida Leve Confortavel com Relógio Digital,,139.9,37.15,11,,,Cadarço,Borracha,https://m.media-amazon.com/images/I/61ZOwO-4f9L._AC_SY395_SX395_QL70_ML2_.jpg,https://www.amazon.com.br/Masculino-Academia-Esportivo-Caminhada-Confortavel/dp/B0DZ74VS5Z/ref=is_sr_dp_2?crid=DLJ5Z8MJX9ZM&dib=eyJ2IjoiMSJ9.hU3ZEobTa0A3CfkZ_GR_wVGNl3VQ22rtBYmcARiN8mzMW8TsFtCU9ppnKPliiWofGU0ZlZuSYdJSltWiJTRyDTtQouytiZ3bja90K1GitquWL88Vo422hR7ya_5iiOhcp_wCMP_SyPBDaHwuk-vQCVcKxJ_VhkPLXX7e7FQvYogqXawCeI3JF2wblLNHtjedBlCaVog6f3dXI-TvKtJKfzutspQvKdSsyvpluvgo46Ddnv5XxA27saSgRF0I7HRDwCkK69qVcp5dwuPkZhg31n-cjhIJEn_cfwZwiV9DGQY.WSAIdv_2W-eTI1W8BIwMJghbIJKzCa9imuGcVzPd7Ds&dib_tag=se&keywords=tenis+de+corrida&qid=1761925706&sprefix=tenis+de+corrida%2Caps%2C739&sr=8-231&ufe=app_do%3Aamzn1.fos.6a09f7ec-d911-4889-ad70-de8dd83c8a74&xpid=ERuU6uEzXaAxz
3.6,Corrida de Rua,,2025-10-31,,,Disponível,Masculino,Amazon,DM DAMANDO,Nylon,Combo 2 Tênis Masculino Academia Esportivo Caminhada Corrida Leve Confortavel com Relógio Digital,,139.9,37.15,11,,,Cadarço,Borracha,https://m.media-amazon.com/images/I/612e4sgVBQL._AC_SY395_SX395_QL70_ML2_.jpg,https://www.amazon.com.br/Masculino-Academia-Esportivo-Caminhada-Confortavel/dp/B0DZ72TNWK/ref=sr_1_231?crid=DLJ5Z8MJX9ZM&dib=eyJ2IjoiMSJ9.hU3ZEobTa0A3CfkZ_GR_wVGNl3VQ22rtBYmcARiN8mzMW8TsFtCU9ppnKPliiWofGU0ZlZuSYdJSltWiJTRyDTtQouytiZ3bja90K1GitquWL88Vo422hR7ya_5iiOhcp_wCMP_SyPBDaHwuk-vQCVcKxJ_VhkPLXX7e7FQvYogqXawCeI3JF2wblLNHtjedBlCaVog6f3dXI-TvKtJKfzutspQvKdSsyvpluvgo46Ddnv5XxA27saSgRF0I7HRDwCkK69qVcp5dwuPkZhg31n-cjhIJEn_cfwZwiV9DGQY.WSAIdv_2W-eTI1W8BIwMJghbIJKzCa9imuGcVzPd7Ds&dib_tag=se&keywords=tenis+de+corrida&qid=1761925706&sprefix=tenis+de+corrida%2Caps%2C739&sr=8-231&ufe=app_do%3Aamzn1.fos.6a09f7ec-d911-4889-ad70-de8dd83c8a74&xpid=ERuU6uEzXaAxz
4.7,Corrida de Rua,,2025-10-31,,,Disponível,Masculino,Amazon,Genérico,Nylon,Tênis Academia Masculino Esportivo Corrida Caminhada Treino Musculação Running Conforto Leve Confortável Macio Flexivel Malha + Relogio Digital,,69.9,37.15,4,,Gel,Cadarço,Borracha Antiderrapante Micro Expandido,https://m.media-amazon.com/images/I/6149eOExkrL._AC_SY395_SX395_QL70_ML2_.jpg,https://www.amazon.com.br/Masculino-Esportivo-Caminhada-Muscula%C3%A7%C3%A3o-Confort%C3%A1vel/dp/B0CHN71ZFT/ref=is_sr_s_dp_2?crid=DLJ5Z8MJX9ZM&dib=eyJ2IjoiMSJ9.hU3ZEobTa0A3CfkZ_GR_wVGNl3VQ22rtBYmcARiN8mzMW8TsFtCU9ppnKPliiWofGU0ZlZuSYdJSltWiJTRyDTtQouytiZ3bja90K1GitquWL88Vo422hR7ya_5iiOhcp_wCMP_SyPBDaHwuk-vQCVcKxJ_VhkPLXX7e7FQvYogqXawCeI3JF2wblLNHtjedBlCaVog6f3dXI-TvKtJKfzutspQvKdSsyvpluvgo46Ddnv5XxA27saSgRF0I7HRDwCkK69qVcp5dwuPkZhg31n-cjhIJEn_cfwZwiV9DGQY.WSAIdv_2W-eTI1W8BIwMJghbIJKzCa9imuGcVzPd7Ds&dib_tag=se&keywords=tenis+de+corrida&qid=1761925706&sprefix=tenis+de+corrida%2Caps%2C739&sr=8-230&ufe=app_do%3Aamzn1.fos.6d798eae-cadf-45de-946a-f477d47705b9&xpid=ERuU6uEzXaAxz
4.7,Corrida de Rua,,2025-10-31,,,Disponível,Masculino,Amazon,Genérico,Nylon,Tênis Academia Masculino Esportivo Corrida Caminhada Treino Musculação Running Conforto Leve Confortável Macio Flexivel Malha + Relogio Digital,,69.9,37.15,4,,Gel,Cadarço,Borracha Antiderrapante Micro Expandido,https://m.media-amazon.com/images/I/61QMF0wEudL._AC_SY395_SX395_QL70_ML2_.jpg,https://www.amazon.com.br/Masculino-Esportivo-Caminhada-Muscula%C3%A7%C3%A3o-Confort%C3%A1vel/dp/B0CHN8CQDV/ref=is_sr_s_dp_1?crid=DLJ5Z8MJX9ZM&dib=eyJ2IjoiMSJ9.hU3ZEobTa0A3CfkZ_GR_wVGNl3VQ22rtBYmcARiN8mzMW8TsFtCU9ppnKPliiWofGU0ZlZuSYdJSltWiJTRyDTtQouytiZ3bja90K1GitquWL88Vo422hR7ya_5iiOhcp_wCMP_SyPBDaHwuk-vQCVcKxJ_VhkPLXX7e7FQvYogqXawCeI3JF2wblLNHtjedBlCaVog6f3dXI-TvKtJKfzutspQvKdSsyvpluvgo46Ddnv5XxA27saSgRF0I7HRDwCkK69qVcp5dwuPkZhg31n-cjhIJEn_cfwZwiV9DGQY.WSAIdv_2W-eTI1W8BIwMJghbIJKzCa9imuGcVzPd7Ds&dib_tag=se&keywords=tenis+de+corrida&qid=1761925706&sprefix=tenis+de+corrida%2Caps%2C739&sr=8-230&ufe=app_do%3Aamzn1.fos.6d798eae-cadf-45de-946a-f477d47705b9&xpid=ERuU6uEzXaAxz
4.7,Corrida de Rua,,2025-10-31,,,Disponível,Masculino,Amazon,Genérico,Nylon,Tênis Academia Masculino Esportivo Corrida Caminhada Treino Musculação Running Conforto Leve Confortável Macio Flexivel Malha + Relogio Digital,,69.9,37.15,4,,Gel,Cadarço,Borracha Antiderrapante Micro Expandido,https://m.media-amazon.com/images/I/61QMF0wEudL._AC_SY395_SX395_QL70_ML2_.jpg,https://www.amazon.com.br/Masculino-Esportivo-Caminhada-Muscula%C3%A7%C3%A3o-Confort%C3%A1vel/dp/B0CHN8CQDV/ref=sr_1_230?crid=DLJ5Z8MJX9ZM&dib=eyJ2IjoiMSJ9.hU3ZEobTa0A3CfkZ_GR_wVGNl3VQ22rtBYmcARiN8mzMW8TsFtCU9ppnKPliiWofGU0ZlZuSYdJSltWiJTRyDTtQouytiZ3bja90K1GitquWL88Vo422hR7ya_5iiOhcp_wCMP_SyPBDaHwuk-vQCVcKxJ_VhkPLXX7e7FQvYogqXawCeI3JF2wblLNHtjedBlCaVog6f3dXI-TvKtJKfzutspQvKdSsyvpluvgo46Ddnv5XxA27saSgRF0I7HRDwCkK69qVcp5dwuPkZhg31n-cjhIJEn_cfwZwiV9DGQY.WSAIdv_2W-eTI1W8BIwMJghbIJKzCa9imuGcVzPd7Ds&dib_tag=se&keywords=tenis+de+corrida&qid=1761925706&sprefix=tenis+de+corrida%2Caps%2C739&sr=8-230&ufe=app_do%3Aamzn1.fos.6d798eae-cadf-45de-946a-f477d47705b9&xpid=ERuU6uEzXaAxz
5.0,Corrida de Rua,,2025-10-31,,,Disponível,Masculino,Amazon,Genérico,Nylon,"Tênis Academia Lorenzzo Lopez Racer – Masculino, Leve, Confortável, Antiderrapante",,118.65,37.15,1,,,Cadarço,Borracha,https://m.media-amazon.com/images/I/616Aspff9tL._AC_SY395_SX395_QL70_ML2_.jpg,https://www.amazon.com.br/T%C3%AAnis-Masculino-Lorenzzo-Lopez-Racer/dp/B0FGZZSP9D/ref=is_sr_s_dp_5?crid=DLJ5Z8MJX9ZM&dib=eyJ2IjoiMSJ9.hU3ZEobTa0A3CfkZ_GR_wVGNl3VQ22rtBYmcARiN8mzMW8TsFtCU9ppnKPliiWofGU0ZlZuSYdJSltWiJTRyDTtQouytiZ3bja90K1GitquWL88Vo422hR7ya_5iiOhcp_wCMP_SyPBDaHwuk-vQCVcKxJ_VhkPLXX7e7FQvYogqXawCeI3JF2wblLNHtjedBlCaVog6f3dXI-TvKtJKfzutspQvKdSsyvpluvgo46Ddnv5XxA27saSgRF0I7HRDwCkK69qVcp5dwuPkZhg31n-cjhIJEn_cfwZwiV9DGQY.WSAIdv_2W-eTI1W8BIwMJghbIJKzCa9imuGcVzPd7Ds&dib_tag=se&keywords=tenis+de+corrida&qid=1761925706&sprefix=tenis+de+corrida%2Caps%2C739&sr=8-229&ufe=app_do%3Aamzn1.fos.6a09f7ec-d911-4889-ad70-de8dd83c8a74&xpid=ERuU6uEzXaAxz
5.0,Corrida de Rua,,2025-10-31,,,Disponível,Masculino,Amazon,Genérico,Nylon,"Tênis Academia Lorenzzo Lopez Racer – Masculino, Leve, Confortável, Antiderrapante",,118.65,99.99,1,,,Cadarço,Borracha,https://m.media-amazon.com/images/I/61xvKEPkfLL._AC_SY395_SX395_QL70_ML2_.jpg,https://www.amazon.com.br/T%C3%AAnis-Masculino-Lorenzzo-Lopez-Racer/dp/B0FGZPYSYW/ref=is_sr_s_dp_4?crid=DLJ5Z8MJX9ZM&dib=eyJ2IjoiMSJ9.hU3ZEobTa0A3CfkZ_GR_wVGNl3VQ22rtBYmcARiN8mzMW8TsFtCU9ppnKPliiWofGU0ZlZuSYdJSltWiJTRyDTtQouytiZ3bja90K1GitquWL88Vo422hR7ya_5iiOhcp_wCMP_SyPBDaHwuk-vQCVcKxJ_VhkPLXX7e7FQvYogqXawCeI3JF2wblLNHtjedBlCaVog6f3dXI-TvKtJKfzutspQvKdSsyvpluvgo46Ddnv5XxA27saSgRF0I7HRDwCkK69qVcp5dwuPkZhg31n-cjhIJEn_cfwZwiV9DGQY.WSAIdv_2W-eTI1W8BIwMJghbIJKzCa9imuGcVzPd7Ds&dib_tag=se&keywords=tenis+de+corrida&qid=1761925706&sprefix=tenis+de+corrida%2Caps%2C739&sr=8-229&ufe=app_do%3Aamzn1.fos.6a09f7ec-d911-4889-ad70-de8dd83c8a74&xpid=ERuU6uEzXaAxz
5.0,Corrida de Rua,,2025-10-31,,,Disponível,Masculino,Amazon,Genérico,Nylon,"Tênis Academia Lorenzzo Lopez Racer – Masculino, Leve, Confortável, Antiderrapante",,118.65,37.15,1,,,Cadarço,Borracha,https://m.media-amazon.com/images/I/61OC--LCngL._AC_SY395_SX395_QL70_ML2_.jpg,https://www.amazon.com.br/T%C3%AAnis-Masculino-Lorenzzo-Lopez-Racer/dp/B0FGZXMWB5/ref=is_sr_s_dp_3?crid=DLJ5Z8MJX9ZM&dib=eyJ2IjoiMSJ9.hU3ZEobTa0A3CfkZ_GR_wVGNl3VQ22rtBYmcARiN8mzMW8TsFtCU9ppnKPliiWofGU0ZlZuSYdJSltWiJTRyDTtQouytiZ3bja90K1GitquWL88Vo422hR7ya_5iiOhcp_wCMP_SyPBDaHwuk-vQCVcKxJ_VhkPLXX7e7FQvYogqXawCeI3JF2wblLNHtjedBlCaVog6f3dXI-TvKtJKfzutspQvKdSsyvpluvgo46Ddnv5XxA27saSgRF0I7HRDwCkK69qVcp5dwuPkZhg31n-cjhIJEn_cfwZwiV9DGQY.WSAIdv_2W-eTI1W8BIwMJghbIJKzCa9imuGcVzPd7Ds&dib_tag=se&keywords=tenis+de+corrida&qid=1761925706&sprefix=tenis+de+corrida%2Caps%2C739&sr=8-229&ufe=app_do%3Aamzn1.fos.6a09f7ec-d911-4889-ad70-de8dd83c8a74&xpid=ERuU6uEzXaAxz
5.0,Corrida de Rua,,2025-10-31,,,Disponível,Masculino,Amazon,Genérico,Nylon,"Tênis Academia Lorenzzo Lopez Racer – Masculino, Leve, Confortável, Antiderrapante",,118.65,37.15,1,,,Cadarço,Borracha,https://m.media-amazon.com/images/I/619SNMwe04L._AC_SY395_SX395_QL70_ML2_.jpg,https://www.amazon.com.br/T%C3%AAnis-Masculino-Lorenzzo-Lopez-Racer/dp/B0FGZ58LY3/ref=is_sr_s_dp_2?crid=DLJ5Z8MJX9ZM&dib=eyJ2IjoiMSJ9.hU3ZEobTa0A3CfkZ_GR_wVGNl3VQ22rtBYmcARiN8mzMW8TsFtCU9ppnKPliiWofGU0ZlZuSYdJSltWiJTRyDTtQouytiZ3bja90K1GitquWL88Vo422hR7ya_5iiOhcp_wCMP_SyPBDaHwuk-vQCVcKxJ_VhkPLXX7e7FQvYogqXawCeI3JF2wblLNHtjedBlCaVog6f3dXI-TvKtJKfzutspQvKdSsyvpluvgo46Ddnv5XxA27saSgRF0I7HRDwCkK69qVcp5dwuPkZhg31n-cjhIJEn_cfwZwiV9DGQY.WSAIdv_2W-eTI1W8BIwMJghbIJKzCa9imuGcVzPd7Ds&dib_tag=se&keywords=tenis+de+corrida&qid=1761925706&sprefix=tenis+de+corrida%2Caps%2C739&sr=8-229&ufe=app_do%3Aamzn1.fos.6a09f7ec-d911-4889-ad70-de8dd83c8a74&xpid=ERuU6uEzXaAxz
5.0,Corrida de Rua,,2025-10-31,,,Disponível,Masculino,Amazon,Genérico,Nylon,"Tênis Academia Lorenzzo Lopez Racer – Masculino, Leve, Confortável, Antiderrapante",,118.65,,1,,,Cadarço,Borracha,https://m.media-amazon.com/images/I/51D77NRh8-L._AC_SY395_SX395_QL70_ML2_.jpg,https://www.amazon.com.br/T%C3%AAnis-Masculino-Lorenzzo-Lopez-Racer/dp/B0FGZT5FQ8/ref=is_sr_s_dp_1?crid=DLJ5Z8MJX9ZM&dib=eyJ2IjoiMSJ9.hU3ZEobTa0A3CfkZ_GR_wVGNl3VQ22rtBYmcARiN8mzMW8TsFtCU9ppnKPliiWofGU0ZlZuSYdJSltWiJTRyDTtQouytiZ3bja90K1GitquWL88Vo422hR7ya_5iiOhcp_wCMP_SyPBDaHwuk-vQCVcKxJ_VhkPLXX7e7FQvYogqXawCeI3JF2wblLNHtjedBlCaVog6f3dXI-TvKtJKfzutspQvKdSsyvpluvgo46Ddnv5XxA27saSgRF0I7HRDwCkK69qVcp5dwuPkZhg31n-cjhIJEn_cfwZwiV9DGQY.WSAIdv_2W-eTI1W8BIwMJghbIJKzCa9imuGcVzPd7Ds&dib_tag=se&keywords=tenis+de+corrida&qid=1761925706&sprefix=tenis+de+corrida%2Caps%2C739&sr=8-229&ufe=app_do%3Aamzn1.fos.6a09f7ec-d911-4889-ad70-de8dd83c8a74&xpid=ERuU6uEzXaAxz
5.0,Corrida de Rua,,2025-10-31,,,Disponível,Masculino,Amazon,Genérico,Nylon,"Tênis Academia Lorenzzo Lopez Racer – Masculino, Leve, Confortável, Antiderrapante",,118.65,37.15,1,,,Cadarço,Borracha,https://m.media-amazon.com/images/I/51D77NRh8-L._AC_SY395_SX395_QL70_ML2_.jpg,https://www.amazon.com.br/T%C3%AAnis-Masculino-Lorenzzo-Lopez-Racer/dp/B0FGZT5FQ8/ref=sr_1_229?crid=DLJ5Z8MJX9ZM&dib=eyJ2IjoiMSJ9.hU3ZEobTa0A3CfkZ_GR_wVGNl3VQ22rtBYmcARiN8mzMW8TsFtCU9ppnKPliiWofGU0ZlZuSYdJSltWiJTRyDTtQouytiZ3bja90K1GitquWL88Vo422hR7ya_5iiOhcp_wCMP_SyPBDaHwuk-vQCVcKxJ_VhkPLXX7e7FQvYogqXawCeI3JF2wblLNHtjedBlCaVog6f3dXI-TvKtJKfzutspQvKdSsyvpluvgo46Ddnv5XxA27saSgRF0I7HRDwCkK69qVcp5dwuPkZhg31n-cjhIJEn_cfwZwiV9DGQY.WSAIdv_2W-eTI1W8BIwMJghbIJKzCa9imuGcVzPd7Ds&dib_tag=se&keywords=tenis+de+corrida&qid=1761925706&sprefix=tenis+de+corrida%2Caps%2C739&sr=8-229&ufe=app_do%3Aamzn1.fos.6a09f7ec-d911-4889-ad70-de8dd83c8a74&xpid=ERuU6uEzXaAxz
4.1,Corrida de Rua,,2025-10-31,,,Disponível,Masculino,Amazon,DM DAMANDO,Nylon,DM Damando Tênis Masculino Academia Corrida Treino Esportivo Caminhada Confortável e Leve Branco,,64.9,,285,,,Cadarço,Borracha,https://m.media-amazon.com/images/I/611uvAUUNAL._AC_SY395_SX395_QL70_ML2_.jpg,https://www.amazon.com.br/Masculino-Corrida-Caminhada-Academia-Num%C3%A9rico/dp/B0DF492GSH/ref=is_sr_s_dp_5?crid=DLJ5Z8MJX9ZM&dib=eyJ2IjoiMSJ9.hU3ZEobTa0A3CfkZ_GR_wVGNl3VQ22rtBYmcARiN8mzMW8TsFtCU9ppnKPliiWofGU0ZlZuSYdJSltWiJTRyDTtQouytiZ3bja90K1GitquWL88Vo422hR7ya_5iiOhcp_wCMP_SyPBDaHwuk-vQCVcKxJ_VhkPLXX7e7FQvYogqXawCeI3JF2wblLNHtjedBlCaVog6f3dXI-TvKtJKfzutspQvKdSsyvpluvgo46Ddnv5XxA27saSgRF0I7HRDwCkK69qVcp5dwuPkZhg31n-cjhIJEn_cfwZwiV9DGQY.WSAIdv_2W-eTI1W8BIwMJghbIJKzCa9imuGcVzPd7Ds&dib_tag=se&keywords=tenis+de+corrida&qid=1761925706&sprefix=tenis+de+corrida%2Caps%2C739&sr=8-228&ufe=app_do%3Aamzn1.fos.6d798eae-cadf-45de-946a-f477d47705b9&xpid=ERuU6uEzXaAxz
4.1,Corrida de Rua,,2025-10-31,,,Disponível,Masculino,Amazon,DM DAMANDO,Nylon,DM Damando Tênis Masculino Academia Corrida Treino Esportivo Caminhada Confortável e Leve Branco,,64.9,37.15,285,,,Cadarço,Borracha,https://m.media-amazon.com/images/I/61wxhzstjAL._AC_SY395_SX395_QL70_ML2_.jpg,https://www.amazon.com.br/Masculino-Corrida-Caminhada-Academia-Num%C3%A9rico/dp/B0DF43XFKT/ref=is_sr_s_dp_4?crid=DLJ5Z8MJX9ZM&dib=eyJ2IjoiMSJ9.hU3ZEobTa0A3CfkZ_GR_wVGNl3VQ22rtBYmcARiN8mzMW8TsFtCU9ppnKPliiWofGU0ZlZuSYdJSltWiJTRyDTtQouytiZ3bja90K1GitquWL88Vo422hR7ya_5iiOhcp_wCMP_SyPBDaHwuk-vQCVcKxJ_VhkPLXX7e7FQvYogqXawCeI3JF2wblLNHtjedBlCaVog6f3dXI-TvKtJKfzutspQvKdSsyvpluvgo46Ddnv5XxA27saSgRF0I7HRDwCkK69qVcp5dwuPkZhg31n-cjhIJEn_cfwZwiV9DGQY.WSAIdv_2W-eTI1W8BIwMJghbIJKzCa9imuGcVzPd7Ds&dib_tag=se&keywords=tenis+de+corrida&qid=1761925706&sprefix=tenis+de+corrida%2Caps%2C739&sr=8-228&ufe=app_do%3Aamzn1.fos.6d798eae-cadf-45de-946a-f477d47705b9&xpid=ERuU6uEzXaAxz
4.1,Corrida de Rua,,2025-10-31,,,Disponível,Masculino,Amazon,DM DAMANDO,Malha,DM Damando Tênis Masculino Academia Corrida Treino Esportivo Caminhada Confortável e Leve Branco,,64.9,37.15,285,,,Cadarço,Borracha,https://m.media-amazon.com/images/I/611+Vn+2MjL._AC_SY395_SX395_QL70_ML2_.jpg,https://www.amazon.com.br/Masculino-Corrida-Caminhada-Academia-Num%C3%A9rico/dp/B0DF48SFRJ/ref=is_sr_s_dp_3?crid=DLJ5Z8MJX9ZM&dib=eyJ2IjoiMSJ9.hU3ZEobTa0A3CfkZ_GR_wVGNl3VQ22rtBYmcARiN8mzMW8TsFtCU9ppnKPliiWofGU0ZlZuSYdJSltWiJTRyDTtQouytiZ3bja90K1GitquWL88Vo422hR7ya_5iiOhcp_wCMP_SyPBDaHwuk-vQCVcKxJ_VhkPLXX7e7FQvYogqXawCeI3JF2wblLNHtjedBlCaVog6f3dXI-TvKtJKfzutspQvKdSsyvpluvgo46Ddnv5XxA27saSgRF0I7HRDwCkK69qVcp5dwuPkZhg31n-cjhIJEn_cfwZwiV9DGQY.WSAIdv_2W-eTI1W8BIwMJghbIJKzCa9imuGcVzPd7Ds&dib_tag=se&keywords=tenis+de+corrida&qid=1761925706&sprefix=tenis+de+corrida%2Caps%2C739&sr=8-228&ufe=app_do%3Aamzn1.fos.6d798eae-cadf-45de-946a-f477d47705b9&xpid=ERuU6uEzXaAxz
4.1,Corrida de Rua,,2025-10-31,,,Disponível,Masculino,Amazon,DM DAMANDO,Nylon,DM Damando Tênis Masculino Academia Corrida Treino Esportivo Caminhada Confortável e Leve Branco,,64.9,37.15,285,,,Cadarço,Borracha,https://m.media-amazon.com/images/I/611bbIh-mJL._AC_SY395_SX395_QL70_ML2_.jpg,https://www.amazon.com.br/Masculino-Corrida-Caminhada-Academia-Num%C3%A9rico/dp/B0DF4ZHCLB/ref=is_sr_s_dp_2?crid=DLJ5Z8MJX9ZM&dib=eyJ2IjoiMSJ9.hU3ZEobTa0A3CfkZ_GR_wVGNl3VQ22rtBYmcARiN8mzMW8TsFtCU9ppnKPliiWofGU0ZlZuSYdJSltWiJTRyDTtQouytiZ3bja90K1GitquWL88Vo422hR7ya_5iiOhcp_wCMP_SyPBDaHwuk-vQCVcKxJ_VhkPLXX7e7FQvYogqXawCeI3JF2wblLNHtjedBlCaVog6f3dXI-TvKtJKfzutspQvKdSsyvpluvgo46Ddnv5XxA27saSgRF0I7HRDwCkK69qVcp5dwuPkZhg31n-cjhIJEn_cfwZwiV9DGQY.WSAIdv_2W-eTI1W8BIwMJghbIJKzCa9imuGcVzPd7Ds&dib_tag=se&keywords=tenis+de+corrida&qid=1761925706&sprefix=tenis+de+corrida%2Caps%2C739&sr=8-228&ufe=app_do%3Aamzn1.fos.6d798eae-cadf-45de-946a-f477d47705b9&xpid=ERuU6uEzXaAxz
4.1,Corrida de Rua,,2025-10-31,,,Disponível,Masculino,Amazon,DM DAMANDO,Nylon,DM Damando Tênis Masculino Academia Corrida Treino Esportivo Caminhada Confortável e Leve Branco,,64.9,,285,,,Cadarço,Borracha,https://m.media-amazon.com/images/I/61oiNckdZ8L._AC_SY395_SX395_QL70_ML2_.jpg,https://www.amazon.com.br/Masculino-Corrida-Caminhada-Academia-Num%C3%A9rico/dp/B0DF4XDM27/ref=is_sr_s_dp_1?crid=DLJ5Z8MJX9ZM&dib=eyJ2IjoiMSJ9.hU3ZEobTa0A3CfkZ_GR_wVGNl3VQ22rtBYmcARiN8mzMW8TsFtCU9ppnKPliiWofGU0ZlZuSYdJSltWiJTRyDTtQouytiZ3bja90K1GitquWL88Vo422hR7ya_5iiOhcp_wCMP_SyPBDaHwuk-vQCVcKxJ_VhkPLXX7e7FQvYogqXawCeI3JF2wblLNHtjedBlCaVog6f3dXI-TvKtJKfzutspQvKdSsyvpluvgo46Ddnv5XxA27saSgRF0I7HRDwCkK69qVcp5dwuPkZhg31n-cjhIJEn_cfwZwiV9DGQY.WSAIdv_2W-eTI1W8BIwMJghbIJKzCa9imuGcVzPd7Ds&dib_tag=se&keywords=tenis+de+corrida&qid=1761925706&sprefix=tenis+de+corrida%2Caps%2C739&sr=8-228&ufe=app_do%3Aamzn1.fos.6d798eae-cadf-45de-946a-f477d47705b9&xpid=ERuU6uEzXaAxz
4.1,Corrida de Rua,,2025-10-31,,,Disponível,Masculino,Amazon,DM DAMANDO,Nylon,DM Damando Tênis Masculino Academia Corrida Treino Esportivo Caminhada Confortável e Leve Branco,,64.9,37.15,285,,,Cadarço,Borracha,https://m.media-amazon.com/images/I/61oiNckdZ8L._AC_SY395_SX395_QL70_ML2_.jpg,https://www.amazon.com.br/Masculino-Corrida-Caminhada-Academia-Num%C3%A9rico/dp/B0DF4XDM27/ref=sr_1_228?crid=DLJ5Z8MJX9ZM&dib=eyJ2IjoiMSJ9.hU3ZEobTa0A3CfkZ_GR_wVGNl3VQ22rtBYmcARiN8mzMW8TsFtCU9ppnKPliiWofGU0ZlZuSYdJSltWiJTRyDTtQouytiZ3bja90K1GitquWL88Vo422hR7ya_5iiOhcp_wCMP_SyPBDaHwuk-vQCVcKxJ_VhkPLXX7e7FQvYogqXawCeI3JF2wblLNHtjedBlCaVog6f3dXI-TvKtJKfzutspQvKdSsyvpluvgo46Ddnv5XxA27saSgRF0I7HRDwCkK69qVcp5dwuPkZhg31n-cjhIJEn_cfwZwiV9DGQY.WSAIdv_2W-eTI1W8BIwMJghbIJKzCa9imuGcVzPd7Ds&dib_tag=se&keywords=tenis+de+corrida&qid=1761925706&sprefix=tenis+de+corrida%2Caps%2C739&sr=8-228&ufe=app_do%3Aamzn1.fos.6d798eae-cadf-45de-946a-f477d47705b9&xpid=ERuU6uEzXaAxz
4.3,Corrida de Rua,,2025-10-31,,,Disponível,Feminino,Amazon,RUNWAY,Nylon,Tênis De Caminhada Academia Runway Training Feminino,,138.9,29.99,34,,,Cadarço,Borracha sintética,https://m.media-amazon.com/images/I/61Haji3uWhL._AC_SY395_SX395_QL70_ML2_.jpg,https://www.amazon.com.br/Caminhada-Academia-Training-Feminino-Tamanho/dp/B08XY1PR1T/ref=is_sr_dp_3?crid=DLJ5Z8MJX9ZM&dib=eyJ2IjoiMSJ9.hU3ZEobTa0A3CfkZ_GR_wVGNl3VQ22rtBYmcARiN8mzMW8TsFtCU9ppnKPliiWofGU0ZlZuSYdJSltWiJTRyDTtQouytiZ3bja90K1GitquWL88Vo422hR7ya_5iiOhcp_wCMP_SyPBDaHwuk-vQCVcKxJ_VhkPLXX7e7FQvYogqXawCeI3JF2wblLNHtjedBlCaVog6f3dXI-TvKtJKfzutspQvKdSsyvpluvgo46Ddnv5XxA27saSgRF0I7HRDwCkK69qVcp5dwuPkZhg31n-cjhIJEn_cfwZwiV9DGQY.WSAIdv_2W-eTI1W8BIwMJghbIJKzCa9imuGcVzPd7Ds&dib_tag=se&keywords=tenis+de+corrida&qid=1761925706&sprefix=tenis+de+corrida%2Caps%2C739&sr=8-227&ufe=app_do%3Aamzn1.fos.6a09f7ec-d911-4889-ad70-de8dd83c8a74&xpid=ERuU6uEzXaAxz
4.3,Corrida de Rua,,2025-10-31,,,Disponível,Feminino,Amazon,RUNWAY,Nylon,Tênis De Caminhada Academia Runway Training Feminino,,138.9,29.99,34,,,Cadarço,Borracha sintética,https://m.media-amazon.com/images/I/61yZVUQrimL._AC_SY395_SX395_QL70_ML2_.jpg,https://www.amazon.com.br/Caminhada-Academia-Training-Feminino-Tamanho/dp/B08XY38TT6/ref=is_sr_dp_2?crid=DLJ5Z8MJX9ZM&dib=eyJ2IjoiMSJ9.hU3ZEobTa0A3CfkZ_GR_wVGNl3VQ22rtBYmcARiN8mzMW8TsFtCU9ppnKPliiWofGU0ZlZuSYdJSltWiJTRyDTtQouytiZ3bja90K1GitquWL88Vo422hR7ya_5iiOhcp_wCMP_SyPBDaHwuk-vQCVcKxJ_VhkPLXX7e7FQvYogqXawCeI3JF2wblLNHtjedBlCaVog6f3dXI-TvKtJKfzutspQvKdSsyvpluvgo46Ddnv5XxA27saSgRF0I7HRDwCkK69qVcp5dwuPkZhg31n-cjhIJEn_cfwZwiV9DGQY.WSAIdv_2W-eTI1W8BIwMJghbIJKzCa9imuGcVzPd7Ds&dib_tag=se&keywords=tenis+de+corrida&qid=1761925706&sprefix=tenis+de+corrida%2Caps%2C739&sr=8-227&ufe=app_do%3Aamzn1.fos.6a09f7ec-d911-4889-ad70-de8dd83c8a74&xpid=ERuU6uEzXaAxz
4.3,Corrida de Rua,,2025-10-31,,,Disponível,Feminino,Amazon,RUNWAY,Nylon,Tênis De Caminhada Academia Runway Training Feminino,,138.9,29.99,34,,,Cadarço,Borracha,https://m.media-amazon.com/images/I/61KZIvo7VIL._AC_SY395_SX395_QL70_ML2_.jpg,https://www.amazon.com.br/Caminhada-Academia-Training-Feminino-Tamanho/dp/B08XY1NS6M/ref=is_sr_dp_1?crid=DLJ5Z8MJX9ZM&dib=eyJ2IjoiMSJ9.hU3ZEobTa0A3CfkZ_GR_wVGNl3VQ22rtBYmcARiN8mzMW8TsFtCU9ppnKPliiWofGU0ZlZuSYdJSltWiJTRyDTtQouytiZ3bja90K1GitquWL88Vo422hR7ya_5iiOhcp_wCMP_SyPBDaHwuk-vQCVcKxJ_VhkPLXX7e7FQvYogqXawCeI3JF2wblLNHtjedBlCaVog6f3dXI-TvKtJKfzutspQvKdSsyvpluvgo46Ddnv5XxA27saSgRF0I7HRDwCkK69qVcp5dwuPkZhg31n-cjhIJEn_cfwZwiV9DGQY.WSAIdv_2W-eTI1W8BIwMJghbIJKzCa9imuGcVzPd7Ds&dib_tag=se&keywords=tenis+de+corrida&qid=1761925706&sprefix=tenis+de+corrida%2Caps%2C739&sr=8-227&ufe=app_do%3Aamzn1.fos.6a09f7ec-d911-4889-ad70-de8dd83c8a74&xpid=ERuU6uEzXaAxz
4.3,Corrida de Rua,,2025-10-31,,,Disponível,Feminino,Amazon,RUNWAY,Nylon,Tênis De Caminhada Academia Runway Training Feminino,,138.9,29.99,34,,,Cadarço,Borracha,https://m.media-amazon.com/images/I/61KZIvo7VIL._AC_SY395_SX395_QL70_ML2_.jpg,https://www.amazon.com.br/Caminhada-Academia-Training-Feminino-Tamanho/dp/B08XY1NS6M/ref=sr_1_227?crid=DLJ5Z8MJX9ZM&dib=eyJ2IjoiMSJ9.hU3ZEobTa0A3CfkZ_GR_wVGNl3VQ22rtBYmcARiN8mzMW8TsFtCU9ppnKPliiWofGU0ZlZuSYdJSltWiJTRyDTtQouytiZ3bja90K1GitquWL88Vo422hR7ya_5iiOhcp_wCMP_SyPBDaHwuk-vQCVcKxJ_VhkPLXX7e7FQvYogqXawCeI3JF2wblLNHtjedBlCaVog6f3dXI-TvKtJKfzutspQvKdSsyvpluvgo46Ddnv5XxA27saSgRF0I7HRDwCkK69qVcp5dwuPkZhg31n-cjhIJEn_cfwZwiV9DGQY.WSAIdv_2W-eTI1W8BIwMJghbIJKzCa9imuGcVzPd7Ds&dib_tag=se&keywords=tenis+de+corrida&qid=1761925706&sprefix=tenis+de+corrida%2Caps%2C739&sr=8-227&ufe=app_do%3Aamzn1.fos.6a09f7ec-d911-4889-ad70-de8dd83c8a74&xpid=ERuU6uEzXaAxz
3.5,Tênis Casuais,,2025-10-31,,,Disponível,Masculino,Amazon,OLDSEN,Textil,Tenis Masculino feminino unissex Oldsen Insanity corrida academia caminhada 34-43,,59.9,37.15,13,,,Cadarço,Borracha,https://m.media-amazon.com/images/I/511Bd-1i3fL._AC_SY395_SX395_QL70_ML2_.jpg,https://www.amazon.com.br/Masculino-feminino-Insanity-academia-caminhada/dp/B0C632YKS1/ref=is_sr_dp_3?crid=DLJ5Z8MJX9ZM&dib=eyJ2IjoiMSJ9.hU3ZEobTa0A3CfkZ_GR_wVGNl3VQ22rtBYmcARiN8mzMW8TsFtCU9ppnKPliiWofGU0ZlZuSYdJSltWiJTRyDTtQouytiZ3bja90K1GitquWL88Vo422hR7ya_5iiOhcp_wCMP_SyPBDaHwuk-vQCVcKxJ_VhkPLXX7e7FQvYogqXawCeI3JF2wblLNHtjedBlCaVog6f3dXI-TvKtJKfzutspQvKdSsyvpluvgo46Ddnv5XxA27saSgRF0I7HRDwCkK69qVcp5dwuPkZhg31n-cjhIJEn_cfwZwiV9DGQY.WSAIdv_2W-eTI1W8BIwMJghbIJKzCa9imuGcVzPd7Ds&dib_tag=se&keywords=tenis+de+corrida&qid=1761925706&sprefix=tenis+de+corrida%2Caps%2C739&sr=8-226&ufe=app_do%3Aamzn1.fos.6d798eae-cadf-45de-946a-f477d47705b9&xpid=ERuU6uEzXaAxz
3.5,Tênis Casuais,,2025-10-31,,,Disponível,Masculino,Amazon,OLDSEN,Textil,Tenis Masculino feminino unissex Oldsen Insanity corrida academia caminhada 34-43,,59.9,37.15,13,,,Cadarço,Borracha,https://m.media-amazon.com/images/I/515HiRWr4gL._AC_SY395_SX395_QL70_ML2_.jpg,https://www.amazon.com.br/Masculino-feminino-Insanity-academia-caminhada/dp/B0C62SW1BR/ref=is_sr_dp_2?crid=DLJ5Z8MJX9ZM&dib=eyJ2IjoiMSJ9.hU3ZEobTa0A3CfkZ_GR_wVGNl3VQ22rtBYmcARiN8mzMW8TsFtCU9ppnKPliiWofGU0ZlZuSYdJSltWiJTRyDTtQouytiZ3bja90K1GitquWL88Vo422hR7ya_5iiOhcp_wCMP_SyPBDaHwuk-vQCVcKxJ_VhkPLXX7e7FQvYogqXawCeI3JF2wblLNHtjedBlCaVog6f3dXI-TvKtJKfzutspQvKdSsyvpluvgo46Ddnv5XxA27saSgRF0I7HRDwCkK69qVcp5dwuPkZhg31n-cjhIJEn_cfwZwiV9DGQY.WSAIdv_2W-eTI1W8BIwMJghbIJKzCa9imuGcVzPd7Ds&dib_tag=se&keywords=tenis+de+corrida&qid=1761925706&sprefix=tenis+de+corrida%2Caps%2C739&sr=8-226&ufe=app_do%3Aamzn1.fos.6d798eae-cadf-45de-946a-f477d47705b9&xpid=ERuU6uEzXaAxz
3.5,Tênis Casuais,,2025-10-31,,,Disponível,Masculino,Amazon,OLDSEN,Textil,Tenis Masculino feminino unissex Oldsen Insanity corrida academia caminhada 34-43,,59.9,37.15,13,,,Cadarço,Borracha,https://m.media-amazon.com/images/I/51wgGDm-HUL._AC_SY395_SX395_QL70_ML2_.jpg,https://www.amazon.com.br/Masculino-feminino-Insanity-academia-caminhada/dp/B0C6338XVJ/ref=is_sr_dp_1?crid=DLJ5Z8MJX9ZM&dib=eyJ2IjoiMSJ9.hU3ZEobTa0A3CfkZ_GR_wVGNl3VQ22rtBYmcARiN8mzMW8TsFtCU9ppnKPliiWofGU0ZlZuSYdJSltWiJTRyDTtQouytiZ3bja90K1GitquWL88Vo422hR7ya_5iiOhcp_wCMP_SyPBDaHwuk-vQCVcKxJ_VhkPLXX7e7FQvYogqXawCeI3JF2wblLNHtjedBlCaVog6f3dXI-TvKtJKfzutspQvKdSsyvpluvgo46Ddnv5XxA27saSgRF0I7HRDwCkK69qVcp5dwuPkZhg31n-cjhIJEn_cfwZwiV9DGQY.WSAIdv_2W-eTI1W8BIwMJghbIJKzCa9imuGcVzPd7Ds&dib_tag=se&keywords=tenis+de+corrida&qid=1761925706&sprefix=tenis+de+corrida%2Caps%2C739&sr=8-226&ufe=app_do%3Aamzn1.fos.6d798eae-cadf-45de-946a-f477d47705b9&xpid=ERuU6uEzXaAxz
3.5,Tênis Casuais,,2025-10-31,,,Disponível,Masculino,Amazon,OLDSEN,Textil,Tenis Masculino feminino unissex Oldsen Insanity corrida academia caminhada 34-43,,59.9,37.15,13,,,Cadarço,Borracha,https://m.media-amazon.com/images/I/51wgGDm-HUL._AC_SY395_SX395_QL70_ML2_.jpg,https://www.amazon.com.br/Masculino-feminino-Insanity-academia-caminhada/dp/B0C6338XVJ/ref=sr_1_226?crid=DLJ5Z8MJX9ZM&dib=eyJ2IjoiMSJ9.hU3ZEobTa0A3CfkZ_GR_wVGNl3VQ22rtBYmcARiN8mzMW8TsFtCU9ppnKPliiWofGU0ZlZuSYdJSltWiJTRyDTtQouytiZ3bja90K1GitquWL88Vo422hR7ya_5iiOhcp_wCMP_SyPBDaHwuk-vQCVcKxJ_VhkPLXX7e7FQvYogqXawCeI3JF2wblLNHtjedBlCaVog6f3dXI-TvKtJKfzutspQvKdSsyvpluvgo46Ddnv5XxA27saSgRF0I7HRDwCkK69qVcp5dwuPkZhg31n-cjhIJEn_cfwZwiV9DGQY.WSAIdv_2W-eTI1W8BIwMJghbIJKzCa9imuGcVzPd7Ds&dib_tag=se&keywords=tenis+de+corrida&qid=1761925706&sprefix=tenis+de+corrida%2Caps%2C739&sr=8-226&ufe=app_do%3Aamzn1.fos.6d798eae-cadf-45de-946a-f477d47705b9&xpid=ERuU6uEzXaAxz
4.3,Tênis para Academia,,2025-10-31,10.0,,Disponível,Feminino,Amazon,Yes Basic,Nylon,Tenis Academia Feminino Leve Macio Corrida + Relogio,,71.011,78.9,296,,,Cadarço,Borracha,https://m.media-amazon.com/images/I/61B5tHeraUL._AC_SY395_SX395_QL70_ML2_.jpg,https://www.amazon.com.br/Academia-Feminino-Corrida-Relogio-Num%C3%A9rico/dp/B0DBM552M7/ref=is_sr_s_dp_3?crid=DLJ5Z8MJX9ZM&dib=eyJ2IjoiMSJ9.hU3ZEobTa0A3CfkZ_GR_wVGNl3VQ22rtBYmcARiN8mzMW8TsFtCU9ppnKPliiWofGU0ZlZuSYdJSltWiJTRyDTtQouytiZ3bja90K1GitquWL88Vo422hR7ya_5iiOhcp_wCMP_SyPBDaHwuk-vQCVcKxJ_VhkPLXX7e7FQvYogqXawCeI3JF2wblLNHtjedBlCaVog6f3dXI-TvKtJKfzutspQvKdSsyvpluvgo46Ddnv5XxA27saSgRF0I7HRDwCkK69qVcp5dwuPkZhg31n-cjhIJEn_cfwZwiV9DGQY.WSAIdv_2W-eTI1W8BIwMJghbIJKzCa9imuGcVzPd7Ds&dib_tag=se&keywords=tenis+de+corrida&qid=1761925706&sprefix=tenis+de+corrida%2Caps%2C739&sr=8-224&ufe=app_do%3Aamzn1.fos.6d798eae-cadf-45de-946a-f477d47705b9&xpid=ERuU6uEzXaAxz
4.3,Tênis para Academia,,2025-10-31,10.0,,Disponível,Feminino,Amazon,Yes Basic,Nylon,Tenis Academia Feminino Leve Macio Corrida + Relogio,,71.011,78.9,296,,,Cadarço,Borracha,https://m.media-amazon.com/images/I/613-9E+1gWL._AC_SY395_SX395_QL70_ML2_.jpg,https://www.amazon.com.br/Academia-Feminino-Corrida-Relogio-Num%C3%A9rico/dp/B0DBM4F3L1/ref=is_sr_s_dp_2?crid=DLJ5Z8MJX9ZM&dib=eyJ2IjoiMSJ9.hU3ZEobTa0A3CfkZ_GR_wVGNl3VQ22rtBYmcARiN8mzMW8TsFtCU9ppnKPliiWofGU0ZlZuSYdJSltWiJTRyDTtQouytiZ3bja90K1GitquWL88Vo422hR7ya_5iiOhcp_wCMP_SyPBDaHwuk-vQCVcKxJ_VhkPLXX7e7FQvYogqXawCeI3JF2wblLNHtjedBlCaVog6f3dXI-TvKtJKfzutspQvKdSsyvpluvgo46Ddnv5XxA27saSgRF0I7HRDwCkK69qVcp5dwuPkZhg31n-cjhIJEn_cfwZwiV9DGQY.WSAIdv_2W-eTI1W8BIwMJghbIJKzCa9imuGcVzPd7Ds&dib_tag=se&keywords=tenis+de+corrida&qid=1761925706&sprefix=tenis+de+corrida%2Caps%2C739&sr=8-224&ufe=app_do%3Aamzn1.fos.6d798eae-cadf-45de-946a-f477d47705b9&xpid=ERuU6uEzXaAxz
4.3,Tênis para Academia,,2025-10-31,10.0,,Disponível,Feminino,Amazon,Yes Basic,Nylon,Tenis Academia Feminino Leve Macio Corrida + Relogio,,71.011,78.9,296,,,Cadarço,Borracha,https://m.media-amazon.com/images/I/51d21jZ9h0L._AC_SY395_SX395_QL70_ML2_.jpg,https://www.amazon.com.br/Academia-Feminino-Corrida-Relogio-Num%C3%A9rico/dp/B0DBM44Y7J/ref=is_sr_s_dp_1?crid=DLJ5Z8MJX9ZM&dib=eyJ2IjoiMSJ9.hU3ZEobTa0A3CfkZ_GR_wVGNl3VQ22rtBYmcARiN8mzMW8TsFtCU9ppnKPliiWofGU0ZlZuSYdJSltWiJTRyDTtQouytiZ3bja90K1GitquWL88Vo422hR7ya_5iiOhcp_wCMP_SyPBDaHwuk-vQCVcKxJ_VhkPLXX7e7FQvYogqXawCeI3JF2wblLNHtjedBlCaVog6f3dXI-TvKtJKfzutspQvKdSsyvpluvgo46Ddnv5XxA27saSgRF0I7HRDwCkK69qVcp5dwuPkZhg31n-cjhIJEn_cfwZwiV9DGQY.WSAIdv_2W-eTI1W8BIwMJghbIJKzCa9imuGcVzPd7Ds&dib_tag=se&keywords=tenis+de+corrida&qid=1761925706&sprefix=tenis+de+corrida%2Caps%2C739&sr=8-224&ufe=app_do%3Aamzn1.fos.6d798eae-cadf-45de-946a-f477d47705b9&xpid=ERuU6uEzXaAxz
4.3,Tênis para Academia,,2025-10-31,10.0,,Disponível,Feminino,Amazon,Yes Basic,Nylon,Tenis Academia Feminino Leve Macio Corrida + Relogio,,71.011,78.9,296,,,Cadarço,Borracha,https://m.media-amazon.com/images/I/51d21jZ9h0L._AC_SY395_SX395_QL70_ML2_.jpg,https://www.amazon.com.br/Academia-Feminino-Corrida-Relogio-Num%C3%A9rico/dp/B0DBM44Y7J/ref=sr_1_224?crid=DLJ5Z8MJX9ZM&dib=eyJ2IjoiMSJ9.hU3ZEobTa0A3CfkZ_GR_wVGNl3VQ22rtBYmcARiN8mzMW8TsFtCU9ppnKPliiWofGU0ZlZuSYdJSltWiJTRyDTtQouytiZ3bja90K1GitquWL88Vo422hR7ya_5iiOhcp_wCMP_SyPBDaHwuk-vQCVcKxJ_VhkPLXX7e7FQvYogqXawCeI3JF2wblLNHtjedBlCaVog6f3dXI-TvKtJKfzutspQvKdSsyvpluvgo46Ddnv5XxA27saSgRF0I7HRDwCkK69qVcp5dwuPkZhg31n-cjhIJEn_cfwZwiV9DGQY.WSAIdv_2W-eTI1W8BIwMJghbIJKzCa9imuGcVzPd7Ds&dib_tag=se&keywords=tenis+de+corrida&qid=1761925706&sprefix=tenis+de+corrida%2Caps%2C739&sr=8-224&ufe=app_do%3Aamzn1.fos.6d798eae-cadf-45de-946a-f477d47705b9&xpid=ERuU6uEzXaAxz
4.0,Corrida de Rua,,2025-10-31,,,Disponível,Masculino,Amazon,QueroShoes,Nylon,Tênis Masculino Academia e Corrida Esportivo,,99.9,37.15,535,,,Cadarço,Borracha sintética,https://m.media-amazon.com/images/I/61kfmzXZDdL._AC_SY395_SX395_QL70_ML2_.jpg,https://www.amazon.com.br/T%C3%AAnis-Masculino-Academia-Corrida-Esportivo/dp/B0BS9NGH1K/ref=is_sr_s_dp_4?crid=DLJ5Z8MJX9ZM&dib=eyJ2IjoiMSJ9.hU3ZEobTa0A3CfkZ_GR_wVGNl3VQ22rtBYmcARiN8mzMW8TsFtCU9ppnKPliiWofGU0ZlZuSYdJSltWiJTRyDTtQouytiZ3bja90K1GitquWL88Vo422hR7ya_5iiOhcp_wCMP_SyPBDaHwuk-vQCVcKxJ_VhkPLXX7e7FQvYogqXawCeI3JF2wblLNHtjedBlCaVog6f3dXI-TvKtJKfzutspQvKdSsyvpluvgo46Ddnv5XxA27saSgRF0I7HRDwCkK69qVcp5dwuPkZhg31n-cjhIJEn_cfwZwiV9DGQY.WSAIdv_2W-eTI1W8BIwMJghbIJKzCa9imuGcVzPd7Ds&dib_tag=se&keywords=tenis+de+corrida&qid=1761925706&sprefix=tenis+de+corrida%2Caps%2C739&sr=8-223&ufe=app_do%3Aamzn1.fos.6d798eae-cadf-45de-946a-f477d47705b9&xpid=ERuU6uEzXaAxz
4.0,Corrida de Rua,,2025-10-31,,,Disponível,Masculino,Amazon,QueroShoes,Nylon,Tênis Masculino Academia e Corrida Esportivo,,99.9,37.15,535,,,Cadarço,Polímero termoplástico,https://m.media-amazon.com/images/I/610c09iIS3L._AC_SY395_SX395_QL70_ML2_.jpg,https://www.amazon.com.br/T%C3%AAnis-Masculino-Academia-Corrida-Esportivo/dp/B0BS9PXNHM/ref=is_sr_s_dp_2?crid=DLJ5Z8MJX9ZM&dib=eyJ2IjoiMSJ9.hU3ZEobTa0A3CfkZ_GR_wVGNl3VQ22rtBYmcARiN8mzMW8TsFtCU9ppnKPliiWofGU0ZlZuSYdJSltWiJTRyDTtQouytiZ3bja90K1GitquWL88Vo422hR7ya_5iiOhcp_wCMP_SyPBDaHwuk-vQCVcKxJ_VhkPLXX7e7FQvYogqXawCeI3JF2wblLNHtjedBlCaVog6f3dXI-TvKtJKfzutspQvKdSsyvpluvgo46Ddnv5XxA27saSgRF0I7HRDwCkK69qVcp5dwuPkZhg31n-cjhIJEn_cfwZwiV9DGQY.WSAIdv_2W-eTI1W8BIwMJghbIJKzCa9imuGcVzPd7Ds&dib_tag=se&keywords=tenis+de+corrida&qid=1761925706&sprefix=tenis+de+corrida%2Caps%2C739&sr=8-223&ufe=app_do%3Aamzn1.fos.6d798eae-cadf-45de-946a-f477d47705b9&xpid=ERuU6uEzXaAxz
4.0,Corrida de Rua,,2025-10-31,,,Disponível,Masculino,Amazon,QueroShoes,Nylon,Tênis Masculino Academia e Corrida Esportivo,,99.9,37.15,535,,,Cadarço,Poliuretano termoplástico ou Borracha sintética,https://m.media-amazon.com/images/I/51XIATNquGL._AC_SY395_SX395_QL70_ML2_.jpg,https://www.amazon.com.br/T%C3%AAnis-Masculino-Academia-Corrida-Esportivo/dp/B0BS9MC2F3/ref=is_sr_s_dp_1?crid=DLJ5Z8MJX9ZM&dib=eyJ2IjoiMSJ9.hU3ZEobTa0A3CfkZ_GR_wVGNl3VQ22rtBYmcARiN8mzMW8TsFtCU9ppnKPliiWofGU0ZlZuSYdJSltWiJTRyDTtQouytiZ3bja90K1GitquWL88Vo422hR7ya_5iiOhcp_wCMP_SyPBDaHwuk-vQCVcKxJ_VhkPLXX7e7FQvYogqXawCeI3JF2wblLNHtjedBlCaVog6f3dXI-TvKtJKfzutspQvKdSsyvpluvgo46Ddnv5XxA27saSgRF0I7HRDwCkK69qVcp5dwuPkZhg31n-cjhIJEn_cfwZwiV9DGQY.WSAIdv_2W-eTI1W8BIwMJghbIJKzCa9imuGcVzPd7Ds&dib_tag=se&keywords=tenis+de+corrida&qid=1761925706&sprefix=tenis+de+corrida%2Caps%2C739&sr=8-223&ufe=app_do%3Aamzn1.fos.6d798eae-cadf-45de-946a-f477d47705b9&xpid=ERuU6uEzXaAxz
4.0,Corrida de Rua,,2025-10-31,,,Disponível,Masculino,Amazon,QueroShoes,Nylon,Tênis Masculino Academia e Corrida Esportivo,,99.9,37.15,535,,,Cadarço,Poliuretano termoplástico ou Borracha sintética,https://m.media-amazon.com/images/I/51XIATNquGL._AC_SY395_SX395_QL70_ML2_.jpg,https://www.amazon.com.br/T%C3%AAnis-Masculino-Academia-Corrida-Esportivo/dp/B0BS9MC2F3/ref=sr_1_223?crid=DLJ5Z8MJX9ZM&dib=eyJ2IjoiMSJ9.hU3ZEobTa0A3CfkZ_GR_wVGNl3VQ22rtBYmcARiN8mzMW8TsFtCU9ppnKPliiWofGU0ZlZuSYdJSltWiJTRyDTtQouytiZ3bja90K1GitquWL88Vo422hR7ya_5iiOhcp_wCMP_SyPBDaHwuk-vQCVcKxJ_VhkPLXX7e7FQvYogqXawCeI3JF2wblLNHtjedBlCaVog6f3dXI-TvKtJKfzutspQvKdSsyvpluvgo46Ddnv5XxA27saSgRF0I7HRDwCkK69qVcp5dwuPkZhg31n-cjhIJEn_cfwZwiV9DGQY.WSAIdv_2W-eTI1W8BIwMJghbIJKzCa9imuGcVzPd7Ds&dib_tag=se&keywords=tenis+de+corrida&qid=1761925706&sprefix=tenis+de+corrida%2Caps%2C739&sr=8-223&ufe=app_do%3Aamzn1.fos.6d798eae-cadf-45de-946a-f477d47705b9&xpid=ERuU6uEzXaAxz
4.7,Tênis Casuais,,2025-10-31,,,Disponível,Feminino,Amazon,RDW,Nylon,Tênis Feminino Academia Caminhada UltraFit RDW RD97,,95.0,37.15,4,,,Cadarço,Cloreto de polivinilo,https://m.media-amazon.com/images/I/61Jc07Ht98L._AC_SY395_SX395_QL70_ML2_.jpg,https://www.amazon.com.br/Feminino-Academia-Caminhada-RDW-RD97/dp/B0FBMKZZH7/ref=is_sr_s_dp_3?crid=DLJ5Z8MJX9ZM&dib=eyJ2IjoiMSJ9.hU3ZEobTa0A3CfkZ_GR_wVGNl3VQ22rtBYmcARiN8mzMW8TsFtCU9ppnKPliiWofGU0ZlZuSYdJSltWiJTRyDTtQouytiZ3bja90K1GitquWL88Vo422hR7ya_5iiOhcp_wCMP_SyPBDaHwuk-vQCVcKxJ_VhkPLXX7e7FQvYogqXawCeI3JF2wblLNHtjedBlCaVog6f3dXI-TvKtJKfzutspQvKdSsyvpluvgo46Ddnv5XxA27saSgRF0I7HRDwCkK69qVcp5dwuPkZhg31n-cjhIJEn_cfwZwiV9DGQY.WSAIdv_2W-eTI1W8BIwMJghbIJKzCa9imuGcVzPd7Ds&dib_tag=se&keywords=tenis+de+corrida&qid=1761925706&sprefix=tenis+de+corrida%2Caps%2C739&sr=8-221&xpid=ERuU6uEzXaAxz
4.7,Tênis Casuais,,2025-10-31,,,Disponível,Feminino,Amazon,RDW,Nylon,Tênis Feminino Academia Caminhada UltraFit RDW RD97,,95.0,37.15,4,,,Cadarço,Cloreto de polivinilo,https://m.media-amazon.com/images/I/61rQ9zHGI9L._AC_SY395_SX395_QL70_ML2_.jpg,https://www.amazon.com.br/Feminino-Academia-Caminhada-RDW-RD97/dp/B0FBMLVDY7/ref=is_sr_s_dp_1?crid=DLJ5Z8MJX9ZM&dib=eyJ2IjoiMSJ9.hU3ZEobTa0A3CfkZ_GR_wVGNl3VQ22rtBYmcARiN8mzMW8TsFtCU9ppnKPliiWofGU0ZlZuSYdJSltWiJTRyDTtQouytiZ3bja90K1GitquWL88Vo422hR7ya_5iiOhcp_wCMP_SyPBDaHwuk-vQCVcKxJ_VhkPLXX7e7FQvYogqXawCeI3JF2wblLNHtjedBlCaVog6f3dXI-TvKtJKfzutspQvKdSsyvpluvgo46Ddnv5XxA27saSgRF0I7HRDwCkK69qVcp5dwuPkZhg31n-cjhIJEn_cfwZwiV9DGQY.WSAIdv_2W-eTI1W8BIwMJghbIJKzCa9imuGcVzPd7Ds&dib_tag=se&keywords=tenis+de+corrida&qid=1761925706&sprefix=tenis+de+corrida%2Caps%2C739&sr=8-221&xpid=ERuU6uEzXaAxz
4.7,Tênis Casuais,,2025-10-31,,,Disponível,Feminino,Amazon,RDW,Nylon,Tênis Feminino Academia Caminhada UltraFit RDW RD97,,95.0,37.15,4,,,Cadarço,Cloreto de polivinilo,https://m.media-amazon.com/images/I/61rQ9zHGI9L._AC_SY395_SX395_QL70_ML2_.jpg,https://www.amazon.com.br/Feminino-Academia-Caminhada-RDW-RD97/dp/B0FBMLVDY7/ref=sr_1_221?crid=DLJ5Z8MJX9ZM&dib=eyJ2IjoiMSJ9.hU3ZEobTa0A3CfkZ_GR_wVGNl3VQ22rtBYmcARiN8mzMW8TsFtCU9ppnKPliiWofGU0ZlZuSYdJSltWiJTRyDTtQouytiZ3bja90K1GitquWL88Vo422hR7ya_5iiOhcp_wCMP_SyPBDaHwuk-vQCVcKxJ_VhkPLXX7e7FQvYogqXawCeI3JF2wblLNHtjedBlCaVog6f3dXI-TvKtJKfzutspQvKdSsyvpluvgo46Ddnv5XxA27saSgRF0I7HRDwCkK69qVcp5dwuPkZhg31n-cjhIJEn_cfwZwiV9DGQY.WSAIdv_2W-eTI1W8BIwMJghbIJKzCa9imuGcVzPd7Ds&dib_tag=se&keywords=tenis+de+corrida&qid=1761925706&sprefix=tenis+de+corrida%2Caps%2C739&sr=8-221&xpid=ERuU6uEzXaAxz
4.2,Corrida de Rua,,2025-10-31,,,Disponível,Feminino,Amazon,Via Nautic,Sintético,Tênis Feminino Corrida Advanced PRO Run Ultra Leve Caminhada Academia,,156.9,37.15,495,,,Cadarço,Tecido PREMIUM,https://m.media-amazon.com/images/I/71vRmCR3ykL._AC_SY395_SX395_QL70_ML2_.jpg,https://www.amazon.com.br/Feminino-Corrida-Advanced-Caminhada-Academia/dp/B0CGY3B9C3/ref=is_sr_dp_3?crid=DLJ5Z8MJX9ZM&dib=eyJ2IjoiMSJ9.hU3ZEobTa0A3CfkZ_GR_wVGNl3VQ22rtBYmcARiN8mzMW8TsFtCU9ppnKPliiWofGU0ZlZuSYdJSltWiJTRyDTtQouytiZ3bja90K1GitquWL88Vo422hR7ya_5iiOhcp_wCMP_SyPBDaHwuk-vQCVcKxJ_VhkPLXX7e7FQvYogqXawCeI3JF2wblLNHtjedBlCaVog6f3dXI-TvKtJKfzutspQvKdSsyvpluvgo46Ddnv5XxA27saSgRF0I7HRDwCkK69qVcp5dwuPkZhg31n-cjhIJEn_cfwZwiV9DGQY.WSAIdv_2W-eTI1W8BIwMJghbIJKzCa9imuGcVzPd7Ds&dib_tag=se&keywords=tenis+de+corrida&qid=1761925706&sprefix=tenis+de+corrida%2Caps%2C739&sr=8-219&ufe=app_do%3Aamzn1.fos.db68964d-7c0e-4bb2-a95c-e5cb9e32eb12&xpid=ERuU6uEzXaAxz
4.2,Corrida de Rua,,2025-10-31,,,Disponível,Feminino,Amazon,ASICS,Poliéster,ASICS Tênis de corrida feminino GT-2000 13,,599.0,37.15,201,,,Cadarço,Borracha,https://m.media-amazon.com/images/I/61LRjZ4KHJL._AC_SY395_SX395_QL70_ML2_.jpg,https://www.amazon.com.br/ASICS-corrida-feminino-GT-2000-berinjela/dp/B0CN82GTRY/ref=is_sr_dp_n?crid=DLJ5Z8MJX9ZM&dib=eyJ2IjoiMSJ9.hU3ZEobTa0A3CfkZ_GR_wVGNl3VQ22rtBYmcARiN8mzMW8TsFtCU9ppnKPliiWofGU0ZlZuSYdJSltWiJTRyDTtQouytiZ3bja90K1GitquWL88Vo422hR7ya_5iiOhcp_wCMP_SyPBDaHwuk-vQCVcKxJ_VhkPLXX7e7FQvYogqXawCeI3JF2wblLNHtjedBlCaVog6f3dXI-TvKtJKfzutspQvKdSsyvpluvgo46Ddnv5XxA27saSgRF0I7HRDwCkK69qVcp5dwuPkZhg31n-cjhIJEn_cfwZwiV9DGQY.WSAIdv_2W-eTI1W8BIwMJghbIJKzCa9imuGcVzPd7Ds&dib_tag=se&keywords=tenis+de+corrida&qid=1761925706&sprefix=tenis+de+corrida%2Caps%2C739&sr=8-218&ufe=app_do%3Aamzn1.fos.cede3968-0a01-4da7-b7fa-174ca17dae70&xpid=ERuU6uEzXaAxz
4.2,Corrida de Rua,,2025-10-31,,,Verificar disponibilidade,Feminino,Amazon,ASICS,Poliéster,ASICS Tênis de corrida feminino GT-2000 13,,1036.23,,201,,,Cadarço,Borracha sintética,https://m.media-amazon.com/images/I/61HN5IL6UYL._AC_SY395_SX395_QL70_ML2_.jpg,https://www.amazon.com.br/ASICS-corrida-feminino-GT-2000-berinjela/dp/B0D7Z2NDR3/ref=is_sr_s_dp_6?crid=DLJ5Z8MJX9ZM&dib=eyJ2IjoiMSJ9.hU3ZEobTa0A3CfkZ_GR_wVGNl3VQ22rtBYmcARiN8mzMW8TsFtCU9ppnKPliiWofGU0ZlZuSYdJSltWiJTRyDTtQouytiZ3bja90K1GitquWL88Vo422hR7ya_5iiOhcp_wCMP_SyPBDaHwuk-vQCVcKxJ_VhkPLXX7e7FQvYogqXawCeI3JF2wblLNHtjedBlCaVog6f3dXI-TvKtJKfzutspQvKdSsyvpluvgo46Ddnv5XxA27saSgRF0I7HRDwCkK69qVcp5dwuPkZhg31n-cjhIJEn_cfwZwiV9DGQY.WSAIdv_2W-eTI1W8BIwMJghbIJKzCa9imuGcVzPd7Ds&dib_tag=se&keywords=tenis+de+corrida&qid=1761925706&sprefix=tenis+de+corrida%2Caps%2C739&sr=8-218&ufe=app_do%3Aamzn1.fos.cede3968-0a01-4da7-b7fa-174ca17dae70&xpid=ERuU6uEzXaAxz
4.2,Corrida de Rua,,2025-10-31,,,Disponível,Feminino,Amazon,ASICS,Poliéster,ASICS Tênis de corrida feminino GT-2000 13,,1137.77,37.15,201,,,Cadarço,Borracha,https://m.media-amazon.com/images/I/715gvw-8sXL._AC_SX395_SY395_QL70_ML2_.jpg,https://www.amazon.com.br/ASICS-corrida-feminino-GT-2000-berinjela/dp/B0CN7X5VKD/ref=is_sr_s_dp_4?crid=DLJ5Z8MJX9ZM&dib=eyJ2IjoiMSJ9.hU3ZEobTa0A3CfkZ_GR_wVGNl3VQ22rtBYmcARiN8mzMW8TsFtCU9ppnKPliiWofGU0ZlZuSYdJSltWiJTRyDTtQouytiZ3bja90K1GitquWL88Vo422hR7ya_5iiOhcp_wCMP_SyPBDaHwuk-vQCVcKxJ_VhkPLXX7e7FQvYogqXawCeI3JF2wblLNHtjedBlCaVog6f3dXI-TvKtJKfzutspQvKdSsyvpluvgo46Ddnv5XxA27saSgRF0I7HRDwCkK69qVcp5dwuPkZhg31n-cjhIJEn_cfwZwiV9DGQY.WSAIdv_2W-eTI1W8BIwMJghbIJKzCa9imuGcVzPd7Ds&dib_tag=se&keywords=tenis+de+corrida&qid=1761925706&sprefix=tenis+de+corrida%2Caps%2C739&sr=8-218&ufe=app_do%3Aamzn1.fos.cede3968-0a01-4da7-b7fa-174ca17dae70&xpid=ERuU6uEzXaAxz
4.2,Corrida de Rua,,2025-10-31,,,Disponível,Feminino,Amazon,ASICS,Poliéster,ASICS Tênis de corrida feminino GT-2000 13,,1130.73,37.15,201,,,Cadarço,Borracha,https://m.media-amazon.com/images/I/612sEpOZMEL._AC_SY395_SX395_QL70_ML2_.jpg,https://www.amazon.com.br/ASICS-corrida-feminino-GT-2000-berinjela/dp/B0CN836MG4/ref=is_sr_s_dp_3?crid=DLJ5Z8MJX9ZM&dib=eyJ2IjoiMSJ9.hU3ZEobTa0A3CfkZ_GR_wVGNl3VQ22rtBYmcARiN8mzMW8TsFtCU9ppnKPliiWofGU0ZlZuSYdJSltWiJTRyDTtQouytiZ3bja90K1GitquWL88Vo422hR7ya_5iiOhcp_wCMP_SyPBDaHwuk-vQCVcKxJ_VhkPLXX7e7FQvYogqXawCeI3JF2wblLNHtjedBlCaVog6f3dXI-TvKtJKfzutspQvKdSsyvpluvgo46Ddnv5XxA27saSgRF0I7HRDwCkK69qVcp5dwuPkZhg31n-cjhIJEn_cfwZwiV9DGQY.WSAIdv_2W-eTI1W8BIwMJghbIJKzCa9imuGcVzPd7Ds&dib_tag=se&keywords=tenis+de+corrida&qid=1761925706&sprefix=tenis+de+corrida%2Caps%2C739&sr=8-218&ufe=app_do%3Aamzn1.fos.cede3968-0a01-4da7-b7fa-174ca17dae70&xpid=ERuU6uEzXaAxz
4.2,Corrida de Rua,,2025-10-31,,,Disponível,Feminino,Amazon,ASICS,Poliéster,ASICS Tênis de corrida feminino GT-2000 13,,1130.73,37.15,201,,,Cadarço,Borracha,https://m.media-amazon.com/images/I/71zApxnuPXL._AC_SX395_SY395_QL70_ML2_.jpg,https://www.amazon.com.br/ASICS-corrida-feminino-GT-2000-berinjela/dp/B0CN81YYBR/ref=is_sr_s_dp_2?crid=DLJ5Z8MJX9ZM&dib=eyJ2IjoiMSJ9.hU3ZEobTa0A3CfkZ_GR_wVGNl3VQ22rtBYmcARiN8mzMW8TsFtCU9ppnKPliiWofGU0ZlZuSYdJSltWiJTRyDTtQouytiZ3bja90K1GitquWL88Vo422hR7ya_5iiOhcp_wCMP_SyPBDaHwuk-vQCVcKxJ_VhkPLXX7e7FQvYogqXawCeI3JF2wblLNHtjedBlCaVog6f3dXI-TvKtJKfzutspQvKdSsyvpluvgo46Ddnv5XxA27saSgRF0I7HRDwCkK69qVcp5dwuPkZhg31n-cjhIJEn_cfwZwiV9DGQY.WSAIdv_2W-eTI1W8BIwMJghbIJKzCa9imuGcVzPd7Ds&dib_tag=se&keywords=tenis+de+corrida&qid=1761925706&sprefix=tenis+de+corrida%2Caps%2C739&sr=8-218&ufe=app_do%3Aamzn1.fos.cede3968-0a01-4da7-b7fa-174ca17dae70&xpid=ERuU6uEzXaAxz
4.2,Corrida de Rua,,2025-10-31,,,Disponível,Feminino,Amazon,ASICS,Poliéster,ASICS Tênis de corrida feminino GT-2000 13,,599.0,,201,,,Cadarço,Borracha,https://m.media-amazon.com/images/I/61LRjZ4KHJL._AC_SY395_SX395_QL70_ML2_.jpg,https://www.amazon.com.br/ASICS-corrida-feminino-GT-2000-berinjela/dp/B0CN82GTRY/ref=is_sr_s_dp_1?crid=DLJ5Z8MJX9ZM&dib=eyJ2IjoiMSJ9.hU3ZEobTa0A3CfkZ_GR_wVGNl3VQ22rtBYmcARiN8mzMW8TsFtCU9ppnKPliiWofGU0ZlZuSYdJSltWiJTRyDTtQouytiZ3bja90K1GitquWL88Vo422hR7ya_5iiOhcp_wCMP_SyPBDaHwuk-vQCVcKxJ_VhkPLXX7e7FQvYogqXawCeI3JF2wblLNHtjedBlCaVog6f3dXI-TvKtJKfzutspQvKdSsyvpluvgo46Ddnv5XxA27saSgRF0I7HRDwCkK69qVcp5dwuPkZhg31n-cjhIJEn_cfwZwiV9DGQY.WSAIdv_2W-eTI1W8BIwMJghbIJKzCa9imuGcVzPd7Ds&dib_tag=se&keywords=tenis+de+corrida&qid=1761925706&sprefix=tenis+de+corrida%2Caps%2C739&sr=8-218&ufe=app_do%3Aamzn1.fos.cede3968-0a01-4da7-b7fa-174ca17dae70&xpid=ERuU6uEzXaAxz
4.2,Corrida de Rua,,2025-10-31,,,Disponível,Feminino,Amazon,ASICS,Poliéster,ASICS Tênis de corrida feminino GT-2000 13,,599.0,37.15,201,,,Cadarço,Borracha,https://m.media-amazon.com/images/I/61LRjZ4KHJL._AC_SY395_SX395_QL70_ML2_.jpg,https://www.amazon.com.br/ASICS-corrida-feminino-GT-2000-berinjela/dp/B0CN82GTRY/ref=sr_1_218?crid=DLJ5Z8MJX9ZM&dib=eyJ2IjoiMSJ9.hU3ZEobTa0A3CfkZ_GR_wVGNl3VQ22rtBYmcARiN8mzMW8TsFtCU9ppnKPliiWofGU0ZlZuSYdJSltWiJTRyDTtQouytiZ3bja90K1GitquWL88Vo422hR7ya_5iiOhcp_wCMP_SyPBDaHwuk-vQCVcKxJ_VhkPLXX7e7FQvYogqXawCeI3JF2wblLNHtjedBlCaVog6f3dXI-TvKtJKfzutspQvKdSsyvpluvgo46Ddnv5XxA27saSgRF0I7HRDwCkK69qVcp5dwuPkZhg31n-cjhIJEn_cfwZwiV9DGQY.WSAIdv_2W-eTI1W8BIwMJghbIJKzCa9imuGcVzPd7Ds&dib_tag=se&keywords=tenis+de+corrida&qid=1761925706&sprefix=tenis+de+corrida%2Caps%2C739&sr=8-218&ufe=app_do%3Aamzn1.fos.cede3968-0a01-4da7-b7fa-174ca17dae70&xpid=ERuU6uEzXaAxz
4.3,Corrida de Rua,,2025-10-31,,,Disponível,Masculino,Amazon,Genérico,Malha,Tenis Masculino Academia Corrida Knit Confortavel Ultra Leve Originalk WB,,144.11,37.15,81,,,Cadarço,Acetato vinilo de etileno,https://m.media-amazon.com/images/I/51alRMvXgwL._AC_SY395_SX395_QL70_ML2_.jpg,https://www.amazon.com.br/Masculino-Academia-Knit-Confortavel-Originalk/dp/B0D9Z8KD3M/ref=is_sr_dp_n?crid=DLJ5Z8MJX9ZM&dib=eyJ2IjoiMSJ9.hU3ZEobTa0A3CfkZ_GR_wVGNl3VQ22rtBYmcARiN8mzMW8TsFtCU9ppnKPliiWofGU0ZlZuSYdJSltWiJTRyDTtQouytiZ3bja90K1GitquWL88Vo422hR7ya_5iiOhcp_wCMP_SyPBDaHwuk-vQCVcKxJ_VhkPLXX7e7FQvYogqXawCeI3JF2wblLNHtjedBlCaVog6f3dXI-TvKtJKfzutspQvKdSsyvpluvgo46Ddnv5XxA27saSgRF0I7HRDwCkK69qVcp5dwuPkZhg31n-cjhIJEn_cfwZwiV9DGQY.WSAIdv_2W-eTI1W8BIwMJghbIJKzCa9imuGcVzPd7Ds&dib_tag=se&keywords=tenis+de+corrida&qid=1761925706&sprefix=tenis+de+corrida%2Caps%2C739&sr=8-217&ufe=app_do%3Aamzn1.fos.db68964d-7c0e-4bb2-a95c-e5cb9e32eb12&xpid=ERuU6uEzXaAxz
4.3,Corrida de Rua,,2025-10-31,,,Disponível,Masculino,Amazon,Genérico,Malha,Tenis Masculino Academia Corrida Knit Confortavel Ultra Leve Originalk WB,,144.11,37.15,81,,,Cadarço,Borracha sintética,https://m.media-amazon.com/images/I/51dZtbZqkJL._AC_SY395_SX395_QL70_ML2_.jpg,https://www.amazon.com.br/Masculino-Academia-Knit-Confortavel-Originalk/dp/B0D9ZNDSTP/ref=is_sr_s_dp_4?crid=DLJ5Z8MJX9ZM&dib=eyJ2IjoiMSJ9.hU3ZEobTa0A3CfkZ_GR_wVGNl3VQ22rtBYmcARiN8mzMW8TsFtCU9ppnKPliiWofGU0ZlZuSYdJSltWiJTRyDTtQouytiZ3bja90K1GitquWL88Vo422hR7ya_5iiOhcp_wCMP_SyPBDaHwuk-vQCVcKxJ_VhkPLXX7e7FQvYogqXawCeI3JF2wblLNHtjedBlCaVog6f3dXI-TvKtJKfzutspQvKdSsyvpluvgo46Ddnv5XxA27saSgRF0I7HRDwCkK69qVcp5dwuPkZhg31n-cjhIJEn_cfwZwiV9DGQY.WSAIdv_2W-eTI1W8BIwMJghbIJKzCa9imuGcVzPd7Ds&dib_tag=se&keywords=tenis+de+corrida&qid=1761925706&sprefix=tenis+de+corrida%2Caps%2C739&sr=8-217&ufe=app_do%3Aamzn1.fos.db68964d-7c0e-4bb2-a95c-e5cb9e32eb12&xpid=ERuU6uEzXaAxz
4.3,Corrida de Rua,,2025-10-31,,,Disponível,Masculino,Amazon,Genérico,Malha,Tenis Masculino Academia Corrida Knit Confortavel Ultra Leve Originalk WB,,144.11,37.15,81,,,Cadarço,Acetato vinilo de etileno,https://m.media-amazon.com/images/I/51LlKboVTbL._AC_SY395_SX395_QL70_ML2_.jpg,https://www.amazon.com.br/Masculino-Academia-Knit-Confortavel-Originalk/dp/B0F1H8GYNB/ref=is_sr_s_dp_3?crid=DLJ5Z8MJX9ZM&dib=eyJ2IjoiMSJ9.hU3ZEobTa0A3CfkZ_GR_wVGNl3VQ22rtBYmcARiN8mzMW8TsFtCU9ppnKPliiWofGU0ZlZuSYdJSltWiJTRyDTtQouytiZ3bja90K1GitquWL88Vo422hR7ya_5iiOhcp_wCMP_SyPBDaHwuk-vQCVcKxJ_VhkPLXX7e7FQvYogqXawCeI3JF2wblLNHtjedBlCaVog6f3dXI-TvKtJKfzutspQvKdSsyvpluvgo46Ddnv5XxA27saSgRF0I7HRDwCkK69qVcp5dwuPkZhg31n-cjhIJEn_cfwZwiV9DGQY.WSAIdv_2W-eTI1W8BIwMJghbIJKzCa9imuGcVzPd7Ds&dib_tag=se&keywords=tenis+de+corrida&qid=1761925706&sprefix=tenis+de+corrida%2Caps%2C739&sr=8-217&ufe=app_do%3Aamzn1.fos.db68964d-7c0e-4bb2-a95c-e5cb9e32eb12&xpid=ERuU6uEzXaAxz
4.3,Corrida de Rua,,2025-10-31,,,Disponível,Masculino,Amazon,Genérico,Malha,Tenis Masculino Academia Corrida Knit Confortavel Ultra Leve Originalk WB,,144.11,37.15,81,,,Cadarço,Etileno Acetato de Vinila,https://m.media-amazon.com/images/I/6169KLGspuL._AC_SY395_SX395_QL70_ML2_.jpg,https://www.amazon.com.br/Masculino-Academia-Knit-Confortavel-Originalk/dp/B0D9ZD8MLV/ref=is_sr_s_dp_2?crid=DLJ5Z8MJX9ZM&dib=eyJ2IjoiMSJ9.hU3ZEobTa0A3CfkZ_GR_wVGNl3VQ22rtBYmcARiN8mzMW8TsFtCU9ppnKPliiWofGU0ZlZuSYdJSltWiJTRyDTtQouytiZ3bja90K1GitquWL88Vo422hR7ya_5iiOhcp_wCMP_SyPBDaHwuk-vQCVcKxJ_VhkPLXX7e7FQvYogqXawCeI3JF2wblLNHtjedBlCaVog6f3dXI-TvKtJKfzutspQvKdSsyvpluvgo46Ddnv5XxA27saSgRF0I7HRDwCkK69qVcp5dwuPkZhg31n-cjhIJEn_cfwZwiV9DGQY.WSAIdv_2W-eTI1W8BIwMJghbIJKzCa9imuGcVzPd7Ds&dib_tag=se&keywords=tenis+de+corrida&qid=1761925706&sprefix=tenis+de+corrida%2Caps%2C739&sr=8-217&ufe=app_do%3Aamzn1.fos.db68964d-7c0e-4bb2-a95c-e5cb9e32eb12&xpid=ERuU6uEzXaAxz
4.3,Corrida de Rua,,2025-10-31,,,Disponível,Masculino,Amazon,Genérico,Malha,Tenis Masculino Academia Corrida Knit Confortavel Ultra Leve Originalk WB,,144.11,37.15,81,,,Cadarço,Acetato vinilo de etileno,https://m.media-amazon.com/images/I/51alRMvXgwL._AC_SY395_SX395_QL70_ML2_.jpg,https://www.amazon.com.br/Masculino-Academia-Knit-Confortavel-Originalk/dp/B0D9Z8KD3M/ref=is_sr_s_dp_1?crid=DLJ5Z8MJX9ZM&dib=eyJ2IjoiMSJ9.hU3ZEobTa0A3CfkZ_GR_wVGNl3VQ22rtBYmcARiN8mzMW8TsFtCU9ppnKPliiWofGU0ZlZuSYdJSltWiJTRyDTtQouytiZ3bja90K1GitquWL88Vo422hR7ya_5iiOhcp_wCMP_SyPBDaHwuk-vQCVcKxJ_VhkPLXX7e7FQvYogqXawCeI3JF2wblLNHtjedBlCaVog6f3dXI-TvKtJKfzutspQvKdSsyvpluvgo46Ddnv5XxA27saSgRF0I7HRDwCkK69qVcp5dwuPkZhg31n-cjhIJEn_cfwZwiV9DGQY.WSAIdv_2W-eTI1W8BIwMJghbIJKzCa9imuGcVzPd7Ds&dib_tag=se&keywords=tenis+de+corrida&qid=1761925706&sprefix=tenis+de+corrida%2Caps%2C739&sr=8-217&ufe=app_do%3Aamzn1.fos.db68964d-7c0e-4bb2-a95c-e5cb9e32eb12&xpid=ERuU6uEzXaAxz
4.3,Corrida de Rua,,2025-10-31,,,Disponível,Masculino,Amazon,Genérico,Malha,Tenis Masculino Academia Corrida Knit Confortavel Ultra Leve Originalk WB,,144.11,,81,,,Cadarço,Acetato vinilo de etileno,https://m.media-amazon.com/images/I/51alRMvXgwL._AC_SY395_SX395_QL70_ML2_.jpg,https://www.amazon.com.br/Masculino-Academia-Knit-Confortavel-Originalk/dp/B0D9Z8KD3M/ref=sr_1_217?crid=DLJ5Z8MJX9ZM&dib=eyJ2IjoiMSJ9.hU3ZEobTa0A3CfkZ_GR_wVGNl3VQ22rtBYmcARiN8mzMW8TsFtCU9ppnKPliiWofGU0ZlZuSYdJSltWiJTRyDTtQouytiZ3bja90K1GitquWL88Vo422hR7ya_5iiOhcp_wCMP_SyPBDaHwuk-vQCVcKxJ_VhkPLXX7e7FQvYogqXawCeI3JF2wblLNHtjedBlCaVog6f3dXI-TvKtJKfzutspQvKdSsyvpluvgo46Ddnv5XxA27saSgRF0I7HRDwCkK69qVcp5dwuPkZhg31n-cjhIJEn_cfwZwiV9DGQY.WSAIdv_2W-eTI1W8BIwMJghbIJKzCa9imuGcVzPd7Ds&dib_tag=se&keywords=tenis+de+corrida&qid=1761925706&sprefix=tenis+de+corrida%2Caps%2C739&sr=8-217&ufe=app_do%3Aamzn1.fos.db68964d-7c0e-4bb2-a95c-e5cb9e32eb12&xpid=ERuU6uEzXaAxz
5.0,Corrida de Rua,,2025-10-31,,,Disponível,Feminino,Amazon,OUSY SHOES,Couro,Tênis Academia Feminino Esportivo Treino Caminhada Leve,,78.9,37.15,3,,,Cadarço,Borracha,https://m.media-amazon.com/images/I/61E-R1ggEwL._AC_SY395_SX395_QL70_ML2_.jpg,https://www.amazon.com.br/Academia-Feminino-Esportivo-Caminhada-Num%C3%A9rico/dp/B0DY2K39R3/ref=is_sr_s_dp_3?crid=DLJ5Z8MJX9ZM&dib=eyJ2IjoiMSJ9.hU3ZEobTa0A3CfkZ_GR_wVGNl3VQ22rtBYmcARiN8mzMW8TsFtCU9ppnKPliiWofGU0ZlZuSYdJSltWiJTRyDTtQouytiZ3bja90K1GitquWL88Vo422hR7ya_5iiOhcp_wCMP_SyPBDaHwuk-vQCVcKxJ_VhkPLXX7e7FQvYogqXawCeI3JF2wblLNHtjedBlCaVog6f3dXI-TvKtJKfzutspQvKdSsyvpluvgo46Ddnv5XxA27saSgRF0I7HRDwCkK69qVcp5dwuPkZhg31n-cjhIJEn_cfwZwiV9DGQY.WSAIdv_2W-eTI1W8BIwMJghbIJKzCa9imuGcVzPd7Ds&dib_tag=se&keywords=tenis+de+corrida&qid=1761925706&sprefix=tenis+de+corrida%2Caps%2C739&sr=8-211&ufe=app_do%3Aamzn1.fos.6d798eae-cadf-45de-946a-f477d47705b9&xpid=ERuU6uEzXaAxz
5.0,Corrida de Rua,,2025-10-31,,,Disponível,Feminino,Amazon,OUSY SHOES,Poliuretano (PU),Tênis Academia Feminino Esportivo Treino Caminhada Leve,,78.9,37.15,3,,,Cadarço,Borracha,https://m.media-amazon.com/images/I/61V+6iEVFJL._AC_SY395_SX395_QL70_ML2_.jpg,https://www.amazon.com.br/Academia-Feminino-Esportivo-Caminhada-Num%C3%A9rico/dp/B0DY2L76XB/ref=is_sr_s_dp_2?crid=DLJ5Z8MJX9ZM&dib=eyJ2IjoiMSJ9.hU3ZEobTa0A3CfkZ_GR_wVGNl3VQ22rtBYmcARiN8mzMW8TsFtCU9ppnKPliiWofGU0ZlZuSYdJSltWiJTRyDTtQouytiZ3bja90K1GitquWL88Vo422hR7ya_5iiOhcp_wCMP_SyPBDaHwuk-vQCVcKxJ_VhkPLXX7e7FQvYogqXawCeI3JF2wblLNHtjedBlCaVog6f3dXI-TvKtJKfzutspQvKdSsyvpluvgo46Ddnv5XxA27saSgRF0I7HRDwCkK69qVcp5dwuPkZhg31n-cjhIJEn_cfwZwiV9DGQY.WSAIdv_2W-eTI1W8BIwMJghbIJKzCa9imuGcVzPd7Ds&dib_tag=se&keywords=tenis+de+corrida&qid=1761925706&sprefix=tenis+de+corrida%2Caps%2C739&sr=8-211&ufe=app_do%3Aamzn1.fos.6d798eae-cadf-45de-946a-f477d47705b9&xpid=ERuU6uEzXaAxz
5.0,Corrida de Rua,,2025-10-31,,,Disponível,Feminino,Amazon,OUSY SHOES,Malha,Tênis Academia Feminino Esportivo Treino Caminhada Leve,,78.9,,3,,,Cadarço,Micro expandido,https://m.media-amazon.com/images/I/71jMdIzfk7L._AC_SY395_SX395_QL70_ML2_.jpg,https://www.amazon.com.br/Academia-Feminino-Esportivo-Caminhada-Num%C3%A9rico/dp/B0DY223HX4/ref=is_sr_s_dp_1?crid=DLJ5Z8MJX9ZM&dib=eyJ2IjoiMSJ9.hU3ZEobTa0A3CfkZ_GR_wVGNl3VQ22rtBYmcARiN8mzMW8TsFtCU9ppnKPliiWofGU0ZlZuSYdJSltWiJTRyDTtQouytiZ3bja90K1GitquWL88Vo422hR7ya_5iiOhcp_wCMP_SyPBDaHwuk-vQCVcKxJ_VhkPLXX7e7FQvYogqXawCeI3JF2wblLNHtjedBlCaVog6f3dXI-TvKtJKfzutspQvKdSsyvpluvgo46Ddnv5XxA27saSgRF0I7HRDwCkK69qVcp5dwuPkZhg31n-cjhIJEn_cfwZwiV9DGQY.WSAIdv_2W-eTI1W8BIwMJghbIJKzCa9imuGcVzPd7Ds&dib_tag=se&keywords=tenis+de+corrida&qid=1761925706&sprefix=tenis+de+corrida%2Caps%2C739&sr=8-211&ufe=app_do%3Aamzn1.fos.6d798eae-cadf-45de-946a-f477d47705b9&xpid=ERuU6uEzXaAxz
5.0,Corrida de Rua,,2025-10-31,,,Disponível,Feminino,Amazon,OUSY SHOES,Malha,Tênis Academia Feminino Esportivo Treino Caminhada Leve,,78.9,37.15,3,,,Cadarço,Micro expandido,https://m.media-amazon.com/images/I/71jMdIzfk7L._AC_SY395_SX395_QL70_ML2_.jpg,https://www.amazon.com.br/Academia-Feminino-Esportivo-Caminhada-Num%C3%A9rico/dp/B0DY223HX4/ref=sr_1_211?crid=DLJ5Z8MJX9ZM&dib=eyJ2IjoiMSJ9.hU3ZEobTa0A3CfkZ_GR_wVGNl3VQ22rtBYmcARiN8mzMW8TsFtCU9ppnKPliiWofGU0ZlZuSYdJSltWiJTRyDTtQouytiZ3bja90K1GitquWL88Vo422hR7ya_5iiOhcp_wCMP_SyPBDaHwuk-vQCVcKxJ_VhkPLXX7e7FQvYogqXawCeI3JF2wblLNHtjedBlCaVog6f3dXI-TvKtJKfzutspQvKdSsyvpluvgo46Ddnv5XxA27saSgRF0I7HRDwCkK69qVcp5dwuPkZhg31n-cjhIJEn_cfwZwiV9DGQY.WSAIdv_2W-eTI1W8BIwMJghbIJKzCa9imuGcVzPd7Ds&dib_tag=se&keywords=tenis+de+corrida&qid=1761925706&sprefix=tenis+de+corrida%2Caps%2C739&sr=8-211&ufe=app_do%3Aamzn1.fos.6d798eae-cadf-45de-946a-f477d47705b9&xpid=ERuU6uEzXaAxz
4.6,Tênis Casuais,,2025-10-31,,,Disponível,Masculino,Amazon,BF Shoes,Nylon,Tênis Branco para Academia Masculino Esportivo BF Shoes,,99.9,37.15,24,,,Cadarço,Poliuretano termoplástico,https://m.media-amazon.com/images/I/615qvMcsNaL._AC_SY395_SX395_QL70_ML2_.jpg,https://www.amazon.com.br/Academia-Masculino-Esportivo-BF-Shoes/dp/B0CL1HWVFH/ref=is_sr_s_dp_2?crid=DLJ5Z8MJX9ZM&dib=eyJ2IjoiMSJ9.hU3ZEobTa0A3CfkZ_GR_wVGNl3VQ22rtBYmcARiN8mzMW8TsFtCU9ppnKPliiWofGU0ZlZuSYdJSltWiJTRyDTtQouytiZ3bja90K1GitquWL88Vo422hR7ya_5iiOhcp_wCMP_SyPBDaHwuk-vQCVcKxJ_VhkPLXX7e7FQvYogqXawCeI3JF2wblLNHtjedBlCaVog6f3dXI-TvKtJKfzutspQvKdSsyvpluvgo46Ddnv5XxA27saSgRF0I7HRDwCkK69qVcp5dwuPkZhg31n-cjhIJEn_cfwZwiV9DGQY.WSAIdv_2W-eTI1W8BIwMJghbIJKzCa9imuGcVzPd7Ds&dib_tag=se&keywords=tenis+de+corrida&qid=1761925706&sprefix=tenis+de+corrida%2Caps%2C739&sr=8-209&ufe=app_do%3Aamzn1.fos.6d798eae-cadf-45de-946a-f477d47705b9&xpid=ERuU6uEzXaAxz
4.6,Tênis Casuais,,2025-10-31,,,Disponível,Masculino,Amazon,BF Shoes,Nylon,Tênis Branco para Academia Masculino Esportivo BF Shoes,,99.9,37.15,24,,,Cadarço,Poliuretano termoplástico,https://m.media-amazon.com/images/I/61uwfbYDWaL._AC_SY395_SX395_QL70_ML2_.jpg,https://www.amazon.com.br/Academia-Masculino-Esportivo-BF-Shoes/dp/B0CL17VD4L/ref=is_sr_s_dp_1?crid=DLJ5Z8MJX9ZM&dib=eyJ2IjoiMSJ9.hU3ZEobTa0A3CfkZ_GR_wVGNl3VQ22rtBYmcARiN8mzMW8TsFtCU9ppnKPliiWofGU0ZlZuSYdJSltWiJTRyDTtQouytiZ3bja90K1GitquWL88Vo422hR7ya_5iiOhcp_wCMP_SyPBDaHwuk-vQCVcKxJ_VhkPLXX7e7FQvYogqXawCeI3JF2wblLNHtjedBlCaVog6f3dXI-TvKtJKfzutspQvKdSsyvpluvgo46Ddnv5XxA27saSgRF0I7HRDwCkK69qVcp5dwuPkZhg31n-cjhIJEn_cfwZwiV9DGQY.WSAIdv_2W-eTI1W8BIwMJghbIJKzCa9imuGcVzPd7Ds&dib_tag=se&keywords=tenis+de+corrida&qid=1761925706&sprefix=tenis+de+corrida%2Caps%2C739&sr=8-209&ufe=app_do%3Aamzn1.fos.6d798eae-cadf-45de-946a-f477d47705b9&xpid=ERuU6uEzXaAxz
4.6,Tênis Casuais,,2025-10-31,,,Disponível,Masculino,Amazon,BF Shoes,Nylon,Tênis Branco para Academia Masculino Esportivo BF Shoes,,99.9,37.15,24,,,Cadarço,Poliuretano termoplástico,https://m.media-amazon.com/images/I/61uwfbYDWaL._AC_SY395_SX395_QL70_ML2_.jpg,https://www.amazon.com.br/Academia-Masculino-Esportivo-BF-Shoes/dp/B0CL17VD4L/ref=sr_1_209?crid=DLJ5Z8MJX9ZM&dib=eyJ2IjoiMSJ9.hU3ZEobTa0A3CfkZ_GR_wVGNl3VQ22rtBYmcARiN8mzMW8TsFtCU9ppnKPliiWofGU0ZlZuSYdJSltWiJTRyDTtQouytiZ3bja90K1GitquWL88Vo422hR7ya_5iiOhcp_wCMP_SyPBDaHwuk-vQCVcKxJ_VhkPLXX7e7FQvYogqXawCeI3JF2wblLNHtjedBlCaVog6f3dXI-TvKtJKfzutspQvKdSsyvpluvgo46Ddnv5XxA27saSgRF0I7HRDwCkK69qVcp5dwuPkZhg31n-cjhIJEn_cfwZwiV9DGQY.WSAIdv_2W-eTI1W8BIwMJghbIJKzCa9imuGcVzPd7Ds&dib_tag=se&keywords=tenis+de+corrida&qid=1761925706&sprefix=tenis+de+corrida%2Caps%2C739&sr=8-209&ufe=app_do%3Aamzn1.fos.6d798eae-cadf-45de-946a-f477d47705b9&xpid=ERuU6uEzXaAxz
4.0,Corrida de Rua,,2025-10-31,,,Disponível,Feminino,Amazon,Kvovzo,Tecido,"Tênis de corrida feminino, sem cadarço, tênis de caminhada, leve, respirável, casual, sola macia, para treino, tênis esportivo",,128.82,37.15,90,,,Cadarço,Acetato vinilo de etileno,https://m.media-amazon.com/images/I/71ssGmIY9oL._AC_SY395_SX395_QL70_ML2_.jpg,https://www.amazon.com.br/Kvovzo-Antiderrapante-Respir%C3%A1vel-Caminhada-Esportivo/dp/B0DJGQBHF3/ref=is_sr_dp_n?crid=DLJ5Z8MJX9ZM&dib=eyJ2IjoiMSJ9.hU3ZEobTa0A3CfkZ_GR_wVGNl3VQ22rtBYmcARiN8mzMW8TsFtCU9ppnKPliiWofGU0ZlZuSYdJSltWiJTRyDTtQouytiZ3bja90K1GitquWL88Vo422hR7ya_5iiOhcp_wCMP_SyPBDaHwuk-vQCVcKxJ_VhkPLXX7e7FQvYogqXawCeI3JF2wblLNHtjedBlCaVog6f3dXI-TvKtJKfzutspQvKdSsyvpluvgo46Ddnv5XxA27saSgRF0I7HRDwCkK69qVcp5dwuPkZhg31n-cjhIJEn_cfwZwiV9DGQY.WSAIdv_2W-eTI1W8BIwMJghbIJKzCa9imuGcVzPd7Ds&dib_tag=se&keywords=tenis+de+corrida&qid=1761925706&sprefix=tenis+de+corrida%2Caps%2C739&sr=8-208&ufe=app_do%3Aamzn1.fos.6a09f7ec-d911-4889-ad70-de8dd83c8a74&xpid=ERuU6uEzXaAxz
4.0,Corrida de Rua,,2025-10-31,,,Disponível,Feminino,Amazon,Kvovzo,Tecido,"Tênis de corrida feminino, sem cadarço, tênis de caminhada, leve, respirável, casual, sola macia, para treino, tênis esportivo",,115.9,37.15,90,,,Cadarço,Acetato vinilo de etileno,https://m.media-amazon.com/images/I/81kiJ4btaQL._AC_SY395_SX395_QL70_ML2_.jpg,https://www.amazon.com.br/Kvovzo-Antiderrapante-Respir%C3%A1vel-Caminhada-Esportivo/dp/B0DJGRZLGH/ref=is_sr_s_dp_6?crid=DLJ5Z8MJX9ZM&dib=eyJ2IjoiMSJ9.hU3ZEobTa0A3CfkZ_GR_wVGNl3VQ22rtBYmcARiN8mzMW8TsFtCU9ppnKPliiWofGU0ZlZuSYdJSltWiJTRyDTtQouytiZ3bja90K1GitquWL88Vo422hR7ya_5iiOhcp_wCMP_SyPBDaHwuk-vQCVcKxJ_VhkPLXX7e7FQvYogqXawCeI3JF2wblLNHtjedBlCaVog6f3dXI-TvKtJKfzutspQvKdSsyvpluvgo46Ddnv5XxA27saSgRF0I7HRDwCkK69qVcp5dwuPkZhg31n-cjhIJEn_cfwZwiV9DGQY.WSAIdv_2W-eTI1W8BIwMJghbIJKzCa9imuGcVzPd7Ds&dib_tag=se&keywords=tenis+de+corrida&qid=1761925706&sprefix=tenis+de+corrida%2Caps%2C739&sr=8-208&ufe=app_do%3Aamzn1.fos.6a09f7ec-d911-4889-ad70-de8dd83c8a74&xpid=ERuU6uEzXaAxz
4.0,Corrida de Rua,,2025-10-31,,,Disponível,Feminino,Amazon,Kvovzo,Tecido,"Tênis de corrida feminino, sem cadarço, tênis de caminhada, leve, respirável, casual, sola macia, para treino, tênis esportivo",,115.87,37.15,90,,,Cadarço,Acetato vinilo de etileno,https://m.media-amazon.com/images/I/71nKV4wv80L._AC_SY395_SX395_QL70_ML2_.jpg,https://www.amazon.com.br/Kvovzo-Antiderrapante-Respir%C3%A1vel-Caminhada-Esportivo/dp/B0DJGQYD61/ref=is_sr_s_dp_5?crid=DLJ5Z8MJX9ZM&dib=eyJ2IjoiMSJ9.hU3ZEobTa0A3CfkZ_GR_wVGNl3VQ22rtBYmcARiN8mzMW8TsFtCU9ppnKPliiWofGU0ZlZuSYdJSltWiJTRyDTtQouytiZ3bja90K1GitquWL88Vo422hR7ya_5iiOhcp_wCMP_SyPBDaHwuk-vQCVcKxJ_VhkPLXX7e7FQvYogqXawCeI3JF2wblLNHtjedBlCaVog6f3dXI-TvKtJKfzutspQvKdSsyvpluvgo46Ddnv5XxA27saSgRF0I7HRDwCkK69qVcp5dwuPkZhg31n-cjhIJEn_cfwZwiV9DGQY.WSAIdv_2W-eTI1W8BIwMJghbIJKzCa9imuGcVzPd7Ds&dib_tag=se&keywords=tenis+de+corrida&qid=1761925706&sprefix=tenis+de+corrida%2Caps%2C739&sr=8-208&ufe=app_do%3Aamzn1.fos.6a09f7ec-d911-4889-ad70-de8dd83c8a74&xpid=ERuU6uEzXaAxz
4.0,Esportivos,,2025-10-31,,,Disponível,Feminino,Amazon,Kvovzo,Tecido,"Tênis de corrida feminino, sem cadarço, tênis de caminhada, leve, respirável, casual, sola macia, para treino, tênis esportivo",,176.09,37.15,90,,,Pull on,Acetato vinilo de etileno,https://m.media-amazon.com/images/I/81MuSCsaS1L._AC_SY395_SX395_QL70_ML2_.jpg,https://www.amazon.com.br/Kvovzo-Antiderrapante-Respir%C3%A1vel-Caminhada-Esportivo/dp/B0CNLLGVLK/ref=is_sr_s_dp_4?crid=DLJ5Z8MJX9ZM&dib=eyJ2IjoiMSJ9.hU3ZEobTa0A3CfkZ_GR_wVGNl3VQ22rtBYmcARiN8mzMW8TsFtCU9ppnKPliiWofGU0ZlZuSYdJSltWiJTRyDTtQouytiZ3bja90K1GitquWL88Vo422hR7ya_5iiOhcp_wCMP_SyPBDaHwuk-vQCVcKxJ_VhkPLXX7e7FQvYogqXawCeI3JF2wblLNHtjedBlCaVog6f3dXI-TvKtJKfzutspQvKdSsyvpluvgo46Ddnv5XxA27saSgRF0I7HRDwCkK69qVcp5dwuPkZhg31n-cjhIJEn_cfwZwiV9DGQY.WSAIdv_2W-eTI1W8BIwMJghbIJKzCa9imuGcVzPd7Ds&dib_tag=se&keywords=tenis+de+corrida&qid=1761925706&sprefix=tenis+de+corrida%2Caps%2C739&sr=8-208&ufe=app_do%3Aamzn1.fos.6a09f7ec-d911-4889-ad70-de8dd83c8a74&xpid=ERuU6uEzXaAxz
4.0,Corrida de Rua,,2025-10-31,,,Disponível,Feminino,Amazon,Kvovzo,Tecido,"Tênis de corrida feminino, sem cadarço, tênis de caminhada, leve, respirável, casual, sola macia, para treino, tênis esportivo",,115.9,37.15,90,,,Cadarço,Acetato vinilo de etileno,https://m.media-amazon.com/images/I/812T0iBPLQL._AC_SY395_SX395_QL70_ML2_.jpg,https://www.amazon.com.br/Kvovzo-Antiderrapante-Respir%C3%A1vel-Caminhada-Esportivo/dp/B0DJGRFVHP/ref=is_sr_s_dp_3?crid=DLJ5Z8MJX9ZM&dib=eyJ2IjoiMSJ9.hU3ZEobTa0A3CfkZ_GR_wVGNl3VQ22rtBYmcARiN8mzMW8TsFtCU9ppnKPliiWofGU0ZlZuSYdJSltWiJTRyDTtQouytiZ3bja90K1GitquWL88Vo422hR7ya_5iiOhcp_wCMP_SyPBDaHwuk-vQCVcKxJ_VhkPLXX7e7FQvYogqXawCeI3JF2wblLNHtjedBlCaVog6f3dXI-TvKtJKfzutspQvKdSsyvpluvgo46Ddnv5XxA27saSgRF0I7HRDwCkK69qVcp5dwuPkZhg31n-cjhIJEn_cfwZwiV9DGQY.WSAIdv_2W-eTI1W8BIwMJghbIJKzCa9imuGcVzPd7Ds&dib_tag=se&keywords=tenis+de+corrida&qid=1761925706&sprefix=tenis+de+corrida%2Caps%2C739&sr=8-208&ufe=app_do%3Aamzn1.fos.6a09f7ec-d911-4889-ad70-de8dd83c8a74&xpid=ERuU6uEzXaAxz
4.0,Corrida de Rua,,2025-10-31,,,Disponível,Feminino,Amazon,Kvovzo,Tecido,"Tênis de corrida feminino, sem cadarço, tênis de caminhada, leve, respirável, casual, sola macia, para treino, tênis esportivo",,115.9,37.15,90,,,Cadarço,Acetato vinilo de etileno,https://m.media-amazon.com/images/I/71eKfTV3mIL._AC_SY395_SX395_QL70_ML2_.jpg,https://www.amazon.com.br/Kvovzo-Antiderrapante-Respir%C3%A1vel-Caminhada-Esportivo/dp/B0DJGP42Y5/ref=is_sr_s_dp_2?crid=DLJ5Z8MJX9ZM&dib=eyJ2IjoiMSJ9.hU3ZEobTa0A3CfkZ_GR_wVGNl3VQ22rtBYmcARiN8mzMW8TsFtCU9ppnKPliiWofGU0ZlZuSYdJSltWiJTRyDTtQouytiZ3bja90K1GitquWL88Vo422hR7ya_5iiOhcp_wCMP_SyPBDaHwuk-vQCVcKxJ_VhkPLXX7e7FQvYogqXawCeI3JF2wblLNHtjedBlCaVog6f3dXI-TvKtJKfzutspQvKdSsyvpluvgo46Ddnv5XxA27saSgRF0I7HRDwCkK69qVcp5dwuPkZhg31n-cjhIJEn_cfwZwiV9DGQY.WSAIdv_2W-eTI1W8BIwMJghbIJKzCa9imuGcVzPd7Ds&dib_tag=se&keywords=tenis+de+corrida&qid=1761925706&sprefix=tenis+de+corrida%2Caps%2C739&sr=8-208&ufe=app_do%3Aamzn1.fos.6a09f7ec-d911-4889-ad70-de8dd83c8a74&xpid=ERuU6uEzXaAxz
4.0,Corrida de Rua,,2025-10-31,,,Disponível,Feminino,Amazon,Kvovzo,Tecido,"Tênis de corrida feminino, sem cadarço, tênis de caminhada, leve, respirável, casual, sola macia, para treino, tênis esportivo",,128.82,37.15,90,,,Cadarço,Acetato vinilo de etileno,https://m.media-amazon.com/images/I/71ssGmIY9oL._AC_SY395_SX395_QL70_ML2_.jpg,https://www.amazon.com.br/Kvovzo-Antiderrapante-Respir%C3%A1vel-Caminhada-Esportivo/dp/B0DJGQBHF3/ref=is_sr_s_dp_1?crid=DLJ5Z8MJX9ZM&dib=eyJ2IjoiMSJ9.hU3ZEobTa0A3CfkZ_GR_wVGNl3VQ22rtBYmcARiN8mzMW8TsFtCU9ppnKPliiWofGU0ZlZuSYdJSltWiJTRyDTtQouytiZ3bja90K1GitquWL88Vo422hR7ya_5iiOhcp_wCMP_SyPBDaHwuk-vQCVcKxJ_VhkPLXX7e7FQvYogqXawCeI3JF2wblLNHtjedBlCaVog6f3dXI-TvKtJKfzutspQvKdSsyvpluvgo46Ddnv5XxA27saSgRF0I7HRDwCkK69qVcp5dwuPkZhg31n-cjhIJEn_cfwZwiV9DGQY.WSAIdv_2W-eTI1W8BIwMJghbIJKzCa9imuGcVzPd7Ds&dib_tag=se&keywords=tenis+de+corrida&qid=1761925706&sprefix=tenis+de+corrida%2Caps%2C739&sr=8-208&ufe=app_do%3Aamzn1.fos.6a09f7ec-d911-4889-ad70-de8dd83c8a74&xpid=ERuU6uEzXaAxz
4.0,Corrida de Rua,,2025-10-31,,,Disponível,Feminino,Amazon,Kvovzo,Tecido,"Tênis de corrida feminino, sem cadarço, tênis de caminhada, leve, respirável, casual, sola macia, para treino, tênis esportivo",,128.82,37.15,90,,,Cadarço,Acetato vinilo de etileno,https://m.media-amazon.com/images/I/71ssGmIY9oL._AC_SY395_SX395_QL70_ML2_.jpg,https://www.amazon.com.br/Kvovzo-Antiderrapante-Respir%C3%A1vel-Caminhada-Esportivo/dp/B0DJGQBHF3/ref=sr_1_208?crid=DLJ5Z8MJX9ZM&dib=eyJ2IjoiMSJ9.hU3ZEobTa0A3CfkZ_GR_wVGNl3VQ22rtBYmcARiN8mzMW8TsFtCU9ppnKPliiWofGU0ZlZuSYdJSltWiJTRyDTtQouytiZ3bja90K1GitquWL88Vo422hR7ya_5iiOhcp_wCMP_SyPBDaHwuk-vQCVcKxJ_VhkPLXX7e7FQvYogqXawCeI3JF2wblLNHtjedBlCaVog6f3dXI-TvKtJKfzutspQvKdSsyvpluvgo46Ddnv5XxA27saSgRF0I7HRDwCkK69qVcp5dwuPkZhg31n-cjhIJEn_cfwZwiV9DGQY.WSAIdv_2W-eTI1W8BIwMJghbIJKzCa9imuGcVzPd7Ds&dib_tag=se&keywords=tenis+de+corrida&qid=1761925706&sprefix=tenis+de+corrida%2Caps%2C739&sr=8-208&ufe=app_do%3Aamzn1.fos.6a09f7ec-d911-4889-ad70-de8dd83c8a74&xpid=ERuU6uEzXaAxz
5.0,Corrida de Rua,,2025-10-31,,,Disponível,Feminino,Amazon,ASICS,Malha,Tênis Asics Gel-nimbus 27 Feminino - Preto/rose - 39,,1079.79,37.15,2,,Gel,Cadarço,Borracha,https://m.media-amazon.com/images/I/51QQ-x+Hh6L._AC_SY395_SX395_QL70_ML2_.jpg,https://www.amazon.com.br/T%C3%AAnis-Asics-Gel-nimbus-27-Feminino/dp/B0F5CKTDDL/ref=is_sr_s_dp_1?crid=DLJ5Z8MJX9ZM&dib=eyJ2IjoiMSJ9.hU3ZEobTa0A3CfkZ_GR_wVGNl3VQ22rtBYmcARiN8mzMW8TsFtCU9ppnKPliiWofGU0ZlZuSYdJSltWiJTRyDTtQouytiZ3bja90K1GitquWL88Vo422hR7ya_5iiOhcp_wCMP_SyPBDaHwuk-vQCVcKxJ_VhkPLXX7e7FQvYogqXawCeI3JF2wblLNHtjedBlCaVog6f3dXI-TvKtJKfzutspQvKdSsyvpluvgo46Ddnv5XxA27saSgRF0I7HRDwCkK69qVcp5dwuPkZhg31n-cjhIJEn_cfwZwiV9DGQY.WSAIdv_2W-eTI1W8BIwMJghbIJKzCa9imuGcVzPd7Ds&dib_tag=se&keywords=tenis+de+corrida&qid=1761925706&sprefix=tenis+de+corrida%2Caps%2C739&sr=8-207&ufe=app_do%3Aamzn1.fos.95de73c3-5dda-43a7-bd1f-63af03b14751&xpid=ERuU6uEzXaAxz
5.0,Corrida de Rua,,2025-10-31,,,Disponível,Feminino,Amazon,ASICS,Malha,Tênis Asics Gel-nimbus 27 Feminino - Preto/rose - 39,,1079.79,37.15,2,,Gel,Cadarço,Borracha,https://m.media-amazon.com/images/I/51QQ-x+Hh6L._AC_SY395_SX395_QL70_ML2_.jpg,https://www.amazon.com.br/T%C3%AAnis-Asics-Gel-nimbus-27-Feminino/dp/B0F5CKTDDL/ref=sr_1_207?crid=DLJ5Z8MJX9ZM&dib=eyJ2IjoiMSJ9.hU3ZEobTa0A3CfkZ_GR_wVGNl3VQ22rtBYmcARiN8mzMW8TsFtCU9ppnKPliiWofGU0ZlZuSYdJSltWiJTRyDTtQouytiZ3bja90K1GitquWL88Vo422hR7ya_5iiOhcp_wCMP_SyPBDaHwuk-vQCVcKxJ_VhkPLXX7e7FQvYogqXawCeI3JF2wblLNHtjedBlCaVog6f3dXI-TvKtJKfzutspQvKdSsyvpluvgo46Ddnv5XxA27saSgRF0I7HRDwCkK69qVcp5dwuPkZhg31n-cjhIJEn_cfwZwiV9DGQY.WSAIdv_2W-eTI1W8BIwMJghbIJKzCa9imuGcVzPd7Ds&dib_tag=se&keywords=tenis+de+corrida&qid=1761925706&sprefix=tenis+de+corrida%2Caps%2C739&sr=8-207&ufe=app_do%3Aamzn1.fos.95de73c3-5dda-43a7-bd1f-63af03b14751&xpid=ERuU6uEzXaAxz
4.4,Corrida de Rua,,2025-10-31,,,Verificar disponibilidade,Masculino,Amazon,NIKE,Malha,NIKE RunAllDay Tênis de corrida masculino,,1116.81,37.15,369,,,Sem fecho,Sintético e borracha,https://m.media-amazon.com/images/I/71RUemZxatL._AC_SX395_SY395_QL70_ML2_.jpg,https://www.amazon.com.br/unissex-Reactx-Infinity-escuro-branco/dp/B0CTKPTGPY/ref=is_sr_dp_n?crid=DLJ5Z8MJX9ZM&dib=eyJ2IjoiMSJ9.hU3ZEobTa0A3CfkZ_GR_wVGNl3VQ22rtBYmcARiN8mzMW8TsFtCU9ppnKPliiWofGU0ZlZuSYdJSltWiJTRyDTtQouytiZ3bja90K1GitquWL88Vo422hR7ya_5iiOhcp_wCMP_SyPBDaHwuk-vQCVcKxJ_VhkPLXX7e7FQvYogqXawCeI3JF2wblLNHtjedBlCaVog6f3dXI-TvKtJKfzutspQvKdSsyvpluvgo46Ddnv5XxA27saSgRF0I7HRDwCkK69qVcp5dwuPkZhg31n-cjhIJEn_cfwZwiV9DGQY.WSAIdv_2W-eTI1W8BIwMJghbIJKzCa9imuGcVzPd7Ds&dib_tag=se&keywords=tenis+de+corrida&qid=1761925706&sprefix=tenis+de+corrida%2Caps%2C739&sr=8-206&ufe=app_do%3Aamzn1.fos.95de73c3-5dda-43a7-bd1f-63af03b14751&xpid=ERuU6uEzXaAxz
4.4,Tênis de Basquete,,2025-10-31,,,Verificar disponibilidade,Masculino,Amazon,NIKE,Couro,NIKE RunAllDay Tênis de corrida masculino,,1851.66,37.15,369,,,Cadarço,Borracha,https://m.media-amazon.com/images/I/61XU67jLyiL._AC_SX395_SY395_QL70_ML2_.jpg,https://www.amazon.com.br/unissex-Reactx-Infinity-escuro-branco/dp/B09SWLS25X/ref=is_sr_dp_6?crid=DLJ5Z8MJX9ZM&dib=eyJ2IjoiMSJ9.hU3ZEobTa0A3CfkZ_GR_wVGNl3VQ22rtBYmcARiN8mzMW8TsFtCU9ppnKPliiWofGU0ZlZuSYdJSltWiJTRyDTtQouytiZ3bja90K1GitquWL88Vo422hR7ya_5iiOhcp_wCMP_SyPBDaHwuk-vQCVcKxJ_VhkPLXX7e7FQvYogqXawCeI3JF2wblLNHtjedBlCaVog6f3dXI-TvKtJKfzutspQvKdSsyvpluvgo46Ddnv5XxA27saSgRF0I7HRDwCkK69qVcp5dwuPkZhg31n-cjhIJEn_cfwZwiV9DGQY.WSAIdv_2W-eTI1W8BIwMJghbIJKzCa9imuGcVzPd7Ds&dib_tag=se&keywords=tenis+de+corrida&qid=1761925706&sprefix=tenis+de+corrida%2Caps%2C739&sr=8-206&ufe=app_do%3Aamzn1.fos.95de73c3-5dda-43a7-bd1f-63af03b14751&xpid=ERuU6uEzXaAxz
4.4,Tênis Casuais,,2025-10-31,,,Disponível,Masculino,Amazon,NIKE,Sintético,NIKE RunAllDay Tênis de corrida masculino,,1108.58,37.15,369,,,Cadarço,Borracha,https://m.media-amazon.com/images/I/71SozgoBiyL._AC_SY395_SX395_QL70_ML2_.jpg,https://www.amazon.com.br/unissex-Reactx-Infinity-escuro-branco/dp/B0D93RK842/ref=is_sr_s_dp_2?crid=DLJ5Z8MJX9ZM&dib=eyJ2IjoiMSJ9.hU3ZEobTa0A3CfkZ_GR_wVGNl3VQ22rtBYmcARiN8mzMW8TsFtCU9ppnKPliiWofGU0ZlZuSYdJSltWiJTRyDTtQouytiZ3bja90K1GitquWL88Vo422hR7ya_5iiOhcp_wCMP_SyPBDaHwuk-vQCVcKxJ_VhkPLXX7e7FQvYogqXawCeI3JF2wblLNHtjedBlCaVog6f3dXI-TvKtJKfzutspQvKdSsyvpluvgo46Ddnv5XxA27saSgRF0I7HRDwCkK69qVcp5dwuPkZhg31n-cjhIJEn_cfwZwiV9DGQY.WSAIdv_2W-eTI1W8BIwMJghbIJKzCa9imuGcVzPd7Ds&dib_tag=se&keywords=tenis+de+corrida&qid=1761925706&sprefix=tenis+de+corrida%2Caps%2C739&sr=8-206&ufe=app_do%3Aamzn1.fos.95de73c3-5dda-43a7-bd1f-63af03b14751&xpid=ERuU6uEzXaAxz
4.4,Corrida de Rua,,2025-10-31,,,Verificar disponibilidade,Masculino,Amazon,NIKE,Malha,NIKE RunAllDay Tênis de corrida masculino,,1116.81,37.15,369,,,Sem fecho,Sintético e borracha,https://m.media-amazon.com/images/I/71RUemZxatL._AC_SX395_SY395_QL70_ML2_.jpg,https://www.amazon.com.br/unissex-Reactx-Infinity-escuro-branco/dp/B0CTKPTGPY/ref=is_sr_dp_1?crid=DLJ5Z8MJX9ZM&dib=eyJ2IjoiMSJ9.hU3ZEobTa0A3CfkZ_GR_wVGNl3VQ22rtBYmcARiN8mzMW8TsFtCU9ppnKPliiWofGU0ZlZuSYdJSltWiJTRyDTtQouytiZ3bja90K1GitquWL88Vo422hR7ya_5iiOhcp_wCMP_SyPBDaHwuk-vQCVcKxJ_VhkPLXX7e7FQvYogqXawCeI3JF2wblLNHtjedBlCaVog6f3dXI-TvKtJKfzutspQvKdSsyvpluvgo46Ddnv5XxA27saSgRF0I7HRDwCkK69qVcp5dwuPkZhg31n-cjhIJEn_cfwZwiV9DGQY.WSAIdv_2W-eTI1W8BIwMJghbIJKzCa9imuGcVzPd7Ds&dib_tag=se&keywords=tenis+de+corrida&qid=1761925706&sprefix=tenis+de+corrida%2Caps%2C739&sr=8-206&ufe=app_do%3Aamzn1.fos.95de73c3-5dda-43a7-bd1f-63af03b14751&xpid=ERuU6uEzXaAxz
4.4,Corrida de Rua,,2025-10-31,,,Verificar disponibilidade,Masculino,Amazon,NIKE,Malha,NIKE RunAllDay Tênis de corrida masculino,,1116.81,37.15,369,,,Sem fecho,Sintético e borracha,https://m.media-amazon.com/images/I/71RUemZxatL._AC_SX395_SY395_QL70_ML2_.jpg,https://www.amazon.com.br/unissex-Reactx-Infinity-escuro-branco/dp/B0CTKPTGPY/ref=sr_1_206?crid=DLJ5Z8MJX9ZM&dib=eyJ2IjoiMSJ9.hU3ZEobTa0A3CfkZ_GR_wVGNl3VQ22rtBYmcARiN8mzMW8TsFtCU9ppnKPliiWofGU0ZlZuSYdJSltWiJTRyDTtQouytiZ3bja90K1GitquWL88Vo422hR7ya_5iiOhcp_wCMP_SyPBDaHwuk-vQCVcKxJ_VhkPLXX7e7FQvYogqXawCeI3JF2wblLNHtjedBlCaVog6f3dXI-TvKtJKfzutspQvKdSsyvpluvgo46Ddnv5XxA27saSgRF0I7HRDwCkK69qVcp5dwuPkZhg31n-cjhIJEn_cfwZwiV9DGQY.WSAIdv_2W-eTI1W8BIwMJghbIJKzCa9imuGcVzPd7Ds&dib_tag=se&keywords=tenis+de+corrida&qid=1761925706&sprefix=tenis+de+corrida%2Caps%2C739&sr=8-206&ufe=app_do%3Aamzn1.fos.95de73c3-5dda-43a7-bd1f-63af03b14751&xpid=ERuU6uEzXaAxz
4.0,Corrida de Rua,,2025-10-31,,,Verificar disponibilidade,Masculino,Amazon,NIKE,Poliéster,Tênis NIKE Nike Downshifter 13 masculino,,747.69,37.15,412,,,Cadarço,Borracha,https://m.media-amazon.com/images/I/61DWTabf4NL._AC_SY395_SX395_QL70_ML2_.jpg,https://www.amazon.com.br/T%C3%AAnis-masculino-Cinza-preto-antracite/dp/B0CT8PW2X7/ref=is_sr_dp_5?crid=DLJ5Z8MJX9ZM&dib=eyJ2IjoiMSJ9.hU3ZEobTa0A3CfkZ_GR_wVGNl3VQ22rtBYmcARiN8mzMW8TsFtCU9ppnKPliiWofGU0ZlZuSYdJSltWiJTRyDTtQouytiZ3bja90K1GitquWL88Vo422hR7ya_5iiOhcp_wCMP_SyPBDaHwuk-vQCVcKxJ_VhkPLXX7e7FQvYogqXawCeI3JF2wblLNHtjedBlCaVog6f3dXI-TvKtJKfzutspQvKdSsyvpluvgo46Ddnv5XxA27saSgRF0I7HRDwCkK69qVcp5dwuPkZhg31n-cjhIJEn_cfwZwiV9DGQY.WSAIdv_2W-eTI1W8BIwMJghbIJKzCa9imuGcVzPd7Ds&dib_tag=se&keywords=tenis+de+corrida&qid=1761925706&sprefix=tenis+de+corrida%2Caps%2C739&sr=8-204&ufe=app_do%3Aamzn1.fos.25548f35-0de7-44b3-b28e-0f56f3f96147&xpid=ERuU6uEzXaAxz
4.0,Corrida de Rua,,2025-10-31,,,Verificar disponibilidade,Masculino,Amazon,NIKE,Poliéster,Tênis NIKE Nike Downshifter 13 masculino,,795.57,37.15,412,,,Cadarço,Borracha,https://m.media-amazon.com/images/I/61k0k6989EL._AC_SY395_SX395_QL70_ML2_.jpg,https://www.amazon.com.br/T%C3%AAnis-masculino-Cinza-preto-antracite/dp/B0CSKPVX7J/ref=is_sr_s_dp_2?crid=DLJ5Z8MJX9ZM&dib=eyJ2IjoiMSJ9.hU3ZEobTa0A3CfkZ_GR_wVGNl3VQ22rtBYmcARiN8mzMW8TsFtCU9ppnKPliiWofGU0ZlZuSYdJSltWiJTRyDTtQouytiZ3bja90K1GitquWL88Vo422hR7ya_5iiOhcp_wCMP_SyPBDaHwuk-vQCVcKxJ_VhkPLXX7e7FQvYogqXawCeI3JF2wblLNHtjedBlCaVog6f3dXI-TvKtJKfzutspQvKdSsyvpluvgo46Ddnv5XxA27saSgRF0I7HRDwCkK69qVcp5dwuPkZhg31n-cjhIJEn_cfwZwiV9DGQY.WSAIdv_2W-eTI1W8BIwMJghbIJKzCa9imuGcVzPd7Ds&dib_tag=se&keywords=tenis+de+corrida&qid=1761925706&sprefix=tenis+de+corrida%2Caps%2C739&sr=8-204&ufe=app_do%3Aamzn1.fos.25548f35-0de7-44b3-b28e-0f56f3f96147&xpid=ERuU6uEzXaAxz
4.0,Corrida de Rua,,2025-10-31,,,Disponível,Masculino,Amazon,NIKE,Poliéster,Tênis NIKE Nike Downshifter 13 masculino,,529.9,37.15,414,,,Cadarço,Borracha,https://m.media-amazon.com/images/I/61gMJLj++6L._AC_SY395_SX395_QL70_ML2_.jpg,https://www.amazon.com.br/T%C3%AAnis-masculino-Cinza-preto-antracite/dp/B0CSKNZLB2/ref=is_sr_s_dp_1?crid=DLJ5Z8MJX9ZM&dib=eyJ2IjoiMSJ9.hU3ZEobTa0A3CfkZ_GR_wVGNl3VQ22rtBYmcARiN8mzMW8TsFtCU9ppnKPliiWofGU0ZlZuSYdJSltWiJTRyDTtQouytiZ3bja90K1GitquWL88Vo422hR7ya_5iiOhcp_wCMP_SyPBDaHwuk-vQCVcKxJ_VhkPLXX7e7FQvYogqXawCeI3JF2wblLNHtjedBlCaVog6f3dXI-TvKtJKfzutspQvKdSsyvpluvgo46Ddnv5XxA27saSgRF0I7HRDwCkK69qVcp5dwuPkZhg31n-cjhIJEn_cfwZwiV9DGQY.WSAIdv_2W-eTI1W8BIwMJghbIJKzCa9imuGcVzPd7Ds&dib_tag=se&keywords=tenis+de+corrida&qid=1761925706&sprefix=tenis+de+corrida%2Caps%2C739&sr=8-204&ufe=app_do%3Aamzn1.fos.25548f35-0de7-44b3-b28e-0f56f3f96147&xpid=ERuU6uEzXaAxz
4.0,Corrida de Rua,,2025-10-31,,,Disponível,Masculino,Amazon,NIKE,Poliéster,Tênis NIKE Nike Downshifter 13 masculino,,529.9,37.15,414,,,Cadarço,Borracha,https://m.media-amazon.com/images/I/61gMJLj++6L._AC_SY395_SX395_QL70_ML2_.jpg,https://www.amazon.com.br/T%C3%AAnis-masculino-Cinza-preto-antracite/dp/B0CSKNZLB2/ref=sr_1_204?crid=DLJ5Z8MJX9ZM&dib=eyJ2IjoiMSJ9.hU3ZEobTa0A3CfkZ_GR_wVGNl3VQ22rtBYmcARiN8mzMW8TsFtCU9ppnKPliiWofGU0ZlZuSYdJSltWiJTRyDTtQouytiZ3bja90K1GitquWL88Vo422hR7ya_5iiOhcp_wCMP_SyPBDaHwuk-vQCVcKxJ_VhkPLXX7e7FQvYogqXawCeI3JF2wblLNHtjedBlCaVog6f3dXI-TvKtJKfzutspQvKdSsyvpluvgo46Ddnv5XxA27saSgRF0I7HRDwCkK69qVcp5dwuPkZhg31n-cjhIJEn_cfwZwiV9DGQY.WSAIdv_2W-eTI1W8BIwMJghbIJKzCa9imuGcVzPd7Ds&dib_tag=se&keywords=tenis+de+corrida&qid=1761925706&sprefix=tenis+de+corrida%2Caps%2C739&sr=8-204&ufe=app_do%3Aamzn1.fos.25548f35-0de7-44b3-b28e-0f56f3f96147&xpid=ERuU6uEzXaAxz
,Corrida de Rua,,2025-10-31,9.76,,Disponível,Masculino,Amazon,Genérico,Nylon,Tênis Masculino Esportivo Leve Confortável Academia Corrida Treino Amortecimento e Estilo,,71.2,78.9,,,,Cadarço,Borracha,https://m.media-amazon.com/images/I/61FwgTmFHBL._AC_SY395_SX395_QL70_ML2_.jpg,https://www.amazon.com.br/Esportivo-Masculino-Confort%C3%A1vel-Academia-Num%C3%A9rico/dp/B0FPXRRSN9/ref=is_sr_dp_5?crid=DLJ5Z8MJX9ZM&dib=eyJ2IjoiMSJ9.hU3ZEobTa0A3CfkZ_GR_wVGNl3VQ22rtBYmcARiN8mzMW8TsFtCU9ppnKPliiWofGU0ZlZuSYdJSltWiJTRyDTtQouytiZ3bja90K1GitquWL88Vo422hR7ya_5iiOhcp_wCMP_SyPBDaHwuk-vQCVcKxJ_VhkPLXX7e7FQvYogqXawCeI3JF2wblLNHtjedBlCaVog6f3dXI-TvKtJKfzutspQvKdSsyvpluvgo46Ddnv5XxA27saSgRF0I7HRDwCkK69qVcp5dwuPkZhg31n-cjhIJEn_cfwZwiV9DGQY.WSAIdv_2W-eTI1W8BIwMJghbIJKzCa9imuGcVzPd7Ds&dib_tag=se&keywords=tenis+de+corrida&qid=1761925706&sprefix=tenis+de+corrida%2Caps%2C739&sr=8-202&ufe=app_do%3Aamzn1.fos.6d798eae-cadf-45de-946a-f477d47705b9&xpid=ERuU6uEzXaAxz
,Corrida de Rua,,2025-10-31,9.76,,Disponível,Masculino,Amazon,Genérico,Nylon,Tênis Masculino Esportivo Leve Confortável Academia Corrida Treino Amortecimento e Estilo,,71.2,78.9,,,,Cadarço,Borracha,https://m.media-amazon.com/images/I/71Ry0Fd9wxL._AC_SY395_SX395_QL70_ML2_.jpg,https://www.amazon.com.br/Esportivo-Masculino-Confort%C3%A1vel-Academia-Num%C3%A9rico/dp/B0FPXRYHRD/ref=is_sr_s_dp_4?crid=DLJ5Z8MJX9ZM&dib=eyJ2IjoiMSJ9.hU3ZEobTa0A3CfkZ_GR_wVGNl3VQ22rtBYmcARiN8mzMW8TsFtCU9ppnKPliiWofGU0ZlZuSYdJSltWiJTRyDTtQouytiZ3bja90K1GitquWL88Vo422hR7ya_5iiOhcp_wCMP_SyPBDaHwuk-vQCVcKxJ_VhkPLXX7e7FQvYogqXawCeI3JF2wblLNHtjedBlCaVog6f3dXI-TvKtJKfzutspQvKdSsyvpluvgo46Ddnv5XxA27saSgRF0I7HRDwCkK69qVcp5dwuPkZhg31n-cjhIJEn_cfwZwiV9DGQY.WSAIdv_2W-eTI1W8BIwMJghbIJKzCa9imuGcVzPd7Ds&dib_tag=se&keywords=tenis+de+corrida&qid=1761925706&sprefix=tenis+de+corrida%2Caps%2C739&sr=8-202&ufe=app_do%3Aamzn1.fos.6d798eae-cadf-45de-946a-f477d47705b9&xpid=ERuU6uEzXaAxz
,Corrida de Rua,,2025-10-31,9.76,,Disponível,Masculino,Amazon,Genérico,Nylon,Tênis Masculino Esportivo Leve Confortável Academia Corrida Treino Amortecimento e Estilo,,71.2,78.9,,,,Cadarço,Borracha,https://m.media-amazon.com/images/I/61mYmTLm4AL._AC_SY395_SX395_QL70_ML2_.jpg,https://www.amazon.com.br/Esportivo-Masculino-Confort%C3%A1vel-Academia-Num%C3%A9rico/dp/B0FPXPMT87/ref=is_sr_s_dp_3?crid=DLJ5Z8MJX9ZM&dib=eyJ2IjoiMSJ9.hU3ZEobTa0A3CfkZ_GR_wVGNl3VQ22rtBYmcARiN8mzMW8TsFtCU9ppnKPliiWofGU0ZlZuSYdJSltWiJTRyDTtQouytiZ3bja90K1GitquWL88Vo422hR7ya_5iiOhcp_wCMP_SyPBDaHwuk-vQCVcKxJ_VhkPLXX7e7FQvYogqXawCeI3JF2wblLNHtjedBlCaVog6f3dXI-TvKtJKfzutspQvKdSsyvpluvgo46Ddnv5XxA27saSgRF0I7HRDwCkK69qVcp5dwuPkZhg31n-cjhIJEn_cfwZwiV9DGQY.WSAIdv_2W-eTI1W8BIwMJghbIJKzCa9imuGcVzPd7Ds&dib_tag=se&keywords=tenis+de+corrida&qid=1761925706&sprefix=tenis+de+corrida%2Caps%2C739&sr=8-202&ufe=app_do%3Aamzn1.fos.6d798eae-cadf-45de-946a-f477d47705b9&xpid=ERuU6uEzXaAxz
,Corrida de Rua,,2025-10-31,9.76,,Disponível,Masculino,Amazon,Genérico,Nylon,Tênis Masculino Esportivo Leve Confortável Academia Corrida Treino Amortecimento e Estilo,,71.2,78.9,,,,Cadarço,Borracha,https://m.media-amazon.com/images/I/610aBYG7ZcL._AC_SY395_SX395_QL70_ML2_.jpg,https://www.amazon.com.br/Esportivo-Masculino-Confort%C3%A1vel-Academia-Num%C3%A9rico/dp/B0FPXP5QQ3/ref=is_sr_s_dp_2?crid=DLJ5Z8MJX9ZM&dib=eyJ2IjoiMSJ9.hU3ZEobTa0A3CfkZ_GR_wVGNl3VQ22rtBYmcARiN8mzMW8TsFtCU9ppnKPliiWofGU0ZlZuSYdJSltWiJTRyDTtQouytiZ3bja90K1GitquWL88Vo422hR7ya_5iiOhcp_wCMP_SyPBDaHwuk-vQCVcKxJ_VhkPLXX7e7FQvYogqXawCeI3JF2wblLNHtjedBlCaVog6f3dXI-TvKtJKfzutspQvKdSsyvpluvgo46Ddnv5XxA27saSgRF0I7HRDwCkK69qVcp5dwuPkZhg31n-cjhIJEn_cfwZwiV9DGQY.WSAIdv_2W-eTI1W8BIwMJghbIJKzCa9imuGcVzPd7Ds&dib_tag=se&keywords=tenis+de+corrida&qid=1761925706&sprefix=tenis+de+corrida%2Caps%2C739&sr=8-202&ufe=app_do%3Aamzn1.fos.6d798eae-cadf-45de-946a-f477d47705b9&xpid=ERuU6uEzXaAxz
,Corrida de Rua,,2025-10-31,9.76,,Disponível,Masculino,Amazon,Genérico,Nylon,Tênis Masculino Esportivo Leve Confortável Academia Corrida Treino Amortecimento e Estilo,,71.2,78.9,,,,Cadarço,Borracha,https://m.media-amazon.com/images/I/61CZtPES2NL._AC_SY395_SX395_QL70_ML2_.jpg,https://www.amazon.com.br/Esportivo-Masculino-Confort%C3%A1vel-Academia-Num%C3%A9rico/dp/B0FPXMQ293/ref=sr_1_202?crid=DLJ5Z8MJX9ZM&dib=eyJ2IjoiMSJ9.hU3ZEobTa0A3CfkZ_GR_wVGNl3VQ22rtBYmcARiN8mzMW8TsFtCU9ppnKPliiWofGU0ZlZuSYdJSltWiJTRyDTtQouytiZ3bja90K1GitquWL88Vo422hR7ya_5iiOhcp_wCMP_SyPBDaHwuk-vQCVcKxJ_VhkPLXX7e7FQvYogqXawCeI3JF2wblLNHtjedBlCaVog6f3dXI-TvKtJKfzutspQvKdSsyvpluvgo46Ddnv5XxA27saSgRF0I7HRDwCkK69qVcp5dwuPkZhg31n-cjhIJEn_cfwZwiV9DGQY.WSAIdv_2W-eTI1W8BIwMJghbIJKzCa9imuGcVzPd7Ds&dib_tag=se&keywords=tenis+de+corrida&qid=1761925706&sprefix=tenis+de+corrida%2Caps%2C739&sr=8-202&ufe=app_do%3Aamzn1.fos.6d798eae-cadf-45de-946a-f477d47705b9&xpid=ERuU6uEzXaAxz
4.2,Corrida de Rua,,2025-10-31,,,Disponível,Feminino,Amazon,SHULOOK,Borracha,"SHULOOK Tênis de corrida feminino, sem cadarço, confortável, leve, respirável, malha antiderrapante, casual, moderno, tênis de corrida",,201.89,,1,,,Pull on,Borracha,https://m.media-amazon.com/images/I/714DSSAMOnL._AC_SY395_SX395_QL70_ML2_.jpg,https://www.amazon.com.br/SHULOOK-feminino-confort%C3%A1vel-respir%C3%A1vel-antiderrapante/dp/B0CXSRCH3D/ref=is_sr_dp_n?crid=DLJ5Z8MJX9ZM&dib=eyJ2IjoiMSJ9.hU3ZEobTa0A3CfkZ_GR_wVGNl3VQ22rtBYmcARiN8mzMW8TsFtCU9ppnKPliiWofGU0ZlZuSYdJSltWiJTRyDTtQouytiZ3bja90K1GitquWL88Vo422hR7ya_5iiOhcp_wCMP_SyPBDaHwuk-vQCVcKxJ_VhkPLXX7e7FQvYogqXawCeI3JF2wblLNHtjedBlCaVog6f3dXI-TvKtJKfzutspQvKdSsyvpluvgo46Ddnv5XxA27saSgRF0I7HRDwCkK69qVcp5dwuPkZhg31n-cjhIJEn_cfwZwiV9DGQY.WSAIdv_2W-eTI1W8BIwMJghbIJKzCa9imuGcVzPd7Ds&dib_tag=se&keywords=tenis+de+corrida&qid=1761925706&sprefix=tenis+de+corrida%2Caps%2C739&sr=8-201&ufe=app_do%3Aamzn1.fos.fcd6d665-32ba-4479-9f21-b774e276a678&xpid=ERuU6uEzXaAxz
4.2,Tênis Casuais,,2025-10-31,,,Disponível,Feminino,Amazon,SHULOOK,Borracha,"SHULOOK Tênis de corrida feminino, sem cadarço, confortável, leve, respirável, malha antiderrapante, casual, moderno, tênis de corrida",,197.7,37.15,1,,,Pull on,Borracha,https://m.media-amazon.com/images/I/71o9SuhIiQL._AC_SY395_SX395_QL70_ML2_.jpg,https://www.amazon.com.br/SHULOOK-feminino-confort%C3%A1vel-respir%C3%A1vel-antiderrapante/dp/B0CN47JZ83/ref=is_sr_dp_6?crid=DLJ5Z8MJX9ZM&dib=eyJ2IjoiMSJ9.hU3ZEobTa0A3CfkZ_GR_wVGNl3VQ22rtBYmcARiN8mzMW8TsFtCU9ppnKPliiWofGU0ZlZuSYdJSltWiJTRyDTtQouytiZ3bja90K1GitquWL88Vo422hR7ya_5iiOhcp_wCMP_SyPBDaHwuk-vQCVcKxJ_VhkPLXX7e7FQvYogqXawCeI3JF2wblLNHtjedBlCaVog6f3dXI-TvKtJKfzutspQvKdSsyvpluvgo46Ddnv5XxA27saSgRF0I7HRDwCkK69qVcp5dwuPkZhg31n-cjhIJEn_cfwZwiV9DGQY.WSAIdv_2W-eTI1W8BIwMJghbIJKzCa9imuGcVzPd7Ds&dib_tag=se&keywords=tenis+de+corrida&qid=1761925706&sprefix=tenis+de+corrida%2Caps%2C739&sr=8-201&ufe=app_do%3Aamzn1.fos.fcd6d665-32ba-4479-9f21-b774e276a678&xpid=ERuU6uEzXaAxz
4.2,Corrida de Rua,,2025-10-31,,,Disponível,Feminino,Amazon,SHULOOK,Borracha,"SHULOOK Tênis de corrida feminino, sem cadarço, confortável, leve, respirável, malha antiderrapante, casual, moderno, tênis de corrida",,201.89,37.15,1,,,Pull on,Borracha,https://m.media-amazon.com/images/I/71gpf5VdAyL._AC_SY395_SX395_QL70_ML2_.jpg,https://www.amazon.com.br/SHULOOK-feminino-confort%C3%A1vel-respir%C3%A1vel-antiderrapante/dp/B0D28W8JPV/ref=is_sr_s_dp_5?crid=DLJ5Z8MJX9ZM&dib=eyJ2IjoiMSJ9.hU3ZEobTa0A3CfkZ_GR_wVGNl3VQ22rtBYmcARiN8mzMW8TsFtCU9ppnKPliiWofGU0ZlZuSYdJSltWiJTRyDTtQouytiZ3bja90K1GitquWL88Vo422hR7ya_5iiOhcp_wCMP_SyPBDaHwuk-vQCVcKxJ_VhkPLXX7e7FQvYogqXawCeI3JF2wblLNHtjedBlCaVog6f3dXI-TvKtJKfzutspQvKdSsyvpluvgo46Ddnv5XxA27saSgRF0I7HRDwCkK69qVcp5dwuPkZhg31n-cjhIJEn_cfwZwiV9DGQY.WSAIdv_2W-eTI1W8BIwMJghbIJKzCa9imuGcVzPd7Ds&dib_tag=se&keywords=tenis+de+corrida&qid=1761925706&sprefix=tenis+de+corrida%2Caps%2C739&sr=8-201&ufe=app_do%3Aamzn1.fos.fcd6d665-32ba-4479-9f21-b774e276a678&xpid=ERuU6uEzXaAxz
4.2,Corrida de Rua,,2025-10-31,,,Disponível,Feminino,Amazon,SHULOOK,Borracha,"SHULOOK Tênis de corrida feminino, sem cadarço, confortável, leve, respirável, malha antiderrapante, casual, moderno, tênis de corrida",,201.89,37.15,1,,,Pull on,Borracha,https://m.media-amazon.com/images/I/71TyXH78p7L._AC_SY395_SX395_QL70_ML2_.jpg,https://www.amazon.com.br/SHULOOK-feminino-confort%C3%A1vel-respir%C3%A1vel-antiderrapante/dp/B0DHKBVZK2/ref=is_sr_s_dp_3?crid=DLJ5Z8MJX9ZM&dib=eyJ2IjoiMSJ9.hU3ZEobTa0A3CfkZ_GR_wVGNl3VQ22rtBYmcARiN8mzMW8TsFtCU9ppnKPliiWofGU0ZlZuSYdJSltWiJTRyDTtQouytiZ3bja90K1GitquWL88Vo422hR7ya_5iiOhcp_wCMP_SyPBDaHwuk-vQCVcKxJ_VhkPLXX7e7FQvYogqXawCeI3JF2wblLNHtjedBlCaVog6f3dXI-TvKtJKfzutspQvKdSsyvpluvgo46Ddnv5XxA27saSgRF0I7HRDwCkK69qVcp5dwuPkZhg31n-cjhIJEn_cfwZwiV9DGQY.WSAIdv_2W-eTI1W8BIwMJghbIJKzCa9imuGcVzPd7Ds&dib_tag=se&keywords=tenis+de+corrida&qid=1761925706&sprefix=tenis+de+corrida%2Caps%2C739&sr=8-201&ufe=app_do%3Aamzn1.fos.fcd6d665-32ba-4479-9f21-b774e276a678&xpid=ERuU6uEzXaAxz
4.2,Corrida de Rua,,2025-10-31,,,Disponível,Feminino,Amazon,SHULOOK,Borracha,"SHULOOK Tênis de corrida feminino, sem cadarço, confortável, leve, respirável, malha antiderrapante, casual, moderno, tênis de corrida",,184.68,37.15,1,,,Pull on,Borracha,https://m.media-amazon.com/images/I/71wCNCucSCL._AC_SY395_SX395_QL70_ML2_.jpg,https://www.amazon.com.br/SHULOOK-feminino-confort%C3%A1vel-respir%C3%A1vel-antiderrapante/dp/B0D28WP4XZ/ref=is_sr_s_dp_2?crid=DLJ5Z8MJX9ZM&dib=eyJ2IjoiMSJ9.hU3ZEobTa0A3CfkZ_GR_wVGNl3VQ22rtBYmcARiN8mzMW8TsFtCU9ppnKPliiWofGU0ZlZuSYdJSltWiJTRyDTtQouytiZ3bja90K1GitquWL88Vo422hR7ya_5iiOhcp_wCMP_SyPBDaHwuk-vQCVcKxJ_VhkPLXX7e7FQvYogqXawCeI3JF2wblLNHtjedBlCaVog6f3dXI-TvKtJKfzutspQvKdSsyvpluvgo46Ddnv5XxA27saSgRF0I7HRDwCkK69qVcp5dwuPkZhg31n-cjhIJEn_cfwZwiV9DGQY.WSAIdv_2W-eTI1W8BIwMJghbIJKzCa9imuGcVzPd7Ds&dib_tag=se&keywords=tenis+de+corrida&qid=1761925706&sprefix=tenis+de+corrida%2Caps%2C739&sr=8-201&ufe=app_do%3Aamzn1.fos.fcd6d665-32ba-4479-9f21-b774e276a678&xpid=ERuU6uEzXaAxz
4.2,Corrida de Rua,,2025-10-31,,,Disponível,Feminino,Amazon,SHULOOK,Borracha,"SHULOOK Tênis de corrida feminino, sem cadarço, confortável, leve, respirável, malha antiderrapante, casual, moderno, tênis de corrida",,201.89,37.15,1,,,Pull on,Borracha,https://m.media-amazon.com/images/I/714DSSAMOnL._AC_SY395_SX395_QL70_ML2_.jpg,https://www.amazon.com.br/SHULOOK-feminino-confort%C3%A1vel-respir%C3%A1vel-antiderrapante/dp/B0CXSRCH3D/ref=is_sr_s_dp_1?crid=DLJ5Z8MJX9ZM&dib=eyJ2IjoiMSJ9.hU3ZEobTa0A3CfkZ_GR_wVGNl3VQ22rtBYmcARiN8mzMW8TsFtCU9ppnKPliiWofGU0ZlZuSYdJSltWiJTRyDTtQouytiZ3bja90K1GitquWL88Vo422hR7ya_5iiOhcp_wCMP_SyPBDaHwuk-vQCVcKxJ_VhkPLXX7e7FQvYogqXawCeI3JF2wblLNHtjedBlCaVog6f3dXI-TvKtJKfzutspQvKdSsyvpluvgo46Ddnv5XxA27saSgRF0I7HRDwCkK69qVcp5dwuPkZhg31n-cjhIJEn_cfwZwiV9DGQY.WSAIdv_2W-eTI1W8BIwMJghbIJKzCa9imuGcVzPd7Ds&dib_tag=se&keywords=tenis+de+corrida&qid=1761925706&sprefix=tenis+de+corrida%2Caps%2C739&sr=8-201&ufe=app_do%3Aamzn1.fos.fcd6d665-32ba-4479-9f21-b774e276a678&xpid=ERuU6uEzXaAxz
4.2,Corrida de Rua,,2025-10-31,,,Disponível,Feminino,Amazon,SHULOOK,Borracha,"SHULOOK Tênis de corrida feminino, sem cadarço, confortável, leve, respirável, malha antiderrapante, casual, moderno, tênis de corrida",,201.89,37.15,1,,,Pull on,Borracha,https://m.media-amazon.com/images/I/714DSSAMOnL._AC_SY395_SX395_QL70_ML2_.jpg,https://www.amazon.com.br/SHULOOK-feminino-confort%C3%A1vel-respir%C3%A1vel-antiderrapante/dp/B0CXSRCH3D/ref=sr_1_201?crid=DLJ5Z8MJX9ZM&dib=eyJ2IjoiMSJ9.hU3ZEobTa0A3CfkZ_GR_wVGNl3VQ22rtBYmcARiN8mzMW8TsFtCU9ppnKPliiWofGU0ZlZuSYdJSltWiJTRyDTtQouytiZ3bja90K1GitquWL88Vo422hR7ya_5iiOhcp_wCMP_SyPBDaHwuk-vQCVcKxJ_VhkPLXX7e7FQvYogqXawCeI3JF2wblLNHtjedBlCaVog6f3dXI-TvKtJKfzutspQvKdSsyvpluvgo46Ddnv5XxA27saSgRF0I7HRDwCkK69qVcp5dwuPkZhg31n-cjhIJEn_cfwZwiV9DGQY.WSAIdv_2W-eTI1W8BIwMJghbIJKzCa9imuGcVzPd7Ds&dib_tag=se&keywords=tenis+de+corrida&qid=1761925706&sprefix=tenis+de+corrida%2Caps%2C739&sr=8-201&ufe=app_do%3Aamzn1.fos.fcd6d665-32ba-4479-9f21-b774e276a678&xpid=ERuU6uEzXaAxz
4.1,Tênis Casuais,,2025-10-31,,,Disponível,Feminino,Amazon,Generic,Malha,Tenis Academia Feminino Olimp Gel Para Esporte Macio Original T-Shoes,,109.9,37.15,51,,Gel,Cadarço,Borracha,https://m.media-amazon.com/images/I/61Clez81OvL._AC_SY395_SX395_QL70_ML2_.jpg,https://www.amazon.com.br/Academia-Feminino-Original-Verde-%C3%81gua-Num%C3%A9rico/dp/B0CX5XSRQM/ref=is_sr_s_dp_3?crid=DLJ5Z8MJX9ZM&dib=eyJ2IjoiMSJ9.hU3ZEobTa0A3CfkZ_GR_wVGNl3VQ22rtBYmcARiN8mzMW8TsFtCU9ppnKPliiWofGU0ZlZuSYdJSltWiJTRyDTtQouytiZ3bja90K1GitquWL88Vo422hR7ya_5iiOhcp_wCMP_SyPBDaHwuk-vQCVcKxJ_VhkPLXX7e7FQvYogqXawCeI3JF2wblLNHtjedBlCaVog6f3dXI-TvKtJKfzutspQvKdSsyvpluvgo46Ddnv5XxA27saSgRF0I7HRDwCkK69qVcp5dwuPkZhg31n-cjhIJEn_cfwZwiV9DGQY.WSAIdv_2W-eTI1W8BIwMJghbIJKzCa9imuGcVzPd7Ds&dib_tag=se&keywords=tenis+de+corrida&qid=1761925706&sprefix=tenis+de+corrida%2Caps%2C739&sr=8-199&ufe=app_do%3Aamzn1.fos.a492fd4a-f54d-4e8d-8c31-35e0a04ce61e&xpid=ERuU6uEzXaAxz
4.1,Tênis Casuais,,2025-10-31,,,Disponível,Feminino,Amazon,Generic,Malha,Tenis Academia Feminino Olimp Gel Para Esporte Macio Original T-Shoes,,109.9,37.15,51,,Gel,Cadarço,Borracha,https://m.media-amazon.com/images/I/61lh97jnqYL._AC_SY395_SX395_QL70_ML2_.jpg,https://www.amazon.com.br/Academia-Feminino-Original-Verde-%C3%81gua-Num%C3%A9rico/dp/B0CX64SSDY/ref=is_sr_s_dp_1?crid=DLJ5Z8MJX9ZM&dib=eyJ2IjoiMSJ9.hU3ZEobTa0A3CfkZ_GR_wVGNl3VQ22rtBYmcARiN8mzMW8TsFtCU9ppnKPliiWofGU0ZlZuSYdJSltWiJTRyDTtQouytiZ3bja90K1GitquWL88Vo422hR7ya_5iiOhcp_wCMP_SyPBDaHwuk-vQCVcKxJ_VhkPLXX7e7FQvYogqXawCeI3JF2wblLNHtjedBlCaVog6f3dXI-TvKtJKfzutspQvKdSsyvpluvgo46Ddnv5XxA27saSgRF0I7HRDwCkK69qVcp5dwuPkZhg31n-cjhIJEn_cfwZwiV9DGQY.WSAIdv_2W-eTI1W8BIwMJghbIJKzCa9imuGcVzPd7Ds&dib_tag=se&keywords=tenis+de+corrida&qid=1761925706&sprefix=tenis+de+corrida%2Caps%2C739&sr=8-199&ufe=app_do%3Aamzn1.fos.a492fd4a-f54d-4e8d-8c31-35e0a04ce61e&xpid=ERuU6uEzXaAxz
4.1,Tênis Casuais,,2025-10-31,,,Disponível,Feminino,Amazon,Generic,Malha,Tenis Academia Feminino Olimp Gel Para Esporte Macio Original T-Shoes,,109.9,37.15,51,,Gel,Cadarço,Borracha,https://m.media-amazon.com/images/I/61lh97jnqYL._AC_SY395_SX395_QL70_ML2_.jpg,https://www.amazon.com.br/Academia-Feminino-Original-Verde-%C3%81gua-Num%C3%A9rico/dp/B0CX64SSDY/ref=sr_1_199?crid=DLJ5Z8MJX9ZM&dib=eyJ2IjoiMSJ9.hU3ZEobTa0A3CfkZ_GR_wVGNl3VQ22rtBYmcARiN8mzMW8TsFtCU9ppnKPliiWofGU0ZlZuSYdJSltWiJTRyDTtQouytiZ3bja90K1GitquWL88Vo422hR7ya_5iiOhcp_wCMP_SyPBDaHwuk-vQCVcKxJ_VhkPLXX7e7FQvYogqXawCeI3JF2wblLNHtjedBlCaVog6f3dXI-TvKtJKfzutspQvKdSsyvpluvgo46Ddnv5XxA27saSgRF0I7HRDwCkK69qVcp5dwuPkZhg31n-cjhIJEn_cfwZwiV9DGQY.WSAIdv_2W-eTI1W8BIwMJghbIJKzCa9imuGcVzPd7Ds&dib_tag=se&keywords=tenis+de+corrida&qid=1761925706&sprefix=tenis+de+corrida%2Caps%2C739&sr=8-199&ufe=app_do%3Aamzn1.fos.a492fd4a-f54d-4e8d-8c31-35e0a04ce61e&xpid=ERuU6uEzXaAxz
,Corrida de Rua,,2025-10-31,,,Disponível,Feminino,Amazon,Sandrini,Poliéster,Tênis Sandrini Liz Feminino Caminhada Corrida Academia,,104.99,37.15,,,,Cadarço,Borracha,https://m.media-amazon.com/images/I/61iEgdlRRvL._AC_SY395_SX395_QL70_ML2_.jpg,https://www.amazon.com.br/Sandrini-Feminino-Caminhada-Academia-Num%C3%A9rico/dp/B0FHQSBH6S/ref=sr_1_199?crid=DLJ5Z8MJX9ZM&dib=eyJ2IjoiMSJ9.ksVArSvFomuO3sRQQAR4qoh3zV2jLeHnOVspWcLJhTvQm2CxsejLHZGvzBbu0MKmdm_lDYASK3Hk9fV6jJsvhG6FIaYxRn6qlbXCxa_T4D7PyFmUKq5H3xK3yCTRcJL6Ms2ejcwfN05KYGFV-brtkGjYnI4m63dyMcPM9j3k7vL22ciME4ylio-cwCQZnyiC2JWmYTjxKO5AXkHoNDi1slU3Ex6dmlywAEtgWdWvFN7I45I6KKc40xNlM8yGPgB6oHFNb56euSkHIeEHQr4FPsNyf6H2aYrd5tBwTtU6-g0.-pri1kzoDk4Jc5GKNBLRv3dKa7WMG2kz0plLg-hjXPI&dib_tag=se&keywords=tenis+de+corrida&qid=1761925673&sprefix=tenis+de+corrida%2Caps%2C739&sr=8-199&ufe=app_do%3Aamzn1.fos.6121c6c4-c969-43ae-92f7-cc248fc6181d&xpid=ERuU6uEzXaAxz
3.9,Corrida de Rua,,2025-10-31,,,Disponível,Masculino,Amazon,DM DAMANDO,Malha,"DM DAMANDO Tênis Masculino para Corrida, Academia e Caminhada Leve, Macio e Esportivo + Relógio Digital Vermelho",,99.9,37.15,329,,,Cadarço,Borracha Supporter,https://m.media-amazon.com/images/I/61fZ1-kvUiL._AC_SY395_SX395_QL70_ML2_.jpg,https://www.amazon.com.br/Masculino-Academia-Caminhada-Esportivo-Num%C3%A9rico/dp/B0DFSLL42B/ref=is_sr_dp_1?crid=DLJ5Z8MJX9ZM&dib=eyJ2IjoiMSJ9.ksVArSvFomuO3sRQQAR4qoh3zV2jLeHnOVspWcLJhTvQm2CxsejLHZGvzBbu0MKmdm_lDYASK3Hk9fV6jJsvhG6FIaYxRn6qlbXCxa_T4D7PyFmUKq5H3xK3yCTRcJL6Ms2ejcwfN05KYGFV-brtkGjYnI4m63dyMcPM9j3k7vL22ciME4ylio-cwCQZnyiC2JWmYTjxKO5AXkHoNDi1slU3Ex6dmlywAEtgWdWvFN7I45I6KKc40xNlM8yGPgB6oHFNb56euSkHIeEHQr4FPsNyf6H2aYrd5tBwTtU6-g0.-pri1kzoDk4Jc5GKNBLRv3dKa7WMG2kz0plLg-hjXPI&dib_tag=se&keywords=tenis+de+corrida&qid=1761925673&sprefix=tenis+de+corrida%2Caps%2C739&sr=8-198&ufe=app_do%3Aamzn1.fos.6d798eae-cadf-45de-946a-f477d47705b9&xpid=ERuU6uEzXaAxz
3.9,Corrida de Rua,,2025-10-31,,,Disponível,Masculino,Amazon,DM DAMANDO,Malha,"DM DAMANDO Tênis Masculino para Corrida, Academia e Caminhada Leve, Macio e Esportivo + Relógio Digital Vermelho",,99.9,,329,,,Cadarço,Borracha Supporter,https://m.media-amazon.com/images/I/61fZ1-kvUiL._AC_SY395_SX395_QL70_ML2_.jpg,https://www.amazon.com.br/Masculino-Academia-Caminhada-Esportivo-Num%C3%A9rico/dp/B0DFSLL42B/ref=sr_1_198?crid=DLJ5Z8MJX9ZM&dib=eyJ2IjoiMSJ9.ksVArSvFomuO3sRQQAR4qoh3zV2jLeHnOVspWcLJhTvQm2CxsejLHZGvzBbu0MKmdm_lDYASK3Hk9fV6jJsvhG6FIaYxRn6qlbXCxa_T4D7PyFmUKq5H3xK3yCTRcJL6Ms2ejcwfN05KYGFV-brtkGjYnI4m63dyMcPM9j3k7vL22ciME4ylio-cwCQZnyiC2JWmYTjxKO5AXkHoNDi1slU3Ex6dmlywAEtgWdWvFN7I45I6KKc40xNlM8yGPgB6oHFNb56euSkHIeEHQr4FPsNyf6H2aYrd5tBwTtU6-g0.-pri1kzoDk4Jc5GKNBLRv3dKa7WMG2kz0plLg-hjXPI&dib_tag=se&keywords=tenis+de+corrida&qid=1761925673&sprefix=tenis+de+corrida%2Caps%2C739&sr=8-198&ufe=app_do%3Aamzn1.fos.6d798eae-cadf-45de-946a-f477d47705b9&xpid=ERuU6uEzXaAxz
3.9,Corrida de Rua,,2025-10-31,10.0,,Disponível,Feminino,Amazon,Yes Basic,Couro sintético,Tenis Feminino Esportivo Academia Caminhada Dia Dia leve e Macio,,68.311,75.9,9,,,Cadarço,Borracha,https://m.media-amazon.com/images/I/61FTxbADmEL._AC_SY395_SX395_QL70_ML2_.jpg,https://www.amazon.com.br/Feminino-Esportivo-Academia-Caminhada-Num%C3%A9rico/dp/B0DRPQKDK8/ref=is_sr_s_dp_2?crid=DLJ5Z8MJX9ZM&dib=eyJ2IjoiMSJ9.ksVArSvFomuO3sRQQAR4qoh3zV2jLeHnOVspWcLJhTvQm2CxsejLHZGvzBbu0MKmdm_lDYASK3Hk9fV6jJsvhG6FIaYxRn6qlbXCxa_T4D7PyFmUKq5H3xK3yCTRcJL6Ms2ejcwfN05KYGFV-brtkGjYnI4m63dyMcPM9j3k7vL22ciME4ylio-cwCQZnyiC2JWmYTjxKO5AXkHoNDi1slU3Ex6dmlywAEtgWdWvFN7I45I6KKc40xNlM8yGPgB6oHFNb56euSkHIeEHQr4FPsNyf6H2aYrd5tBwTtU6-g0.-pri1kzoDk4Jc5GKNBLRv3dKa7WMG2kz0plLg-hjXPI&dib_tag=se&keywords=tenis+de+corrida&qid=1761925673&sprefix=tenis+de+corrida%2Caps%2C739&sr=8-197&ufe=app_do%3Aamzn1.fos.6d798eae-cadf-45de-946a-f477d47705b9&xpid=ERuU6uEzXaAxz
4.1,Tênis para Academia,,2025-10-31,,,Disponível,Masculino,Amazon,QueroShoes,Lona Esportiva,Kit Tênis Masculino Esporte Corrida Academia Macio + Relógio e Fone,,89.9,37.15,104,,,Pull on,Poliuretano termoplástico,https://m.media-amazon.com/images/I/71GEjPwFupL._AC_SY395_SX395_QL70_ML2_.jpg,https://www.amazon.com.br/Masculino-Esporte-Corrida-Academia-Rel%C3%B3gio/dp/B0FC32W1HG/ref=is_sr_s_dp_3?crid=DLJ5Z8MJX9ZM&dib=eyJ2IjoiMSJ9.ksVArSvFomuO3sRQQAR4qoh3zV2jLeHnOVspWcLJhTvQm2CxsejLHZGvzBbu0MKmdm_lDYASK3Hk9fV6jJsvhG6FIaYxRn6qlbXCxa_T4D7PyFmUKq5H3xK3yCTRcJL6Ms2ejcwfN05KYGFV-brtkGjYnI4m63dyMcPM9j3k7vL22ciME4ylio-cwCQZnyiC2JWmYTjxKO5AXkHoNDi1slU3Ex6dmlywAEtgWdWvFN7I45I6KKc40xNlM8yGPgB6oHFNb56euSkHIeEHQr4FPsNyf6H2aYrd5tBwTtU6-g0.-pri1kzoDk4Jc5GKNBLRv3dKa7WMG2kz0plLg-hjXPI&dib_tag=se&keywords=tenis+de+corrida&qid=1761925673&sprefix=tenis+de+corrida%2Caps%2C739&sr=8-196&ufe=app_do%3Aamzn1.fos.6d798eae-cadf-45de-946a-f477d47705b9&xpid=ERuU6uEzXaAxz
4.3,Tênis para Academia,,2025-10-31,10.0,,Disponível,Feminino,Amazon,Yes Basic,Nylon,Tenis Academia Feminino Leve Macio Corrida + Relogio,,71.011,78.9,296,,,Cadarço,Borracha,https://m.media-amazon.com/images/I/613-9E+1gWL._AC_SY395_SX395_QL70_ML2_.jpg,https://www.amazon.com.br/Academia-Feminino-Corrida-Relogio-Num%C3%A9rico/dp/B0DBM4F3L1/ref=is_sr_s_dp_2?crid=DLJ5Z8MJX9ZM&dib=eyJ2IjoiMSJ9.ksVArSvFomuO3sRQQAR4qoh3zV2jLeHnOVspWcLJhTvQm2CxsejLHZGvzBbu0MKmdm_lDYASK3Hk9fV6jJsvhG6FIaYxRn6qlbXCxa_T4D7PyFmUKq5H3xK3yCTRcJL6Ms2ejcwfN05KYGFV-brtkGjYnI4m63dyMcPM9j3k7vL22ciME4ylio-cwCQZnyiC2JWmYTjxKO5AXkHoNDi1slU3Ex6dmlywAEtgWdWvFN7I45I6KKc40xNlM8yGPgB6oHFNb56euSkHIeEHQr4FPsNyf6H2aYrd5tBwTtU6-g0.-pri1kzoDk4Jc5GKNBLRv3dKa7WMG2kz0plLg-hjXPI&dib_tag=se&keywords=tenis+de+corrida&qid=1761925673&sprefix=tenis+de+corrida%2Caps%2C739&sr=8-195&ufe=app_do%3Aamzn1.fos.6d798eae-cadf-45de-946a-f477d47705b9&xpid=ERuU6uEzXaAxz
4.3,Tênis para Academia,,2025-10-31,10.0,,Disponível,Feminino,Amazon,Yes Basic,Nylon,Tenis Academia Feminino Leve Macio Corrida + Relogio,,71.011,78.9,296,,,Cadarço,Borracha,https://m.media-amazon.com/images/I/51d21jZ9h0L._AC_SY395_SX395_QL70_ML2_.jpg,https://www.amazon.com.br/Academia-Feminino-Corrida-Relogio-Num%C3%A9rico/dp/B0DBM44Y7J/ref=is_sr_s_dp_1?crid=DLJ5Z8MJX9ZM&dib=eyJ2IjoiMSJ9.ksVArSvFomuO3sRQQAR4qoh3zV2jLeHnOVspWcLJhTvQm2CxsejLHZGvzBbu0MKmdm_lDYASK3Hk9fV6jJsvhG6FIaYxRn6qlbXCxa_T4D7PyFmUKq5H3xK3yCTRcJL6Ms2ejcwfN05KYGFV-brtkGjYnI4m63dyMcPM9j3k7vL22ciME4ylio-cwCQZnyiC2JWmYTjxKO5AXkHoNDi1slU3Ex6dmlywAEtgWdWvFN7I45I6KKc40xNlM8yGPgB6oHFNb56euSkHIeEHQr4FPsNyf6H2aYrd5tBwTtU6-g0.-pri1kzoDk4Jc5GKNBLRv3dKa7WMG2kz0plLg-hjXPI&dib_tag=se&keywords=tenis+de+corrida&qid=1761925673&sprefix=tenis+de+corrida%2Caps%2C739&sr=8-195&ufe=app_do%3Aamzn1.fos.6d798eae-cadf-45de-946a-f477d47705b9&xpid=ERuU6uEzXaAxz
4.3,Tênis para Academia,,2025-10-31,10.0,,Disponível,Feminino,Amazon,Yes Basic,Nylon,Tenis Academia Feminino Leve Macio Corrida + Relogio,,71.011,78.9,296,,,Cadarço,Borracha,https://m.media-amazon.com/images/I/51d21jZ9h0L._AC_SY395_SX395_QL70_ML2_.jpg,https://www.amazon.com.br/Academia-Feminino-Corrida-Relogio-Num%C3%A9rico/dp/B0DBM44Y7J/ref=sr_1_195?crid=DLJ5Z8MJX9ZM&dib=eyJ2IjoiMSJ9.ksVArSvFomuO3sRQQAR4qoh3zV2jLeHnOVspWcLJhTvQm2CxsejLHZGvzBbu0MKmdm_lDYASK3Hk9fV6jJsvhG6FIaYxRn6qlbXCxa_T4D7PyFmUKq5H3xK3yCTRcJL6Ms2ejcwfN05KYGFV-brtkGjYnI4m63dyMcPM9j3k7vL22ciME4ylio-cwCQZnyiC2JWmYTjxKO5AXkHoNDi1slU3Ex6dmlywAEtgWdWvFN7I45I6KKc40xNlM8yGPgB6oHFNb56euSkHIeEHQr4FPsNyf6H2aYrd5tBwTtU6-g0.-pri1kzoDk4Jc5GKNBLRv3dKa7WMG2kz0plLg-hjXPI&dib_tag=se&keywords=tenis+de+corrida&qid=1761925673&sprefix=tenis+de+corrida%2Caps%2C739&sr=8-195&ufe=app_do%3Aamzn1.fos.6d798eae-cadf-45de-946a-f477d47705b9&xpid=ERuU6uEzXaAxz
3.5,Tênis Casuais,,2025-10-31,,,Disponível,Masculino,Amazon,OLDSEN,Textil,Tenis Masculino feminino unissex Oldsen Insanity corrida academia caminhada 34-43,,59.9,37.15,13,,,Cadarço,Borracha,https://m.media-amazon.com/images/I/511Bd-1i3fL._AC_SY395_SX395_QL70_ML2_.jpg,https://www.amazon.com.br/Masculino-feminino-Insanity-academia-caminhada/dp/B0C632YKS1/ref=is_sr_dp_3?crid=DLJ5Z8MJX9ZM&dib=eyJ2IjoiMSJ9.ksVArSvFomuO3sRQQAR4qoh3zV2jLeHnOVspWcLJhTvQm2CxsejLHZGvzBbu0MKmdm_lDYASK3Hk9fV6jJsvhG6FIaYxRn6qlbXCxa_T4D7PyFmUKq5H3xK3yCTRcJL6Ms2ejcwfN05KYGFV-brtkGjYnI4m63dyMcPM9j3k7vL22ciME4ylio-cwCQZnyiC2JWmYTjxKO5AXkHoNDi1slU3Ex6dmlywAEtgWdWvFN7I45I6KKc40xNlM8yGPgB6oHFNb56euSkHIeEHQr4FPsNyf6H2aYrd5tBwTtU6-g0.-pri1kzoDk4Jc5GKNBLRv3dKa7WMG2kz0plLg-hjXPI&dib_tag=se&keywords=tenis+de+corrida&qid=1761925673&sprefix=tenis+de+corrida%2Caps%2C739&sr=8-194&ufe=app_do%3Aamzn1.fos.6d798eae-cadf-45de-946a-f477d47705b9&xpid=ERuU6uEzXaAxz
3.5,Tênis Casuais,,2025-10-31,,,Disponível,Masculino,Amazon,OLDSEN,Textil,Tenis Masculino feminino unissex Oldsen Insanity corrida academia caminhada 34-43,,59.9,,13,,,Cadarço,Borracha,https://m.media-amazon.com/images/I/515HiRWr4gL._AC_SY395_SX395_QL70_ML2_.jpg,https://www.amazon.com.br/Masculino-feminino-Insanity-academia-caminhada/dp/B0C62SW1BR/ref=is_sr_dp_2?crid=DLJ5Z8MJX9ZM&dib=eyJ2IjoiMSJ9.ksVArSvFomuO3sRQQAR4qoh3zV2jLeHnOVspWcLJhTvQm2CxsejLHZGvzBbu0MKmdm_lDYASK3Hk9fV6jJsvhG6FIaYxRn6qlbXCxa_T4D7PyFmUKq5H3xK3yCTRcJL6Ms2ejcwfN05KYGFV-brtkGjYnI4m63dyMcPM9j3k7vL22ciME4ylio-cwCQZnyiC2JWmYTjxKO5AXkHoNDi1slU3Ex6dmlywAEtgWdWvFN7I45I6KKc40xNlM8yGPgB6oHFNb56euSkHIeEHQr4FPsNyf6H2aYrd5tBwTtU6-g0.-pri1kzoDk4Jc5GKNBLRv3dKa7WMG2kz0plLg-hjXPI&dib_tag=se&keywords=tenis+de+corrida&qid=1761925673&sprefix=tenis+de+corrida%2Caps%2C739&sr=8-194&ufe=app_do%3Aamzn1.fos.6d798eae-cadf-45de-946a-f477d47705b9&xpid=ERuU6uEzXaAxz
3.5,Tênis Casuais,,2025-10-31,,,Disponível,Masculino,Amazon,OLDSEN,Textil,Tenis Masculino feminino unissex Oldsen Insanity corrida academia caminhada 34-43,,59.9,37.15,13,,,Cadarço,Borracha,https://m.media-amazon.com/images/I/51wgGDm-HUL._AC_SY395_SX395_QL70_ML2_.jpg,https://www.amazon.com.br/Masculino-feminino-Insanity-academia-caminhada/dp/B0C6338XVJ/ref=sr_1_194?crid=DLJ5Z8MJX9ZM&dib=eyJ2IjoiMSJ9.ksVArSvFomuO3sRQQAR4qoh3zV2jLeHnOVspWcLJhTvQm2CxsejLHZGvzBbu0MKmdm_lDYASK3Hk9fV6jJsvhG6FIaYxRn6qlbXCxa_T4D7PyFmUKq5H3xK3yCTRcJL6Ms2ejcwfN05KYGFV-brtkGjYnI4m63dyMcPM9j3k7vL22ciME4ylio-cwCQZnyiC2JWmYTjxKO5AXkHoNDi1slU3Ex6dmlywAEtgWdWvFN7I45I6KKc40xNlM8yGPgB6oHFNb56euSkHIeEHQr4FPsNyf6H2aYrd5tBwTtU6-g0.-pri1kzoDk4Jc5GKNBLRv3dKa7WMG2kz0plLg-hjXPI&dib_tag=se&keywords=tenis+de+corrida&qid=1761925673&sprefix=tenis+de+corrida%2Caps%2C739&sr=8-194&ufe=app_do%3Aamzn1.fos.6d798eae-cadf-45de-946a-f477d47705b9&xpid=ERuU6uEzXaAxz
4.1,Corrida de Rua,,2025-10-31,,,Disponível,Masculino,Amazon,DM DAMANDO,Nylon,DM Damando Tênis Masculino Academia Corrida Treino Esportivo Caminhada Confortável e Leve Branco,,64.9,37.15,285,,,Cadarço,Borracha,https://m.media-amazon.com/images/I/611uvAUUNAL._AC_SY395_SX395_QL70_ML2_.jpg,https://www.amazon.com.br/Masculino-Corrida-Caminhada-Academia-Num%C3%A9rico/dp/B0DF492GSH/ref=is_sr_s_dp_5?crid=DLJ5Z8MJX9ZM&dib=eyJ2IjoiMSJ9.ksVArSvFomuO3sRQQAR4qoh3zV2jLeHnOVspWcLJhTvQm2CxsejLHZGvzBbu0MKmdm_lDYASK3Hk9fV6jJsvhG6FIaYxRn6qlbXCxa_T4D7PyFmUKq5H3xK3yCTRcJL6Ms2ejcwfN05KYGFV-brtkGjYnI4m63dyMcPM9j3k7vL22ciME4ylio-cwCQZnyiC2JWmYTjxKO5AXkHoNDi1slU3Ex6dmlywAEtgWdWvFN7I45I6KKc40xNlM8yGPgB6oHFNb56euSkHIeEHQr4FPsNyf6H2aYrd5tBwTtU6-g0.-pri1kzoDk4Jc5GKNBLRv3dKa7WMG2kz0plLg-hjXPI&dib_tag=se&keywords=tenis+de+corrida&qid=1761925673&sprefix=tenis+de+corrida%2Caps%2C739&sr=8-193&ufe=app_do%3Aamzn1.fos.6d798eae-cadf-45de-946a-f477d47705b9&xpid=ERuU6uEzXaAxz
4.1,Corrida de Rua,,2025-10-31,,,Disponível,Masculino,Amazon,DM DAMANDO,Nylon,DM Damando Tênis Masculino Academia Corrida Treino Esportivo Caminhada Confortável e Leve Branco,,64.9,37.15,285,,,Cadarço,Borracha,https://m.media-amazon.com/images/I/61wxhzstjAL._AC_SY395_SX395_QL70_ML2_.jpg,https://www.amazon.com.br/Masculino-Corrida-Caminhada-Academia-Num%C3%A9rico/dp/B0DF43XFKT/ref=is_sr_s_dp_4?crid=DLJ5Z8MJX9ZM&dib=eyJ2IjoiMSJ9.ksVArSvFomuO3sRQQAR4qoh3zV2jLeHnOVspWcLJhTvQm2CxsejLHZGvzBbu0MKmdm_lDYASK3Hk9fV6jJsvhG6FIaYxRn6qlbXCxa_T4D7PyFmUKq5H3xK3yCTRcJL6Ms2ejcwfN05KYGFV-brtkGjYnI4m63dyMcPM9j3k7vL22ciME4ylio-cwCQZnyiC2JWmYTjxKO5AXkHoNDi1slU3Ex6dmlywAEtgWdWvFN7I45I6KKc40xNlM8yGPgB6oHFNb56euSkHIeEHQr4FPsNyf6H2aYrd5tBwTtU6-g0.-pri1kzoDk4Jc5GKNBLRv3dKa7WMG2kz0plLg-hjXPI&dib_tag=se&keywords=tenis+de+corrida&qid=1761925673&sprefix=tenis+de+corrida%2Caps%2C739&sr=8-193&ufe=app_do%3Aamzn1.fos.6d798eae-cadf-45de-946a-f477d47705b9&xpid=ERuU6uEzXaAxz
4.1,Corrida de Rua,,2025-10-31,,,Disponível,Masculino,Amazon,DM DAMANDO,Malha,DM Damando Tênis Masculino Academia Corrida Treino Esportivo Caminhada Confortável e Leve Branco,,64.9,37.15,285,,,Cadarço,Borracha,https://m.media-amazon.com/images/I/611+Vn+2MjL._AC_SY395_SX395_QL70_ML2_.jpg,https://www.amazon.com.br/Masculino-Corrida-Caminhada-Academia-Num%C3%A9rico/dp/B0DF48SFRJ/ref=is_sr_s_dp_3?crid=DLJ5Z8MJX9ZM&dib=eyJ2IjoiMSJ9.ksVArSvFomuO3sRQQAR4qoh3zV2jLeHnOVspWcLJhTvQm2CxsejLHZGvzBbu0MKmdm_lDYASK3Hk9fV6jJsvhG6FIaYxRn6qlbXCxa_T4D7PyFmUKq5H3xK3yCTRcJL6Ms2ejcwfN05KYGFV-brtkGjYnI4m63dyMcPM9j3k7vL22ciME4ylio-cwCQZnyiC2JWmYTjxKO5AXkHoNDi1slU3Ex6dmlywAEtgWdWvFN7I45I6KKc40xNlM8yGPgB6oHFNb56euSkHIeEHQr4FPsNyf6H2aYrd5tBwTtU6-g0.-pri1kzoDk4Jc5GKNBLRv3dKa7WMG2kz0plLg-hjXPI&dib_tag=se&keywords=tenis+de+corrida&qid=1761925673&sprefix=tenis+de+corrida%2Caps%2C739&sr=8-193&ufe=app_do%3Aamzn1.fos.6d798eae-cadf-45de-946a-f477d47705b9&xpid=ERuU6uEzXaAxz
4.1,Corrida de Rua,,2025-10-31,,,Disponível,Masculino,Amazon,DM DAMANDO,Nylon,DM Damando Tênis Masculino Academia Corrida Treino Esportivo Caminhada Confortável e Leve Branco,,64.9,,285,,,Cadarço,Borracha,https://m.media-amazon.com/images/I/611bbIh-mJL._AC_SY395_SX395_QL70_ML2_.jpg,https://www.amazon.com.br/Masculino-Corrida-Caminhada-Academia-Num%C3%A9rico/dp/B0DF4ZHCLB/ref=is_sr_s_dp_2?crid=DLJ5Z8MJX9ZM&dib=eyJ2IjoiMSJ9.ksVArSvFomuO3sRQQAR4qoh3zV2jLeHnOVspWcLJhTvQm2CxsejLHZGvzBbu0MKmdm_lDYASK3Hk9fV6jJsvhG6FIaYxRn6qlbXCxa_T4D7PyFmUKq5H3xK3yCTRcJL6Ms2ejcwfN05KYGFV-brtkGjYnI4m63dyMcPM9j3k7vL22ciME4ylio-cwCQZnyiC2JWmYTjxKO5AXkHoNDi1slU3Ex6dmlywAEtgWdWvFN7I45I6KKc40xNlM8yGPgB6oHFNb56euSkHIeEHQr4FPsNyf6H2aYrd5tBwTtU6-g0.-pri1kzoDk4Jc5GKNBLRv3dKa7WMG2kz0plLg-hjXPI&dib_tag=se&keywords=tenis+de+corrida&qid=1761925673&sprefix=tenis+de+corrida%2Caps%2C739&sr=8-193&ufe=app_do%3Aamzn1.fos.6d798eae-cadf-45de-946a-f477d47705b9&xpid=ERuU6uEzXaAxz
4.1,Corrida de Rua,,2025-10-31,,,Disponível,Masculino,Amazon,DM DAMANDO,Nylon,DM Damando Tênis Masculino Academia Corrida Treino Esportivo Caminhada Confortável e Leve Branco,,64.9,37.15,285,,,Cadarço,Borracha,https://m.media-amazon.com/images/I/61oiNckdZ8L._AC_SY395_SX395_QL70_ML2_.jpg,https://www.amazon.com.br/Masculino-Corrida-Caminhada-Academia-Num%C3%A9rico/dp/B0DF4XDM27/ref=is_sr_s_dp_1?crid=DLJ5Z8MJX9ZM&dib=eyJ2IjoiMSJ9.ksVArSvFomuO3sRQQAR4qoh3zV2jLeHnOVspWcLJhTvQm2CxsejLHZGvzBbu0MKmdm_lDYASK3Hk9fV6jJsvhG6FIaYxRn6qlbXCxa_T4D7PyFmUKq5H3xK3yCTRcJL6Ms2ejcwfN05KYGFV-brtkGjYnI4m63dyMcPM9j3k7vL22ciME4ylio-cwCQZnyiC2JWmYTjxKO5AXkHoNDi1slU3Ex6dmlywAEtgWdWvFN7I45I6KKc40xNlM8yGPgB6oHFNb56euSkHIeEHQr4FPsNyf6H2aYrd5tBwTtU6-g0.-pri1kzoDk4Jc5GKNBLRv3dKa7WMG2kz0plLg-hjXPI&dib_tag=se&keywords=tenis+de+corrida&qid=1761925673&sprefix=tenis+de+corrida%2Caps%2C739&sr=8-193&ufe=app_do%3Aamzn1.fos.6d798eae-cadf-45de-946a-f477d47705b9&xpid=ERuU6uEzXaAxz
4.1,Corrida de Rua,,2025-10-31,,,Disponível,Masculino,Amazon,DM DAMANDO,Nylon,DM Damando Tênis Masculino Academia Corrida Treino Esportivo Caminhada Confortável e Leve Branco,,64.9,37.15,285,,,Cadarço,Borracha,https://m.media-amazon.com/images/I/61oiNckdZ8L._AC_SY395_SX395_QL70_ML2_.jpg,https://www.amazon.com.br/Masculino-Corrida-Caminhada-Academia-Num%C3%A9rico/dp/B0DF4XDM27/ref=sr_1_193?crid=DLJ5Z8MJX9ZM&dib=eyJ2IjoiMSJ9.ksVArSvFomuO3sRQQAR4qoh3zV2jLeHnOVspWcLJhTvQm2CxsejLHZGvzBbu0MKmdm_lDYASK3Hk9fV6jJsvhG6FIaYxRn6qlbXCxa_T4D7PyFmUKq5H3xK3yCTRcJL6Ms2ejcwfN05KYGFV-brtkGjYnI4m63dyMcPM9j3k7vL22ciME4ylio-cwCQZnyiC2JWmYTjxKO5AXkHoNDi1slU3Ex6dmlywAEtgWdWvFN7I45I6KKc40xNlM8yGPgB6oHFNb56euSkHIeEHQr4FPsNyf6H2aYrd5tBwTtU6-g0.-pri1kzoDk4Jc5GKNBLRv3dKa7WMG2kz0plLg-hjXPI&dib_tag=se&keywords=tenis+de+corrida&qid=1761925673&sprefix=tenis+de+corrida%2Caps%2C739&sr=8-193&ufe=app_do%3Aamzn1.fos.6d798eae-cadf-45de-946a-f477d47705b9&xpid=ERuU6uEzXaAxz
4.2,Corrida de Rua,,2025-10-31,,,Disponível,Feminino,Amazon,BF Shoes,Nylon,Tênis Feminino Academia Treino Malhar Musculação Olymp BF Shoes,,109.9,37.15,73,,,Cadarço,Microexpandido Confortável,https://m.media-amazon.com/images/I/61AYTOm-tAL._AC_SY395_SX395_QL70_ML2_.jpg,https://www.amazon.com.br/Feminino-Academia-Muscula%C3%A7%C3%A3o-BF-Shoes/dp/B0D9DXF5CC/ref=sr_1_192?crid=DLJ5Z8MJX9ZM&dib=eyJ2IjoiMSJ9.ksVArSvFomuO3sRQQAR4qoh3zV2jLeHnOVspWcLJhTvQm2CxsejLHZGvzBbu0MKmdm_lDYASK3Hk9fV6jJsvhG6FIaYxRn6qlbXCxa_T4D7PyFmUKq5H3xK3yCTRcJL6Ms2ejcwfN05KYGFV-brtkGjYnI4m63dyMcPM9j3k7vL22ciME4ylio-cwCQZnyiC2JWmYTjxKO5AXkHoNDi1slU3Ex6dmlywAEtgWdWvFN7I45I6KKc40xNlM8yGPgB6oHFNb56euSkHIeEHQr4FPsNyf6H2aYrd5tBwTtU6-g0.-pri1kzoDk4Jc5GKNBLRv3dKa7WMG2kz0plLg-hjXPI&dib_tag=se&keywords=tenis+de+corrida&qid=1761925673&sprefix=tenis+de+corrida%2Caps%2C739&sr=8-192&ufe=app_do%3Aamzn1.fos.6121c6c4-c969-43ae-92f7-cc248fc6181d&xpid=ERuU6uEzXaAxz
4.3,Corrida de Rua,,2025-10-31,,,Disponível,Masculino,Amazon,Luiza Paula,Nylon,Tênis Feminino Masculino Academia Confortável Macio Corrida,,99.9,37.15,95,,,Cadarço,Acetato vinilo de etileno,https://m.media-amazon.com/images/I/516GewHEWYL._AC_SY395_SX395_QL70_ML2_.jpg,https://www.amazon.com.br/Feminino-Masculino-Academia-Confort%C3%A1vel-Corrida/dp/B0C91NHGKG/ref=is_sr_dp_n?crid=DLJ5Z8MJX9ZM&dib=eyJ2IjoiMSJ9.ksVArSvFomuO3sRQQAR4qoh3zV2jLeHnOVspWcLJhTvQm2CxsejLHZGvzBbu0MKmdm_lDYASK3Hk9fV6jJsvhG6FIaYxRn6qlbXCxa_T4D7PyFmUKq5H3xK3yCTRcJL6Ms2ejcwfN05KYGFV-brtkGjYnI4m63dyMcPM9j3k7vL22ciME4ylio-cwCQZnyiC2JWmYTjxKO5AXkHoNDi1slU3Ex6dmlywAEtgWdWvFN7I45I6KKc40xNlM8yGPgB6oHFNb56euSkHIeEHQr4FPsNyf6H2aYrd5tBwTtU6-g0.-pri1kzoDk4Jc5GKNBLRv3dKa7WMG2kz0plLg-hjXPI&dib_tag=se&keywords=tenis+de+corrida&qid=1761925673&sprefix=tenis+de+corrida%2Caps%2C739&sr=8-190&ufe=app_do%3Aamzn1.fos.6d798eae-cadf-45de-946a-f477d47705b9&xpid=ERuU6uEzXaAxz
4.3,Corrida de Rua,,2025-10-31,,,Disponível,Masculino,Amazon,Luiza Paula,Nylon,Tênis Feminino Masculino Academia Confortável Macio Corrida,,99.9,37.15,95,,,Cadarço,Borracha,https://m.media-amazon.com/images/I/61RjNubDxRL._AC_SY395_SX395_QL70_ML2_.jpg,https://www.amazon.com.br/Feminino-Masculino-Academia-Confort%C3%A1vel-Corrida/dp/B0C929CXPM/ref=is_sr_dp_6?crid=DLJ5Z8MJX9ZM&dib=eyJ2IjoiMSJ9.ksVArSvFomuO3sRQQAR4qoh3zV2jLeHnOVspWcLJhTvQm2CxsejLHZGvzBbu0MKmdm_lDYASK3Hk9fV6jJsvhG6FIaYxRn6qlbXCxa_T4D7PyFmUKq5H3xK3yCTRcJL6Ms2ejcwfN05KYGFV-brtkGjYnI4m63dyMcPM9j3k7vL22ciME4ylio-cwCQZnyiC2JWmYTjxKO5AXkHoNDi1slU3Ex6dmlywAEtgWdWvFN7I45I6KKc40xNlM8yGPgB6oHFNb56euSkHIeEHQr4FPsNyf6H2aYrd5tBwTtU6-g0.-pri1kzoDk4Jc5GKNBLRv3dKa7WMG2kz0plLg-hjXPI&dib_tag=se&keywords=tenis+de+corrida&qid=1761925673&sprefix=tenis+de+corrida%2Caps%2C739&sr=8-190&ufe=app_do%3Aamzn1.fos.6d798eae-cadf-45de-946a-f477d47705b9&xpid=ERuU6uEzXaAxz
4.3,Corrida de Rua,,2025-10-31,,,Disponível,Masculino,Amazon,Luiza Paula,Nylon,Tênis Feminino Masculino Academia Confortável Macio Corrida,,99.9,37.15,95,,,Cadarço,Acetato vinilo de etileno,https://m.media-amazon.com/images/I/61wFQEllIwL._AC_SY395_SX395_QL70_ML2_.jpg,https://www.amazon.com.br/Feminino-Masculino-Academia-Confort%C3%A1vel-Corrida/dp/B0C926W9LZ/ref=is_sr_s_dp_4?crid=DLJ5Z8MJX9ZM&dib=eyJ2IjoiMSJ9.ksVArSvFomuO3sRQQAR4qoh3zV2jLeHnOVspWcLJhTvQm2CxsejLHZGvzBbu0MKmdm_lDYASK3Hk9fV6jJsvhG6FIaYxRn6qlbXCxa_T4D7PyFmUKq5H3xK3yCTRcJL6Ms2ejcwfN05KYGFV-brtkGjYnI4m63dyMcPM9j3k7vL22ciME4ylio-cwCQZnyiC2JWmYTjxKO5AXkHoNDi1slU3Ex6dmlywAEtgWdWvFN7I45I6KKc40xNlM8yGPgB6oHFNb56euSkHIeEHQr4FPsNyf6H2aYrd5tBwTtU6-g0.-pri1kzoDk4Jc5GKNBLRv3dKa7WMG2kz0plLg-hjXPI&dib_tag=se&keywords=tenis+de+corrida&qid=1761925673&sprefix=tenis+de+corrida%2Caps%2C739&sr=8-190&ufe=app_do%3Aamzn1.fos.6d798eae-cadf-45de-946a-f477d47705b9&xpid=ERuU6uEzXaAxz
4.3,Corrida de Rua,,2025-10-31,,,Disponível,Masculino,Amazon,Luiza Paula,Nylon,Tênis Feminino Masculino Academia Confortável Macio Corrida,,99.9,37.15,95,,,Cadarço,Acetato vinilo de etileno,https://m.media-amazon.com/images/I/61qkEgTmmNL._AC_SY395_SX395_QL70_ML2_.jpg,https://www.amazon.com.br/Feminino-Masculino-Academia-Confort%C3%A1vel-Corrida/dp/B0C91T4FQL/ref=is_sr_dp_2?crid=DLJ5Z8MJX9ZM&dib=eyJ2IjoiMSJ9.ksVArSvFomuO3sRQQAR4qoh3zV2jLeHnOVspWcLJhTvQm2CxsejLHZGvzBbu0MKmdm_lDYASK3Hk9fV6jJsvhG6FIaYxRn6qlbXCxa_T4D7PyFmUKq5H3xK3yCTRcJL6Ms2ejcwfN05KYGFV-brtkGjYnI4m63dyMcPM9j3k7vL22ciME4ylio-cwCQZnyiC2JWmYTjxKO5AXkHoNDi1slU3Ex6dmlywAEtgWdWvFN7I45I6KKc40xNlM8yGPgB6oHFNb56euSkHIeEHQr4FPsNyf6H2aYrd5tBwTtU6-g0.-pri1kzoDk4Jc5GKNBLRv3dKa7WMG2kz0plLg-hjXPI&dib_tag=se&keywords=tenis+de+corrida&qid=1761925673&sprefix=tenis+de+corrida%2Caps%2C739&sr=8-190&ufe=app_do%3Aamzn1.fos.6d798eae-cadf-45de-946a-f477d47705b9&xpid=ERuU6uEzXaAxz
4.3,Corrida de Rua,,2025-10-31,,,Disponível,Masculino,Amazon,Luiza Paula,Nylon,Tênis Feminino Masculino Academia Confortável Macio Corrida,,99.9,37.15,95,,,Cadarço,Acetato vinilo de etileno,https://m.media-amazon.com/images/I/516GewHEWYL._AC_SY395_SX395_QL70_ML2_.jpg,https://www.amazon.com.br/Feminino-Masculino-Academia-Confort%C3%A1vel-Corrida/dp/B0C91NHGKG/ref=is_sr_s_dp_1?crid=DLJ5Z8MJX9ZM&dib=eyJ2IjoiMSJ9.ksVArSvFomuO3sRQQAR4qoh3zV2jLeHnOVspWcLJhTvQm2CxsejLHZGvzBbu0MKmdm_lDYASK3Hk9fV6jJsvhG6FIaYxRn6qlbXCxa_T4D7PyFmUKq5H3xK3yCTRcJL6Ms2ejcwfN05KYGFV-brtkGjYnI4m63dyMcPM9j3k7vL22ciME4ylio-cwCQZnyiC2JWmYTjxKO5AXkHoNDi1slU3Ex6dmlywAEtgWdWvFN7I45I6KKc40xNlM8yGPgB6oHFNb56euSkHIeEHQr4FPsNyf6H2aYrd5tBwTtU6-g0.-pri1kzoDk4Jc5GKNBLRv3dKa7WMG2kz0plLg-hjXPI&dib_tag=se&keywords=tenis+de+corrida&qid=1761925673&sprefix=tenis+de+corrida%2Caps%2C739&sr=8-190&ufe=app_do%3Aamzn1.fos.6d798eae-cadf-45de-946a-f477d47705b9&xpid=ERuU6uEzXaAxz
4.3,Corrida de Rua,,2025-10-31,,,Disponível,Masculino,Amazon,Luiza Paula,Nylon,Tênis Feminino Masculino Academia Confortável Macio Corrida,,99.9,37.15,95,,,Cadarço,Acetato vinilo de etileno,https://m.media-amazon.com/images/I/516GewHEWYL._AC_SY395_SX395_QL70_ML2_.jpg,https://www.amazon.com.br/Feminino-Masculino-Academia-Confort%C3%A1vel-Corrida/dp/B0C91NHGKG/ref=sr_1_190?crid=DLJ5Z8MJX9ZM&dib=eyJ2IjoiMSJ9.ksVArSvFomuO3sRQQAR4qoh3zV2jLeHnOVspWcLJhTvQm2CxsejLHZGvzBbu0MKmdm_lDYASK3Hk9fV6jJsvhG6FIaYxRn6qlbXCxa_T4D7PyFmUKq5H3xK3yCTRcJL6Ms2ejcwfN05KYGFV-brtkGjYnI4m63dyMcPM9j3k7vL22ciME4ylio-cwCQZnyiC2JWmYTjxKO5AXkHoNDi1slU3Ex6dmlywAEtgWdWvFN7I45I6KKc40xNlM8yGPgB6oHFNb56euSkHIeEHQr4FPsNyf6H2aYrd5tBwTtU6-g0.-pri1kzoDk4Jc5GKNBLRv3dKa7WMG2kz0plLg-hjXPI&dib_tag=se&keywords=tenis+de+corrida&qid=1761925673&sprefix=tenis+de+corrida%2Caps%2C739&sr=8-190&ufe=app_do%3Aamzn1.fos.6d798eae-cadf-45de-946a-f477d47705b9&xpid=ERuU6uEzXaAxz
4.5,Corrida de Rua,,2025-10-31,20.0,,Disponível,Masculino,Amazon,Genérico,"Malha, Têxtil Respirável",Tênis Masculino Esportivo Para Academia de Caminhada Original Leve Confortável,,69.912,87.39,57,,,Cadarço,"Ultrasoft, Micro Expandido",https://m.media-amazon.com/images/I/51S8uaq6KvL._AC_SY395_SX395_QL70_ML2_.jpg,https://www.amazon.com.br/Masculino-Esportivo-Academia-Caminhada-Confort%C3%A1vel/dp/B0DJG1LCTD/ref=is_sr_dp_2?crid=DLJ5Z8MJX9ZM&dib=eyJ2IjoiMSJ9.ksVArSvFomuO3sRQQAR4qoh3zV2jLeHnOVspWcLJhTvQm2CxsejLHZGvzBbu0MKmdm_lDYASK3Hk9fV6jJsvhG6FIaYxRn6qlbXCxa_T4D7PyFmUKq5H3xK3yCTRcJL6Ms2ejcwfN05KYGFV-brtkGjYnI4m63dyMcPM9j3k7vL22ciME4ylio-cwCQZnyiC2JWmYTjxKO5AXkHoNDi1slU3Ex6dmlywAEtgWdWvFN7I45I6KKc40xNlM8yGPgB6oHFNb56euSkHIeEHQr4FPsNyf6H2aYrd5tBwTtU6-g0.-pri1kzoDk4Jc5GKNBLRv3dKa7WMG2kz0plLg-hjXPI&dib_tag=se&keywords=tenis+de+corrida&qid=1761925673&sprefix=tenis+de+corrida%2Caps%2C739&sr=8-189&ufe=app_do%3Aamzn1.fos.6d798eae-cadf-45de-946a-f477d47705b9&xpid=ERuU6uEzXaAxz
4.5,Corrida de Rua,,2025-10-31,20.0,,Disponível,Masculino,Amazon,Genérico,Têxtil sintético respirável,Tênis Masculino Esportivo Para Academia de Caminhada Original Leve Confortável,,69.912,87.39,57,,,Cadarço,Borracha,https://m.media-amazon.com/images/I/51sJoTrngrL._AC_SY395_SX395_QL70_ML2_.jpg,https://www.amazon.com.br/Masculino-Esportivo-Academia-Caminhada-Confort%C3%A1vel/dp/B0DJG1LN8F/ref=is_sr_s_dp_1?crid=DLJ5Z8MJX9ZM&dib=eyJ2IjoiMSJ9.ksVArSvFomuO3sRQQAR4qoh3zV2jLeHnOVspWcLJhTvQm2CxsejLHZGvzBbu0MKmdm_lDYASK3Hk9fV6jJsvhG6FIaYxRn6qlbXCxa_T4D7PyFmUKq5H3xK3yCTRcJL6Ms2ejcwfN05KYGFV-brtkGjYnI4m63dyMcPM9j3k7vL22ciME4ylio-cwCQZnyiC2JWmYTjxKO5AXkHoNDi1slU3Ex6dmlywAEtgWdWvFN7I45I6KKc40xNlM8yGPgB6oHFNb56euSkHIeEHQr4FPsNyf6H2aYrd5tBwTtU6-g0.-pri1kzoDk4Jc5GKNBLRv3dKa7WMG2kz0plLg-hjXPI&dib_tag=se&keywords=tenis+de+corrida&qid=1761925673&sprefix=tenis+de+corrida%2Caps%2C739&sr=8-189&ufe=app_do%3Aamzn1.fos.6d798eae-cadf-45de-946a-f477d47705b9&xpid=ERuU6uEzXaAxz
3.2,Corrida de Rua,,2025-10-31,,,Disponível,Feminino,Amazon,Genérico,Nylon,Tenis Feminino Confortavel Esportivo Corrida Academia,,78.7,37.15,7,,,Cadarço,Borracha sintética,https://m.media-amazon.com/images/I/61mLKvYUCSL._AC_SY395_SX395_QL70_ML2_.jpg,https://www.amazon.com.br/Feminino-Confortavel-Esportivo-Academia-Num%C3%A9rico/dp/B0F6425J3F/ref=is_sr_dp_n?crid=DLJ5Z8MJX9ZM&dib=eyJ2IjoiMSJ9.ksVArSvFomuO3sRQQAR4qoh3zV2jLeHnOVspWcLJhTvQm2CxsejLHZGvzBbu0MKmdm_lDYASK3Hk9fV6jJsvhG6FIaYxRn6qlbXCxa_T4D7PyFmUKq5H3xK3yCTRcJL6Ms2ejcwfN05KYGFV-brtkGjYnI4m63dyMcPM9j3k7vL22ciME4ylio-cwCQZnyiC2JWmYTjxKO5AXkHoNDi1slU3Ex6dmlywAEtgWdWvFN7I45I6KKc40xNlM8yGPgB6oHFNb56euSkHIeEHQr4FPsNyf6H2aYrd5tBwTtU6-g0.-pri1kzoDk4Jc5GKNBLRv3dKa7WMG2kz0plLg-hjXPI&dib_tag=se&keywords=tenis+de+corrida&qid=1761925673&sprefix=tenis+de+corrida%2Caps%2C739&sr=8-188&ufe=app_do%3Aamzn1.fos.6d798eae-cadf-45de-946a-f477d47705b9&xpid=ERuU6uEzXaAxz
3.2,Corrida de Rua,,2025-10-31,,,Disponível,Feminino,Amazon,Genérico,Nylon,Tenis Feminino Confortavel Esportivo Corrida Academia,,78.7,37.15,7,,,Cadarço,Borracha,https://m.media-amazon.com/images/I/617dKQ88QqL._AC_SY395_SX395_QL70_ML2_.jpg,https://www.amazon.com.br/Feminino-Confortavel-Esportivo-Academia-Num%C3%A9rico/dp/B0F3WCZ2YG/ref=is_sr_s_dp_6?crid=DLJ5Z8MJX9ZM&dib=eyJ2IjoiMSJ9.ksVArSvFomuO3sRQQAR4qoh3zV2jLeHnOVspWcLJhTvQm2CxsejLHZGvzBbu0MKmdm_lDYASK3Hk9fV6jJsvhG6FIaYxRn6qlbXCxa_T4D7PyFmUKq5H3xK3yCTRcJL6Ms2ejcwfN05KYGFV-brtkGjYnI4m63dyMcPM9j3k7vL22ciME4ylio-cwCQZnyiC2JWmYTjxKO5AXkHoNDi1slU3Ex6dmlywAEtgWdWvFN7I45I6KKc40xNlM8yGPgB6oHFNb56euSkHIeEHQr4FPsNyf6H2aYrd5tBwTtU6-g0.-pri1kzoDk4Jc5GKNBLRv3dKa7WMG2kz0plLg-hjXPI&dib_tag=se&keywords=tenis+de+corrida&qid=1761925673&sprefix=tenis+de+corrida%2Caps%2C739&sr=8-188&ufe=app_do%3Aamzn1.fos.6d798eae-cadf-45de-946a-f477d47705b9&xpid=ERuU6uEzXaAxz
3.2,Corrida de Rua,,2025-10-31,,,Disponível,Feminino,Amazon,Genérico,Nylon,Tenis Feminino Confortavel Esportivo Corrida Academia,,78.7,37.15,7,,,Cadarço,Borracha,https://m.media-amazon.com/images/I/612u7EKKV1L._AC_SY395_SX395_QL70_ML2_.jpg,https://www.amazon.com.br/Feminino-Confortavel-Esportivo-Academia-Num%C3%A9rico/dp/B0F3WCSD5Y/ref=is_sr_s_dp_5?crid=DLJ5Z8MJX9ZM&dib=eyJ2IjoiMSJ9.ksVArSvFomuO3sRQQAR4qoh3zV2jLeHnOVspWcLJhTvQm2CxsejLHZGvzBbu0MKmdm_lDYASK3Hk9fV6jJsvhG6FIaYxRn6qlbXCxa_T4D7PyFmUKq5H3xK3yCTRcJL6Ms2ejcwfN05KYGFV-brtkGjYnI4m63dyMcPM9j3k7vL22ciME4ylio-cwCQZnyiC2JWmYTjxKO5AXkHoNDi1slU3Ex6dmlywAEtgWdWvFN7I45I6KKc40xNlM8yGPgB6oHFNb56euSkHIeEHQr4FPsNyf6H2aYrd5tBwTtU6-g0.-pri1kzoDk4Jc5GKNBLRv3dKa7WMG2kz0plLg-hjXPI&dib_tag=se&keywords=tenis+de+corrida&qid=1761925673&sprefix=tenis+de+corrida%2Caps%2C739&sr=8-188&ufe=app_do%3Aamzn1.fos.6d798eae-cadf-45de-946a-f477d47705b9&xpid=ERuU6uEzXaAxz
3.2,Tênis para Academia,,2025-10-31,,,Disponível,Feminino,Amazon,Genérico,Nylon,Tenis Feminino Confortavel Esportivo Corrida Academia,,78.7,,7,,,Cadarço,Borracha,https://m.media-amazon.com/images/I/611jDOGVnaL._AC_SY395_SX395_QL70_ML2_.jpg,https://www.amazon.com.br/Feminino-Confortavel-Esportivo-Academia-Num%C3%A9rico/dp/B0F3WC1XR4/ref=is_sr_dp_3?crid=DLJ5Z8MJX9ZM&dib=eyJ2IjoiMSJ9.ksVArSvFomuO3sRQQAR4qoh3zV2jLeHnOVspWcLJhTvQm2CxsejLHZGvzBbu0MKmdm_lDYASK3Hk9fV6jJsvhG6FIaYxRn6qlbXCxa_T4D7PyFmUKq5H3xK3yCTRcJL6Ms2ejcwfN05KYGFV-brtkGjYnI4m63dyMcPM9j3k7vL22ciME4ylio-cwCQZnyiC2JWmYTjxKO5AXkHoNDi1slU3Ex6dmlywAEtgWdWvFN7I45I6KKc40xNlM8yGPgB6oHFNb56euSkHIeEHQr4FPsNyf6H2aYrd5tBwTtU6-g0.-pri1kzoDk4Jc5GKNBLRv3dKa7WMG2kz0plLg-hjXPI&dib_tag=se&keywords=tenis+de+corrida&qid=1761925673&sprefix=tenis+de+corrida%2Caps%2C739&sr=8-188&ufe=app_do%3Aamzn1.fos.6d798eae-cadf-45de-946a-f477d47705b9&xpid=ERuU6uEzXaAxz
3.2,Corrida de Rua,,2025-10-31,,,Disponível,Feminino,Amazon,Genérico,Nylon,Tenis Feminino Confortavel Esportivo Corrida Academia,,78.7,37.15,7,,,Cadarço,Borracha sintética,https://m.media-amazon.com/images/I/61mLKvYUCSL._AC_SY395_SX395_QL70_ML2_.jpg,https://www.amazon.com.br/Feminino-Confortavel-Esportivo-Academia-Num%C3%A9rico/dp/B0F6425J3F/ref=is_sr_dp_1?crid=DLJ5Z8MJX9ZM&dib=eyJ2IjoiMSJ9.ksVArSvFomuO3sRQQAR4qoh3zV2jLeHnOVspWcLJhTvQm2CxsejLHZGvzBbu0MKmdm_lDYASK3Hk9fV6jJsvhG6FIaYxRn6qlbXCxa_T4D7PyFmUKq5H3xK3yCTRcJL6Ms2ejcwfN05KYGFV-brtkGjYnI4m63dyMcPM9j3k7vL22ciME4ylio-cwCQZnyiC2JWmYTjxKO5AXkHoNDi1slU3Ex6dmlywAEtgWdWvFN7I45I6KKc40xNlM8yGPgB6oHFNb56euSkHIeEHQr4FPsNyf6H2aYrd5tBwTtU6-g0.-pri1kzoDk4Jc5GKNBLRv3dKa7WMG2kz0plLg-hjXPI&dib_tag=se&keywords=tenis+de+corrida&qid=1761925673&sprefix=tenis+de+corrida%2Caps%2C739&sr=8-188&ufe=app_do%3Aamzn1.fos.6d798eae-cadf-45de-946a-f477d47705b9&xpid=ERuU6uEzXaAxz
,Corrida de Rua,,2025-10-31,5.0,,Disponível,Masculino,Amazon,Genérico,Nylon,Tênis Esportivo Masculino Leve Confortável 5 Cores Academia Corrida Treino Solado Borracha Tamanhos 37 ao 43,,74.955,78.9,,,,Cadarço,Borracha,https://m.media-amazon.com/images/I/61CZtPES2NL._AC_SY395_SX395_QL70_ML2_.jpg,https://www.amazon.com.br/Esportivo-Masculino-Confort%C3%A1vel-Academia-Borracha/dp/B0FL17S6MM/ref=is_sr_s_dp_1?crid=DLJ5Z8MJX9ZM&dib=eyJ2IjoiMSJ9.ksVArSvFomuO3sRQQAR4qoh3zV2jLeHnOVspWcLJhTvQm2CxsejLHZGvzBbu0MKmdm_lDYASK3Hk9fV6jJsvhG6FIaYxRn6qlbXCxa_T4D7PyFmUKq5H3xK3yCTRcJL6Ms2ejcwfN05KYGFV-brtkGjYnI4m63dyMcPM9j3k7vL22ciME4ylio-cwCQZnyiC2JWmYTjxKO5AXkHoNDi1slU3Ex6dmlywAEtgWdWvFN7I45I6KKc40xNlM8yGPgB6oHFNb56euSkHIeEHQr4FPsNyf6H2aYrd5tBwTtU6-g0.-pri1kzoDk4Jc5GKNBLRv3dKa7WMG2kz0plLg-hjXPI&dib_tag=se&keywords=tenis+de+corrida&qid=1761925673&sprefix=tenis+de+corrida%2Caps%2C739&sr=8-187&ufe=app_do%3Aamzn1.fos.6d798eae-cadf-45de-946a-f477d47705b9&xpid=ERuU6uEzXaAxz
,Corrida de Rua,,2025-10-31,5.0,,Disponível,Masculino,Amazon,Genérico,Nylon,Tênis Esportivo Masculino Leve Confortável 5 Cores Academia Corrida Treino Solado Borracha Tamanhos 37 ao 43,,74.955,78.9,,,,Cadarço,Borracha,https://m.media-amazon.com/images/I/61CZtPES2NL._AC_SY395_SX395_QL70_ML2_.jpg,https://www.amazon.com.br/Esportivo-Masculino-Confort%C3%A1vel-Academia-Borracha/dp/B0FL17S6MM/ref=sr_1_187?crid=DLJ5Z8MJX9ZM&dib=eyJ2IjoiMSJ9.ksVArSvFomuO3sRQQAR4qoh3zV2jLeHnOVspWcLJhTvQm2CxsejLHZGvzBbu0MKmdm_lDYASK3Hk9fV6jJsvhG6FIaYxRn6qlbXCxa_T4D7PyFmUKq5H3xK3yCTRcJL6Ms2ejcwfN05KYGFV-brtkGjYnI4m63dyMcPM9j3k7vL22ciME4ylio-cwCQZnyiC2JWmYTjxKO5AXkHoNDi1slU3Ex6dmlywAEtgWdWvFN7I45I6KKc40xNlM8yGPgB6oHFNb56euSkHIeEHQr4FPsNyf6H2aYrd5tBwTtU6-g0.-pri1kzoDk4Jc5GKNBLRv3dKa7WMG2kz0plLg-hjXPI&dib_tag=se&keywords=tenis+de+corrida&qid=1761925673&sprefix=tenis+de+corrida%2Caps%2C739&sr=8-187&ufe=app_do%3Aamzn1.fos.6d798eae-cadf-45de-946a-f477d47705b9&xpid=ERuU6uEzXaAxz
0.0,Corrida de Rua,,2025-10-31,14.51,,Disponível,Feminino,Amazon,Genérico,Nylon,"Tênis Feminino Lorenzzo Lopez | Leve e Confortável | Para Corrida, Caminhada e Academia | Nylon Respirável | Solado Antiderrapante",,90.51,105.87,3,,,Cadarço,Borracha,https://m.media-amazon.com/images/I/61EIWGz2JNL._AC_SY395_SX395_QL70_ML2_.jpg,https://www.amazon.com.br/Confort%C3%A1vel-Caminhada-Respir%C3%A1vel-Antiderrapante-Cinza-Rosa/dp/B0FBKR4ZM3/ref=is_sr_dp_2?crid=DLJ5Z8MJX9ZM&dib=eyJ2IjoiMSJ9.ksVArSvFomuO3sRQQAR4qoh3zV2jLeHnOVspWcLJhTvQm2CxsejLHZGvzBbu0MKmdm_lDYASK3Hk9fV6jJsvhG6FIaYxRn6qlbXCxa_T4D7PyFmUKq5H3xK3yCTRcJL6Ms2ejcwfN05KYGFV-brtkGjYnI4m63dyMcPM9j3k7vL22ciME4ylio-cwCQZnyiC2JWmYTjxKO5AXkHoNDi1slU3Ex6dmlywAEtgWdWvFN7I45I6KKc40xNlM8yGPgB6oHFNb56euSkHIeEHQr4FPsNyf6H2aYrd5tBwTtU6-g0.-pri1kzoDk4Jc5GKNBLRv3dKa7WMG2kz0plLg-hjXPI&dib_tag=se&keywords=tenis+de+corrida&qid=1761925673&sprefix=tenis+de+corrida%2Caps%2C739&sr=8-186&ufe=app_do%3Aamzn1.fos.6d798eae-cadf-45de-946a-f477d47705b9&xpid=ERuU6uEzXaAxz
0.0,Corrida de Rua,,2025-10-31,14.51,,Disponível,Feminino,Amazon,Genérico,Nylon,"Tênis Feminino Lorenzzo Lopez | Leve e Confortável | Para Corrida, Caminhada e Academia | Nylon Respirável | Solado Antiderrapante",,90.51,105.87,3,,,Cadarço,Borracha,https://m.media-amazon.com/images/I/71icmIiDndL._AC_SY395_SX395_QL70_ML2_.jpg,https://www.amazon.com.br/Confort%C3%A1vel-Caminhada-Respir%C3%A1vel-Antiderrapante-Cinza-Rosa/dp/B0FBKQ3TJQ/ref=is_sr_dp_1?crid=DLJ5Z8MJX9ZM&dib=eyJ2IjoiMSJ9.ksVArSvFomuO3sRQQAR4qoh3zV2jLeHnOVspWcLJhTvQm2CxsejLHZGvzBbu0MKmdm_lDYASK3Hk9fV6jJsvhG6FIaYxRn6qlbXCxa_T4D7PyFmUKq5H3xK3yCTRcJL6Ms2ejcwfN05KYGFV-brtkGjYnI4m63dyMcPM9j3k7vL22ciME4ylio-cwCQZnyiC2JWmYTjxKO5AXkHoNDi1slU3Ex6dmlywAEtgWdWvFN7I45I6KKc40xNlM8yGPgB6oHFNb56euSkHIeEHQr4FPsNyf6H2aYrd5tBwTtU6-g0.-pri1kzoDk4Jc5GKNBLRv3dKa7WMG2kz0plLg-hjXPI&dib_tag=se&keywords=tenis+de+corrida&qid=1761925673&sprefix=tenis+de+corrida%2Caps%2C739&sr=8-186&ufe=app_do%3Aamzn1.fos.6d798eae-cadf-45de-946a-f477d47705b9&xpid=ERuU6uEzXaAxz
4.4,Tênis para Academia,,2025-10-31,21.02,,Disponível,Feminino,Amazon,BF Shoes,Nylon,Tênis para Academia Feminino Esportivo Caminhada BF Shoes,,78.9021,99.9,634,,,Cadarço,Poliuretano termoplástico,https://m.media-amazon.com/images/I/61LMMM2vQLL._AC_SY395_SX395_QL70_ML2_.jpg,https://www.amazon.com.br/T%C3%AAnis-BF-Shoes-RunForever-Feminino/dp/B0C4BBJVGD/ref=is_sr_s_dp_2?crid=DLJ5Z8MJX9ZM&dib=eyJ2IjoiMSJ9.ksVArSvFomuO3sRQQAR4qoh3zV2jLeHnOVspWcLJhTvQm2CxsejLHZGvzBbu0MKmdm_lDYASK3Hk9fV6jJsvhG6FIaYxRn6qlbXCxa_T4D7PyFmUKq5H3xK3yCTRcJL6Ms2ejcwfN05KYGFV-brtkGjYnI4m63dyMcPM9j3k7vL22ciME4ylio-cwCQZnyiC2JWmYTjxKO5AXkHoNDi1slU3Ex6dmlywAEtgWdWvFN7I45I6KKc40xNlM8yGPgB6oHFNb56euSkHIeEHQr4FPsNyf6H2aYrd5tBwTtU6-g0.-pri1kzoDk4Jc5GKNBLRv3dKa7WMG2kz0plLg-hjXPI&dib_tag=se&keywords=tenis+de+corrida&qid=1761925673&sprefix=tenis+de+corrida%2Caps%2C739&sr=8-184&ufe=app_do%3Aamzn1.fos.6d798eae-cadf-45de-946a-f477d47705b9&xpid=ERuU6uEzXaAxz
4.4,Tênis para Academia,,2025-10-31,21.02,,Disponível,Feminino,Amazon,BF Shoes,Nylon,Tênis para Academia Feminino Esportivo Caminhada BF Shoes,,78.9021,99.9,634,,,Cadarço,Poliuretano termoplástico,https://m.media-amazon.com/images/I/71GLBCU4xJL._AC_SY395_SX395_QL70_ML2_.jpg,https://www.amazon.com.br/T%C3%AAnis-BF-Shoes-RunForever-Feminino/dp/B0C4B718HR/ref=is_sr_s_dp_1?crid=DLJ5Z8MJX9ZM&dib=eyJ2IjoiMSJ9.ksVArSvFomuO3sRQQAR4qoh3zV2jLeHnOVspWcLJhTvQm2CxsejLHZGvzBbu0MKmdm_lDYASK3Hk9fV6jJsvhG6FIaYxRn6qlbXCxa_T4D7PyFmUKq5H3xK3yCTRcJL6Ms2ejcwfN05KYGFV-brtkGjYnI4m63dyMcPM9j3k7vL22ciME4ylio-cwCQZnyiC2JWmYTjxKO5AXkHoNDi1slU3Ex6dmlywAEtgWdWvFN7I45I6KKc40xNlM8yGPgB6oHFNb56euSkHIeEHQr4FPsNyf6H2aYrd5tBwTtU6-g0.-pri1kzoDk4Jc5GKNBLRv3dKa7WMG2kz0plLg-hjXPI&dib_tag=se&keywords=tenis+de+corrida&qid=1761925673&sprefix=tenis+de+corrida%2Caps%2C739&sr=8-184&ufe=app_do%3Aamzn1.fos.6d798eae-cadf-45de-946a-f477d47705b9&xpid=ERuU6uEzXaAxz
4.7,Corrida de Rua,,2025-10-31,,,Disponível,Masculino,Amazon,Genérico,Nylon,Tênis Academia Masculino Esportivo Corrida Caminhada Treino Musculação Running Conforto Leve Confortável Macio Flexivel Malha + Relogio Digital,,69.9,,4,,,Cadarço,Borracha Antiderrapante Micro Expandido,https://m.media-amazon.com/images/I/6149eOExkrL._AC_SY395_SX395_QL70_ML2_.jpg,https://www.amazon.com.br/Masculino-Esportivo-Caminhada-Muscula%C3%A7%C3%A3o-Confort%C3%A1vel/dp/B0CHN71ZFT/ref=is_sr_s_dp_2?crid=DLJ5Z8MJX9ZM&dib=eyJ2IjoiMSJ9.ksVArSvFomuO3sRQQAR4qoh3zV2jLeHnOVspWcLJhTvQm2CxsejLHZGvzBbu0MKmdm_lDYASK3Hk9fV6jJsvhG6FIaYxRn6qlbXCxa_T4D7PyFmUKq5H3xK3yCTRcJL6Ms2ejcwfN05KYGFV-brtkGjYnI4m63dyMcPM9j3k7vL22ciME4ylio-cwCQZnyiC2JWmYTjxKO5AXkHoNDi1slU3Ex6dmlywAEtgWdWvFN7I45I6KKc40xNlM8yGPgB6oHFNb56euSkHIeEHQr4FPsNyf6H2aYrd5tBwTtU6-g0.-pri1kzoDk4Jc5GKNBLRv3dKa7WMG2kz0plLg-hjXPI&dib_tag=se&keywords=tenis+de+corrida&qid=1761925673&sprefix=tenis+de+corrida%2Caps%2C739&sr=8-182&ufe=app_do%3Aamzn1.fos.6d798eae-cadf-45de-946a-f477d47705b9&xpid=ERuU6uEzXaAxz
4.7,Corrida de Rua,,2025-10-31,,,Disponível,Masculino,Amazon,Genérico,Nylon,Tênis Academia Masculino Esportivo Corrida Caminhada Treino Musculação Running Conforto Leve Confortável Macio Flexivel Malha + Relogio Digital,,69.9,,4,,,Cadarço,Borracha Antiderrapante Micro Expandido,https://m.media-amazon.com/images/I/61QMF0wEudL._AC_SY395_SX395_QL70_ML2_.jpg,https://www.amazon.com.br/Masculino-Esportivo-Caminhada-Muscula%C3%A7%C3%A3o-Confort%C3%A1vel/dp/B0CHN8CQDV/ref=is_sr_s_dp_1?crid=DLJ5Z8MJX9ZM&dib=eyJ2IjoiMSJ9.ksVArSvFomuO3sRQQAR4qoh3zV2jLeHnOVspWcLJhTvQm2CxsejLHZGvzBbu0MKmdm_lDYASK3Hk9fV6jJsvhG6FIaYxRn6qlbXCxa_T4D7PyFmUKq5H3xK3yCTRcJL6Ms2ejcwfN05KYGFV-brtkGjYnI4m63dyMcPM9j3k7vL22ciME4ylio-cwCQZnyiC2JWmYTjxKO5AXkHoNDi1slU3Ex6dmlywAEtgWdWvFN7I45I6KKc40xNlM8yGPgB6oHFNb56euSkHIeEHQr4FPsNyf6H2aYrd5tBwTtU6-g0.-pri1kzoDk4Jc5GKNBLRv3dKa7WMG2kz0plLg-hjXPI&dib_tag=se&keywords=tenis+de+corrida&qid=1761925673&sprefix=tenis+de+corrida%2Caps%2C739&sr=8-182&ufe=app_do%3Aamzn1.fos.6d798eae-cadf-45de-946a-f477d47705b9&xpid=ERuU6uEzXaAxz
5.0,Corrida de Rua,,2025-10-31,,,Disponível,Masculino,Amazon,Genérico,Nylon,"Tênis Academia Lorenzzo Lopez Racer – Masculino, Leve, Confortável, Antiderrapante",,118.65,,1,,,Cadarço,Borracha,https://m.media-amazon.com/images/I/616Aspff9tL._AC_SY395_SX395_QL70_ML2_.jpg,https://www.amazon.com.br/T%C3%AAnis-Masculino-Lorenzzo-Lopez-Racer/dp/B0FGZZSP9D/ref=is_sr_s_dp_5?crid=DLJ5Z8MJX9ZM&dib=eyJ2IjoiMSJ9.ksVArSvFomuO3sRQQAR4qoh3zV2jLeHnOVspWcLJhTvQm2CxsejLHZGvzBbu0MKmdm_lDYASK3Hk9fV6jJsvhG6FIaYxRn6qlbXCxa_T4D7PyFmUKq5H3xK3yCTRcJL6Ms2ejcwfN05KYGFV-brtkGjYnI4m63dyMcPM9j3k7vL22ciME4ylio-cwCQZnyiC2JWmYTjxKO5AXkHoNDi1slU3Ex6dmlywAEtgWdWvFN7I45I6KKc40xNlM8yGPgB6oHFNb56euSkHIeEHQr4FPsNyf6H2aYrd5tBwTtU6-g0.-pri1kzoDk4Jc5GKNBLRv3dKa7WMG2kz0plLg-hjXPI&dib_tag=se&keywords=tenis+de+corrida&qid=1761925673&sprefix=tenis+de+corrida%2Caps%2C739&sr=8-179&ufe=app_do%3Aamzn1.fos.6a09f7ec-d911-4889-ad70-de8dd83c8a74&xpid=ERuU6uEzXaAxz
5.0,Corrida de Rua,,2025-10-31,,,Disponível,Masculino,Amazon,Genérico,Nylon,"Tênis Academia Lorenzzo Lopez Racer – Masculino, Leve, Confortável, Antiderrapante",,118.65,99.99,1,,,Cadarço,Borracha,https://m.media-amazon.com/images/I/61xvKEPkfLL._AC_SY395_SX395_QL70_ML2_.jpg,https://www.amazon.com.br/T%C3%AAnis-Masculino-Lorenzzo-Lopez-Racer/dp/B0FGZPYSYW/ref=is_sr_s_dp_4?crid=DLJ5Z8MJX9ZM&dib=eyJ2IjoiMSJ9.ksVArSvFomuO3sRQQAR4qoh3zV2jLeHnOVspWcLJhTvQm2CxsejLHZGvzBbu0MKmdm_lDYASK3Hk9fV6jJsvhG6FIaYxRn6qlbXCxa_T4D7PyFmUKq5H3xK3yCTRcJL6Ms2ejcwfN05KYGFV-brtkGjYnI4m63dyMcPM9j3k7vL22ciME4ylio-cwCQZnyiC2JWmYTjxKO5AXkHoNDi1slU3Ex6dmlywAEtgWdWvFN7I45I6KKc40xNlM8yGPgB6oHFNb56euSkHIeEHQr4FPsNyf6H2aYrd5tBwTtU6-g0.-pri1kzoDk4Jc5GKNBLRv3dKa7WMG2kz0plLg-hjXPI&dib_tag=se&keywords=tenis+de+corrida&qid=1761925673&sprefix=tenis+de+corrida%2Caps%2C739&sr=8-179&ufe=app_do%3Aamzn1.fos.6a09f7ec-d911-4889-ad70-de8dd83c8a74&xpid=ERuU6uEzXaAxz
5.0,Corrida de Rua,,2025-10-31,,,Disponível,Masculino,Amazon,Genérico,Nylon,"Tênis Academia Lorenzzo Lopez Racer – Masculino, Leve, Confortável, Antiderrapante",,118.65,37.15,1,,,Cadarço,Borracha,https://m.media-amazon.com/images/I/51D77NRh8-L._AC_SY395_SX395_QL70_ML2_.jpg,https://www.amazon.com.br/T%C3%AAnis-Masculino-Lorenzzo-Lopez-Racer/dp/B0FGZT5FQ8/ref=sr_1_179?crid=DLJ5Z8MJX9ZM&dib=eyJ2IjoiMSJ9.ksVArSvFomuO3sRQQAR4qoh3zV2jLeHnOVspWcLJhTvQm2CxsejLHZGvzBbu0MKmdm_lDYASK3Hk9fV6jJsvhG6FIaYxRn6qlbXCxa_T4D7PyFmUKq5H3xK3yCTRcJL6Ms2ejcwfN05KYGFV-brtkGjYnI4m63dyMcPM9j3k7vL22ciME4ylio-cwCQZnyiC2JWmYTjxKO5AXkHoNDi1slU3Ex6dmlywAEtgWdWvFN7I45I6KKc40xNlM8yGPgB6oHFNb56euSkHIeEHQr4FPsNyf6H2aYrd5tBwTtU6-g0.-pri1kzoDk4Jc5GKNBLRv3dKa7WMG2kz0plLg-hjXPI&dib_tag=se&keywords=tenis+de+corrida&qid=1761925673&sprefix=tenis+de+corrida%2Caps%2C739&sr=8-179&ufe=app_do%3Aamzn1.fos.6a09f7ec-d911-4889-ad70-de8dd83c8a74&xpid=ERuU6uEzXaAxz
4.3,Corrida de Rua,,2025-10-31,,,Disponível,Masculino,Amazon,Genérico,Malha,Tenis Masculino Academia Corrida Knit Confortavel Ultra Leve Originalk WB,,144.11,,81,,,Cadarço,Acetato vinilo de etileno,https://m.media-amazon.com/images/I/51alRMvXgwL._AC_SY395_SX395_QL70_ML2_.jpg,https://www.amazon.com.br/Masculino-Academia-Knit-Confortavel-Originalk/dp/B0D9Z8KD3M/ref=is_sr_dp_n?crid=DLJ5Z8MJX9ZM&dib=eyJ2IjoiMSJ9.ksVArSvFomuO3sRQQAR4qoh3zV2jLeHnOVspWcLJhTvQm2CxsejLHZGvzBbu0MKmdm_lDYASK3Hk9fV6jJsvhG6FIaYxRn6qlbXCxa_T4D7PyFmUKq5H3xK3yCTRcJL6Ms2ejcwfN05KYGFV-brtkGjYnI4m63dyMcPM9j3k7vL22ciME4ylio-cwCQZnyiC2JWmYTjxKO5AXkHoNDi1slU3Ex6dmlywAEtgWdWvFN7I45I6KKc40xNlM8yGPgB6oHFNb56euSkHIeEHQr4FPsNyf6H2aYrd5tBwTtU6-g0.-pri1kzoDk4Jc5GKNBLRv3dKa7WMG2kz0plLg-hjXPI&dib_tag=se&keywords=tenis+de+corrida&qid=1761925673&sprefix=tenis+de+corrida%2Caps%2C739&sr=8-178&ufe=app_do%3Aamzn1.fos.db68964d-7c0e-4bb2-a95c-e5cb9e32eb12&xpid=ERuU6uEzXaAxz
4.3,Corrida de Rua,,2025-10-31,,,Disponível,Masculino,Amazon,Genérico,Malha,Tenis Masculino Academia Corrida Knit Confortavel Ultra Leve Originalk WB,,144.11,37.15,81,,,Cadarço,Borracha sintética,https://m.media-amazon.com/images/I/51dZtbZqkJL._AC_SY395_SX395_QL70_ML2_.jpg,https://www.amazon.com.br/Masculino-Academia-Knit-Confortavel-Originalk/dp/B0D9ZNDSTP/ref=is_sr_s_dp_4?crid=DLJ5Z8MJX9ZM&dib=eyJ2IjoiMSJ9.ksVArSvFomuO3sRQQAR4qoh3zV2jLeHnOVspWcLJhTvQm2CxsejLHZGvzBbu0MKmdm_lDYASK3Hk9fV6jJsvhG6FIaYxRn6qlbXCxa_T4D7PyFmUKq5H3xK3yCTRcJL6Ms2ejcwfN05KYGFV-brtkGjYnI4m63dyMcPM9j3k7vL22ciME4ylio-cwCQZnyiC2JWmYTjxKO5AXkHoNDi1slU3Ex6dmlywAEtgWdWvFN7I45I6KKc40xNlM8yGPgB6oHFNb56euSkHIeEHQr4FPsNyf6H2aYrd5tBwTtU6-g0.-pri1kzoDk4Jc5GKNBLRv3dKa7WMG2kz0plLg-hjXPI&dib_tag=se&keywords=tenis+de+corrida&qid=1761925673&sprefix=tenis+de+corrida%2Caps%2C739&sr=8-178&ufe=app_do%3Aamzn1.fos.db68964d-7c0e-4bb2-a95c-e5cb9e32eb12&xpid=ERuU6uEzXaAxz
4.3,Corrida de Rua,,2025-10-31,,,Disponível,Masculino,Amazon,Genérico,Malha,Tenis Masculino Academia Corrida Knit Confortavel Ultra Leve Originalk WB,,144.11,,81,,,Cadarço,Etileno Acetato de Vinila,https://m.media-amazon.com/images/I/6169KLGspuL._AC_SY395_SX395_QL70_ML2_.jpg,https://www.amazon.com.br/Masculino-Academia-Knit-Confortavel-Originalk/dp/B0D9ZD8MLV/ref=is_sr_s_dp_2?crid=DLJ5Z8MJX9ZM&dib=eyJ2IjoiMSJ9.ksVArSvFomuO3sRQQAR4qoh3zV2jLeHnOVspWcLJhTvQm2CxsejLHZGvzBbu0MKmdm_lDYASK3Hk9fV6jJsvhG6FIaYxRn6qlbXCxa_T4D7PyFmUKq5H3xK3yCTRcJL6Ms2ejcwfN05KYGFV-brtkGjYnI4m63dyMcPM9j3k7vL22ciME4ylio-cwCQZnyiC2JWmYTjxKO5AXkHoNDi1slU3Ex6dmlywAEtgWdWvFN7I45I6KKc40xNlM8yGPgB6oHFNb56euSkHIeEHQr4FPsNyf6H2aYrd5tBwTtU6-g0.-pri1kzoDk4Jc5GKNBLRv3dKa7WMG2kz0plLg-hjXPI&dib_tag=se&keywords=tenis+de+corrida&qid=1761925673&sprefix=tenis+de+corrida%2Caps%2C739&sr=8-178&ufe=app_do%3Aamzn1.fos.db68964d-7c0e-4bb2-a95c-e5cb9e32eb12&xpid=ERuU6uEzXaAxz
4.3,Corrida de Rua,,2025-10-31,,,Disponível,Masculino,Amazon,Genérico,Malha,Tenis Masculino Academia Corrida Knit Confortavel Ultra Leve Originalk WB,,144.11,37.15,81,,,Cadarço,Acetato vinilo de etileno,https://m.media-amazon.com/images/I/51alRMvXgwL._AC_SY395_SX395_QL70_ML2_.jpg,https://www.amazon.com.br/Masculino-Academia-Knit-Confortavel-Originalk/dp/B0D9Z8KD3M/ref=is_sr_s_dp_1?crid=DLJ5Z8MJX9ZM&dib=eyJ2IjoiMSJ9.ksVArSvFomuO3sRQQAR4qoh3zV2jLeHnOVspWcLJhTvQm2CxsejLHZGvzBbu0MKmdm_lDYASK3Hk9fV6jJsvhG6FIaYxRn6qlbXCxa_T4D7PyFmUKq5H3xK3yCTRcJL6Ms2ejcwfN05KYGFV-brtkGjYnI4m63dyMcPM9j3k7vL22ciME4ylio-cwCQZnyiC2JWmYTjxKO5AXkHoNDi1slU3Ex6dmlywAEtgWdWvFN7I45I6KKc40xNlM8yGPgB6oHFNb56euSkHIeEHQr4FPsNyf6H2aYrd5tBwTtU6-g0.-pri1kzoDk4Jc5GKNBLRv3dKa7WMG2kz0plLg-hjXPI&dib_tag=se&keywords=tenis+de+corrida&qid=1761925673&sprefix=tenis+de+corrida%2Caps%2C739&sr=8-178&ufe=app_do%3Aamzn1.fos.db68964d-7c0e-4bb2-a95c-e5cb9e32eb12&xpid=ERuU6uEzXaAxz
4.3,Corrida de Rua,,2025-10-31,,,Disponível,Masculino,Amazon,Genérico,Malha,Tenis Masculino Academia Corrida Knit Confortavel Ultra Leve Originalk WB,,144.11,37.15,81,,,Cadarço,Acetato vinilo de etileno,https://m.media-amazon.com/images/I/51alRMvXgwL._AC_SY395_SX395_QL70_ML2_.jpg,https://www.amazon.com.br/Masculino-Academia-Knit-Confortavel-Originalk/dp/B0D9Z8KD3M/ref=sr_1_178?crid=DLJ5Z8MJX9ZM&dib=eyJ2IjoiMSJ9.ksVArSvFomuO3sRQQAR4qoh3zV2jLeHnOVspWcLJhTvQm2CxsejLHZGvzBbu0MKmdm_lDYASK3Hk9fV6jJsvhG6FIaYxRn6qlbXCxa_T4D7PyFmUKq5H3xK3yCTRcJL6Ms2ejcwfN05KYGFV-brtkGjYnI4m63dyMcPM9j3k7vL22ciME4ylio-cwCQZnyiC2JWmYTjxKO5AXkHoNDi1slU3Ex6dmlywAEtgWdWvFN7I45I6KKc40xNlM8yGPgB6oHFNb56euSkHIeEHQr4FPsNyf6H2aYrd5tBwTtU6-g0.-pri1kzoDk4Jc5GKNBLRv3dKa7WMG2kz0plLg-hjXPI&dib_tag=se&keywords=tenis+de+corrida&qid=1761925673&sprefix=tenis+de+corrida%2Caps%2C739&sr=8-178&ufe=app_do%3Aamzn1.fos.db68964d-7c0e-4bb2-a95c-e5cb9e32eb12&xpid=ERuU6uEzXaAxz
4.4,Tênis para Academia,,2025-10-31,10.01,,Disponível,Feminino,Amazon,Yes Basic,Poliéster,Kit 2 Tenis Academia Confortavel Esportivo Corrida Feminino Preto/Grafite,,143.901,159.9,5,,,Cadarço,Borracha,https://m.media-amazon.com/images/I/61cOD5WbU+L._AC_SY395_SX395_QL70_ML2_.jpg,https://www.amazon.com.br/Academia-Confortavel-Esportivo-Feminino-Num%C3%A9rico/dp/B0DXLHJ5SL/ref=sr_1_177?crid=DLJ5Z8MJX9ZM&dib=eyJ2IjoiMSJ9.ksVArSvFomuO3sRQQAR4qoh3zV2jLeHnOVspWcLJhTvQm2CxsejLHZGvzBbu0MKmdm_lDYASK3Hk9fV6jJsvhG6FIaYxRn6qlbXCxa_T4D7PyFmUKq5H3xK3yCTRcJL6Ms2ejcwfN05KYGFV-brtkGjYnI4m63dyMcPM9j3k7vL22ciME4ylio-cwCQZnyiC2JWmYTjxKO5AXkHoNDi1slU3Ex6dmlywAEtgWdWvFN7I45I6KKc40xNlM8yGPgB6oHFNb56euSkHIeEHQr4FPsNyf6H2aYrd5tBwTtU6-g0.-pri1kzoDk4Jc5GKNBLRv3dKa7WMG2kz0plLg-hjXPI&dib_tag=se&keywords=tenis+de+corrida&qid=1761925673&sprefix=tenis+de+corrida%2Caps%2C739&sr=8-177&ufe=app_do%3Aamzn1.fos.6a09f7ec-d911-4889-ad70-de8dd83c8a74&xpid=ERuU6uEzXaAxz
4.7,Tênis Casuais,,2025-10-31,,,Disponível,Feminino,Amazon,RDW,Nylon,Tênis Feminino Academia Caminhada UltraFit RDW RD97,,95.0,,4,,,Cadarço,Cloreto de polivinilo,https://m.media-amazon.com/images/I/61rQ9zHGI9L._AC_SY395_SX395_QL70_ML2_.jpg,https://www.amazon.com.br/Feminino-Academia-Caminhada-RDW-RD97/dp/B0FBMLVDY7/ref=is_sr_s_dp_1?crid=DLJ5Z8MJX9ZM&dib=eyJ2IjoiMSJ9.ksVArSvFomuO3sRQQAR4qoh3zV2jLeHnOVspWcLJhTvQm2CxsejLHZGvzBbu0MKmdm_lDYASK3Hk9fV6jJsvhG6FIaYxRn6qlbXCxa_T4D7PyFmUKq5H3xK3yCTRcJL6Ms2ejcwfN05KYGFV-brtkGjYnI4m63dyMcPM9j3k7vL22ciME4ylio-cwCQZnyiC2JWmYTjxKO5AXkHoNDi1slU3Ex6dmlywAEtgWdWvFN7I45I6KKc40xNlM8yGPgB6oHFNb56euSkHIeEHQr4FPsNyf6H2aYrd5tBwTtU6-g0.-pri1kzoDk4Jc5GKNBLRv3dKa7WMG2kz0plLg-hjXPI&dib_tag=se&keywords=tenis+de+corrida&qid=1761925673&sprefix=tenis+de+corrida%2Caps%2C739&sr=8-176&xpid=ERuU6uEzXaAxz
4.0,Corrida de Rua,,2025-10-31,,,Disponível,Feminino,Amazon,Kvovzo,Tecido,"Tênis de corrida feminino, sem cadarço, tênis de caminhada, leve, respirável, casual, sola macia, para treino, tênis esportivo",,128.82,37.15,90,,,Cadarço,Acetato vinilo de etileno,https://m.media-amazon.com/images/I/71ssGmIY9oL._AC_SY395_SX395_QL70_ML2_.jpg,https://www.amazon.com.br/Kvovzo-Antiderrapante-Respir%C3%A1vel-Caminhada-Esportivo/dp/B0DJGQBHF3/ref=is_sr_dp_n?crid=DLJ5Z8MJX9ZM&dib=eyJ2IjoiMSJ9.ksVArSvFomuO3sRQQAR4qoh3zV2jLeHnOVspWcLJhTvQm2CxsejLHZGvzBbu0MKmdm_lDYASK3Hk9fV6jJsvhG6FIaYxRn6qlbXCxa_T4D7PyFmUKq5H3xK3yCTRcJL6Ms2ejcwfN05KYGFV-brtkGjYnI4m63dyMcPM9j3k7vL22ciME4ylio-cwCQZnyiC2JWmYTjxKO5AXkHoNDi1slU3Ex6dmlywAEtgWdWvFN7I45I6KKc40xNlM8yGPgB6oHFNb56euSkHIeEHQr4FPsNyf6H2aYrd5tBwTtU6-g0.-pri1kzoDk4Jc5GKNBLRv3dKa7WMG2kz0plLg-hjXPI&dib_tag=se&keywords=tenis+de+corrida&qid=1761925673&sprefix=tenis+de+corrida%2Caps%2C739&sr=8-173&ufe=app_do%3Aamzn1.fos.6a09f7ec-d911-4889-ad70-de8dd83c8a74&xpid=ERuU6uEzXaAxz
4.0,Corrida de Rua,,2025-10-31,,,Disponível,Feminino,Amazon,Kvovzo,Tecido,"Tênis de corrida feminino, sem cadarço, tênis de caminhada, leve, respirável, casual, sola macia, para treino, tênis esportivo",,115.87,37.15,90,,,Cadarço,Acetato vinilo de etileno,https://m.media-amazon.com/images/I/71nKV4wv80L._AC_SY395_SX395_QL70_ML2_.jpg,https://www.amazon.com.br/Kvovzo-Antiderrapante-Respir%C3%A1vel-Caminhada-Esportivo/dp/B0DJGQYD61/ref=is_sr_s_dp_5?crid=DLJ5Z8MJX9ZM&dib=eyJ2IjoiMSJ9.ksVArSvFomuO3sRQQAR4qoh3zV2jLeHnOVspWcLJhTvQm2CxsejLHZGvzBbu0MKmdm_lDYASK3Hk9fV6jJsvhG6FIaYxRn6qlbXCxa_T4D7PyFmUKq5H3xK3yCTRcJL6Ms2ejcwfN05KYGFV-brtkGjYnI4m63dyMcPM9j3k7vL22ciME4ylio-cwCQZnyiC2JWmYTjxKO5AXkHoNDi1slU3Ex6dmlywAEtgWdWvFN7I45I6KKc40xNlM8yGPgB6oHFNb56euSkHIeEHQr4FPsNyf6H2aYrd5tBwTtU6-g0.-pri1kzoDk4Jc5GKNBLRv3dKa7WMG2kz0plLg-hjXPI&dib_tag=se&keywords=tenis+de+corrida&qid=1761925673&sprefix=tenis+de+corrida%2Caps%2C739&sr=8-173&ufe=app_do%3Aamzn1.fos.6a09f7ec-d911-4889-ad70-de8dd83c8a74&xpid=ERuU6uEzXaAxz
4.0,Esportivos,,2025-10-31,,,Disponível,Feminino,Amazon,Kvovzo,Tecido,"Tênis de corrida feminino, sem cadarço, tênis de caminhada, leve, respirável, casual, sola macia, para treino, tênis esportivo",,176.09,37.15,90,,,Pull on,Acetato vinilo de etileno,https://m.media-amazon.com/images/I/81MuSCsaS1L._AC_SY395_SX395_QL70_ML2_.jpg,https://www.amazon.com.br/Kvovzo-Antiderrapante-Respir%C3%A1vel-Caminhada-Esportivo/dp/B0CNLLGVLK/ref=is_sr_s_dp_4?crid=DLJ5Z8MJX9ZM&dib=eyJ2IjoiMSJ9.ksVArSvFomuO3sRQQAR4qoh3zV2jLeHnOVspWcLJhTvQm2CxsejLHZGvzBbu0MKmdm_lDYASK3Hk9fV6jJsvhG6FIaYxRn6qlbXCxa_T4D7PyFmUKq5H3xK3yCTRcJL6Ms2ejcwfN05KYGFV-brtkGjYnI4m63dyMcPM9j3k7vL22ciME4ylio-cwCQZnyiC2JWmYTjxKO5AXkHoNDi1slU3Ex6dmlywAEtgWdWvFN7I45I6KKc40xNlM8yGPgB6oHFNb56euSkHIeEHQr4FPsNyf6H2aYrd5tBwTtU6-g0.-pri1kzoDk4Jc5GKNBLRv3dKa7WMG2kz0plLg-hjXPI&dib_tag=se&keywords=tenis+de+corrida&qid=1761925673&sprefix=tenis+de+corrida%2Caps%2C739&sr=8-173&ufe=app_do%3Aamzn1.fos.6a09f7ec-d911-4889-ad70-de8dd83c8a74&xpid=ERuU6uEzXaAxz
4.0,Corrida de Rua,,2025-10-31,,,Disponível,Feminino,Amazon,Kvovzo,Tecido,"Tênis de corrida feminino, sem cadarço, tênis de caminhada, leve, respirável, casual, sola macia, para treino, tênis esportivo",,115.9,,90,,,Cadarço,Acetato vinilo de etileno,https://m.media-amazon.com/images/I/71eKfTV3mIL._AC_SY395_SX395_QL70_ML2_.jpg,https://www.amazon.com.br/Kvovzo-Antiderrapante-Respir%C3%A1vel-Caminhada-Esportivo/dp/B0DJGP42Y5/ref=is_sr_s_dp_2?crid=DLJ5Z8MJX9ZM&dib=eyJ2IjoiMSJ9.ksVArSvFomuO3sRQQAR4qoh3zV2jLeHnOVspWcLJhTvQm2CxsejLHZGvzBbu0MKmdm_lDYASK3Hk9fV6jJsvhG6FIaYxRn6qlbXCxa_T4D7PyFmUKq5H3xK3yCTRcJL6Ms2ejcwfN05KYGFV-brtkGjYnI4m63dyMcPM9j3k7vL22ciME4ylio-cwCQZnyiC2JWmYTjxKO5AXkHoNDi1slU3Ex6dmlywAEtgWdWvFN7I45I6KKc40xNlM8yGPgB6oHFNb56euSkHIeEHQr4FPsNyf6H2aYrd5tBwTtU6-g0.-pri1kzoDk4Jc5GKNBLRv3dKa7WMG2kz0plLg-hjXPI&dib_tag=se&keywords=tenis+de+corrida&qid=1761925673&sprefix=tenis+de+corrida%2Caps%2C739&sr=8-173&ufe=app_do%3Aamzn1.fos.6a09f7ec-d911-4889-ad70-de8dd83c8a74&xpid=ERuU6uEzXaAxz
