name,url,image,audience score,price,pace,arch support,weight lab weight brand,lightweight,drop lab drop brand,strike pattern,midsole softness,difference in midsole softness in cold,toebox durability,heel padding durability,outsole durability,breathability,heel stack,forefoot stack,drop,flexibility / stiffness (new method),flexibility / stiffness (old method),brand,audience_score,price_usd,drop_mm,weight,weight_grams,trail terrain,heel stack lab heel stack brand,midsole width - forefoot,midsole width - heel,outsole thickness,weight (g),drop (mm),flexibility of the shoe (n),flexibility of the shoe (freezer 20 min) (n),flexibility of the shoe (% of change),"longitudinal flexibility (1-5 scale, 5 being the stiffest)","torsional flexibility (1-5 scale, 5 being the stiffest)",flexibility of the shoe (freezer 1 hour) (n),"longitudinal flexibility (on a 0-5 scale, 0 being the stiffest)","torsional flexibility (on a 0-5 scale, 0 being the stiffest)",agility and responsiveness,outsole hardness,fuelcell supercomp pacer v2
ASICS Novablast 5,https://runrepeat.com/asics-novablast-5,https://cdn.runrepeat.com/storage/gallery/product_primary/40608/asics-novablast-5-22312736-720.jpg,92 Superb!,$140,Daily runningTempo,Neutral,9 oz / 254g 9 oz / 255g,✗,7.4 mm 8.0 mm,HeelMid/forefoot,13.0 HA,Big,Bad,Decent,Good,Moderate,40.9 mm,33.5 mm,7.4 mm,11.2N,19.1N,ASICS,92,140.0,7.4,,,,,,,,,,,,,,,,,,,,
Nike Vomero Plus,https://runrepeat.com/nike-vomero-plus,https://cdn.runrepeat.com/storage/gallery/product_primary/40912/nike-vomero-plus-23479827-720.jpg,91 Superb!,$180,Daily running,Neutral,10.2 oz / 289g 10.1 oz / 285g,,9.6 mm 10.0 mm,HeelMid/forefoot,15.1 HA,Small,Decent,Good,Good,3,42.3 mm,32.7 mm,9.6 mm,19.8N,,Nike,91,180.0,9.6,10.2 oz (289g),289.0,,,,,,,,,,,,,,,,,,
Hoka Bondi 9,https://runrepeat.com/hoka-bondi-9,https://cdn.runrepeat.com/storage/gallery/product_primary/40639/hoka-bondi-9-22560581-720.jpg,90 Great!,$170,Daily running,Neutral,10.7 oz / 303g 10.5 oz / 297g,,9.1 mm 5.0 mm,HeelMid/forefoot,25.1 HA,Small,Good,Good,Good,Moderate,41.3 mm,32.2 mm,9.1 mm,16.5N,30.6N,HOKA,90,170.0,9.1,10.7 oz (303g),303.0,,,,,,,,,,,,,,,,,,
New Balance Fresh Foam X More v5,https://runrepeat.com/new-balance-fresh-foam-x-more-v5,https://cdn.runrepeat.com/storage/gallery/product_primary/40481/new-balance-fresh-foam-x-more-v-5-21889889-720.jpg,87 Great!,$155,Daily running,Neutral,10.9 oz / 308g 10.7 oz / 303g,,7.8 mm 4.0 mm,Mid/forefoot,8.6 HA,Normal,Decent,Decent,Good,Breathable,42.1 mm,34.3 mm,7.8 mm,18.1N,30.6N,New Balance,87,155.0,7.8,10.9 oz (308g),308.0,,,,,,,,,,,,,,,,,,
Nike Vomero 18,https://runrepeat.com/nike-vomero-18,https://cdn.runrepeat.com/storage/gallery/product_primary/40615/nike-vomero-18-23005571-720.jpg,91 Superb!,$150,Daily running,Neutral,10.5 oz / 298g 11.5 oz / 325g,,13.9 mm 10.0 mm,Heel,15.0 HA,Small,Decent,Good,Decent,3,42.5 mm,28.6 mm,13.9 mm,16.0N,,Nike,91,150.0,13.9,10.5 oz (298g),298.0,,,,,,,,,,,,,,,,,,
Hoka Clifton 10,https://runrepeat.com/hoka-clifton-10,https://cdn.runrepeat.com/storage/gallery/product_primary/40691/hoka-clifton-10-22918659-720.jpg,89 Great!,$150,Daily running,Neutral,9.7 oz / 275g 9.8 oz / 277g,,12.4 mm 8.0 mm,Heel,17.1 HA,Small,Good,Good,Decent,3,44.4 mm,32.0 mm,12.4 mm,14.7N,,HOKA,89,150.0,12.4,9.7 oz (275g),275.0,,,,,,,,,,,,,,,,,,
Hoka Clifton 9,https://runrepeat.com/hoka-clifton-9,https://cdn.runrepeat.com/storage/gallery/product_primary/39553/hoka-clifton-9-21236508-720.jpg,86 Good!,$145,Daily running,Neutral,8.8 oz / 249g 8.8 oz / 249g,✓,6.1 mm 5.0 mm,Mid/forefoot,20.4 HA,Small,-,-,-,Moderate,32.7 mm,26.6 mm,6.1 mm,17.7N,26.9N,HOKA,86,145.0,6.1,,,,,,,,,,,,,,,,,,,,
Brooks Ghost Max,https://runrepeat.com/brooks-ghost-max,https://cdn.runrepeat.com/storage/gallery/product_primary/40164/brooks-ghost-max-21133971-720.jpg,91 Superb!,$150,Daily running,Neutral,10.3 oz / 291g 10.1 oz / 286g,,9.5 mm 6.0 mm,HeelMid/forefoot,13.0 HA,Big,Bad,Good,Good,Moderate,39.8 mm,30.3 mm,9.5 mm,21.3N,32.5N,Brooks,91,150.0,9.5,10.3 oz (291g),291.0,,,,,,,,,,,,,,,,,,
Nike Pegasus 41,https://runrepeat.com/nike-pegasus-41,https://cdn.runrepeat.com/storage/gallery/product_primary/40390/nike-pegasus-41-21635997-720.jpg,88 Great!,$140,Daily running,Neutral,9.9 oz / 281g 10 oz / 283g,✗,11.4 mm 10.0 mm,Heel,15.8 HA,Normal,Decent,Good,Good,Moderate,33.6 mm,22.2 mm,11.4 mm,9.4N,19.2N,Nike,88,140.0,11.4,,,,,,,,,,,,,,,,,,,,
Adidas Adizero EVO SL,https://runrepeat.com/adidas-adizero-evo-sl,https://cdn.runrepeat.com/storage/gallery/product_primary/40586/adidas-adizero-evo-sl-22256345-720.jpg,93 Superb!,$150,Daily runningTempo,Neutral,7.9 oz / 223g 7.9 oz / 224g,✓,8.0 mm 6.5 mm,HeelMid/forefoot,21.3 HA,Small,Bad,Good,Good,Breathable,36.1 mm,28.1 mm,8.0 mm,9.8N,19.2N,Adidas,93,150.0,8.0,,,,,,,,,,,,,,,,,,,,
Brooks Glycerin Max,https://runrepeat.com/brooks-glycerin-max,https://cdn.runrepeat.com/storage/gallery/product_primary/40528/brooks-glycerin-max-22207984-720.jpg,89 Great!,$200,Daily running,Neutral,10.8 oz / 305g 10.9 oz / 309g,,6.6 mm 6.0 mm,HeelMid/forefoot,19.9 HA,Small,Decent,Good,Decent,Breathable,42.3 mm,35.7 mm,6.6 mm,18.3N,32.9N,Brooks,89,200.0,6.6,10.8 oz (305g),305.0,,,,,,,,,,,,,,,,,,
New Balance Fresh Foam X 1080 v14,https://runrepeat.com/new-balance-fresh-foam-x-1080-v14,https://cdn.runrepeat.com/storage/gallery/product_primary/40532/new-balance-fresh-foam-x-1080-v-14-22470928-720.jpg,86 Good!,$165,Daily running,Neutral,10.1 oz / 285g 10.5 oz / 298g,✗,4.2 mm 6.0 mm,HeelMid/forefoot,11.9 HA,Normal,Good,Decent,Good,Moderate,37.0 mm,32.8 mm,4.2 mm,15.8N,26.4N,New Balance,86,165.0,4.2,,,,,,,,,,,,,,,,,,,,
Brooks Adrenaline GTS 23,https://runrepeat.com/brooks-adrenaline-gts-23,https://cdn.runrepeat.com/storage/gallery/product_primary/39680/brooks-adrenaline-gts-23-21189509-720.jpg,89 Great!,$140,Daily running,Stability,10.1 oz / 286g 10.4 oz / 294g,,12.6 mm 12.0 mm,Heel,19.5 HA,Big,Bad,Good,Good,Breathable,34.1 mm,21.5 mm,12.6 mm,10.4N,17.7N,Brooks,89,140.0,12.6,10.1 oz (286g),286.0,,,,,,,,,,,,,,,,,,
ASICS Superblast 2,https://runrepeat.com/asics-superblast-2,https://cdn.runrepeat.com/storage/gallery/product_primary/40450/asics-superblast-2-21749161-720.jpg,90 Great!,$200,Daily runningTempo,Neutral,8.9 oz / 252g 8.8 oz / 250g,,8.2 mm 8.0 mm,HeelMid/forefoot,18.3 HA,Small,Good,Good,Good,Breathable,42.8 mm,34.6 mm,8.2 mm,18.4N,26.1N,ASICS,90,200.0,8.2,8.9 oz (252g),252.0,,,,,,,,,,,,,,,,,,
Hoka Bondi 8,https://runrepeat.com/hoka-bondi-8,https://cdn.runrepeat.com/storage/gallery/product_primary/38861/hoka-bondi-8-21232045-720.jpg,84 Good!,$165,Daily running,Neutral,11 oz / 311g 11 oz / 311g,,6.2 mm 4.0 mm,Mid/forefoot,18.0 HA,Big,-,-,-,Moderate,36.2 mm,30.0 mm,6.2 mm,17.7N,49.3N,HOKA,84,165.0,6.2,11.0 oz (311g),311.0,,,,,,,,,,,,,,,,,,
Nike Zoom Fly 6,https://runrepeat.com/nike-zoom-fly-6,https://cdn.runrepeat.com/storage/gallery/product_primary/40613/nike-zoom-fly-6-22464236-720.jpg,92 Superb!,$170,CompetitionTempo,Neutral,8.7 oz / 248g 8.6 oz / 244g,✓,9.6 mm 8.0 mm,HeelMid/forefoot,16.1 HA,Small,Good,Good,Good,Moderate,39.7 mm,30.1 mm,9.6 mm,21.5N,35.5N,Nike,92,170.0,9.6,,,,,,,,,,,,,,,,,,,,
New Balance FuelCell SuperComp Elite v4,https://runrepeat.com/new-balance-fuel-cell-super-comp-elite-v-4,https://cdn.runrepeat.com/storage/gallery/product_primary/40283/new-balance-fuel-cell-super-comp-elite-v-4-21356876-720.jpg,88 Great!,$250,Competition,Neutral,8.2 oz / 232g 8.1 oz / 230g,✓,9.3 mm 4.0 mm,HeelMid/forefoot,15.0 HA,Small,Decent,Decent,Good,Moderate,38.2 mm,28.9 mm,9.3 mm,18.4N,38.4N,New Balance,88,250.0,9.3,,,,,,,,,,,,,,,,,,,,
On Cloudmonster,https://runrepeat.com/on-cloudmonster,https://cdn.runrepeat.com/storage/gallery/product_primary/38404/on-cloudmonster-21237207-720.jpg,91 Superb!,$170,Daily running,Neutral,9.9 oz / 280g 9.7 oz / 274g,,6.8 mm 6.0 mm,Mid/forefoot,25.8 HA,Normal,-,-,-,Breathable,34.9 mm,28.1 mm,6.8 mm,17.0N,34.4N,On,91,170.0,6.8,9.9 oz (280g),280.0,,,,,,,,,,,,,,,,,,
New Balance Fresh Foam X More v4,https://runrepeat.com/new-balance-fresh-foam-more-v-4,https://cdn.runrepeat.com/storage/gallery/product_primary/39132/new-balance-fresh-foam-x-more-v-4-21236842-720.jpg,87 Great!,$150,Daily running,Neutral,10.6 oz / 301g 10.6 oz / 301g,,4.6 mm 4.0 mm,Mid/forefoot,15.5 HA,Small,Bad,-,-,Warm,32.5 mm,27.9 mm,4.6 mm,12.7N,17.7N,New Balance,87,150.0,4.6,10.6 oz (301g),301.0,,,,,,,,,,,,,,,,,,
New Balance Fresh Foam X More v6,https://runrepeat.com/new-balance-fresh-foam-x-more-v-6,https://cdn.runrepeat.com/storage/gallery/product_primary/40943/new-balance-fresh-foam-x-more-v-6-23502483-720.jpg,88 Great!,$155,Daily running,Neutral,10.7 oz / 302g 10.8 oz / 306g,,3.3 mm 4.0 mm,Mid/forefoot,9.5 HA,Big,Decent,Good,Good,2,41.8 mm,38.5 mm,3.3 mm,17.7N,,New Balance,88,155.0,3.3,10.7 oz (302g),302.0,,,,,,,,,,,,,,,,,,
ASICS Novablast 4,https://runrepeat.com/asics-novablast-4,https://cdn.runrepeat.com/storage/gallery/product_primary/40234/asics-novablast-4-2-21237238-720.jpg,92 Superb!,$140,Daily running,Neutral,9.1 oz / 259g 9 oz / 255g,✗,9.0 mm 8.0 mm,HeelMid/forefoot,16.9 HA,Normal,Decent,Good,Good,Moderate,39.2 mm,30.2 mm,9.0 mm,17.8N,25.6N,ASICS,92,140.0,9.0,,,,,,,,,,,,,,,,,,,,
Hoka Mach 6,https://runrepeat.com/hoka-mach-6,https://cdn.runrepeat.com/storage/gallery/product_primary/40333/hoka-mach-6-21454844-720.jpg,87 Great!,$140,Daily running,Neutral,8.2 oz / 232g 8.3 oz / 235g,✓,9.6 mm 5.0 mm,HeelMid/forefoot,20.4 HA,Big,Decent,Bad,Good,Breathable,36.0 mm,26.4 mm,9.6 mm,13.7N,18.7N,HOKA,87,140.0,9.6,,,,,,,,,,,,,,,,,,,,
Altra Lone Peak 9,https://runrepeat.com/altra-lone-peak-9,https://cdn.runrepeat.com/storage/gallery/product_primary/40628/altra-lone-peak-9-22723089-720.jpg,91 Superb!,$140,,Neutral,10.9 oz / 309g 10.4 oz / 295g,,0.0 mm 0.0 mm,Mid/forefoot,23.6 HA,Normal,Decent,Decent,Good,Warm,23.3 mm,23.3 mm,0.0 mm,12.0N,28.3N,Altra,91,140.0,0.0,,,LightModerate,23.3 mm 25.0 mm,,,,,,,,,,,,,,,,
New Balance Fresh Foam X 1080 v13,https://runrepeat.com/new-balance-fresh-foam-x-1080-v-13,https://cdn.runrepeat.com/storage/gallery/product_primary/39692/new-balance-fresh-foam-x-1080-v-13-21208170-720.jpg,89 Great!,$165,Daily running,Neutral,9.3 oz / 264g 9.2 oz / 261g,✗,5.6 mm 6.0 mm,Mid/forefoot,10.0 HA,Normal,Decent,Good,Good,Breathable,34.1 mm,28.5 mm,5.6 mm,13.1N,20.5N,New Balance,89,165.0,5.6,,,,,,,,,,,,,,,,,,,,
ASICS Gel Nimbus 26,https://runrepeat.com/asics-gel-nimbus-26,https://cdn.runrepeat.com/storage/gallery/product_primary/40253/asics-gel-nimbus-26-2-21258429-720.jpg,89 Great!,$160,Daily running,Neutral,10.7 oz / 303g 10.7 oz / 304g,,8.4 mm 8.0 mm,HeelMid/forefoot,18.5 HA,Normal,Good,Good,Good,Moderate,40.4 mm,32.0 mm,8.4 mm,14.8N,30.2N,ASICS,89,160.0,8.4,10.7 oz (303g),303.0,,,,,,,,,,,,,,,,,,
ASICS Gel Kayano 31,https://runrepeat.com/asics-gel-kayano-31,https://cdn.runrepeat.com/storage/gallery/product_primary/40393/asics-gel-kayano-31-21691218-720.jpg,89 Great!,$165,Daily running,Stability,10.4 oz / 295g 11 oz / 311g,✗,11.5 mm 10.0 mm,Heel,15.6 HA,Normal,Good,Good,Decent,Moderate,39.3 mm,27.8 mm,11.5 mm,15.8N,24.9N,ASICS,89,165.0,11.5,,,,,,,,,,,,,,,,,,,,
Brooks Ghost Max 2,https://runrepeat.com/brooks-ghost-max-2,https://cdn.runrepeat.com/storage/gallery/product_primary/40429/brooks-ghost-max-2-22166858-720.jpg,85 Good!,$150,Daily running,Neutral,10.8 oz / 305g 10.9 oz / 309g,✗,9.9 mm 6.0 mm,HeelMid/forefoot,20.6 HA,Normal,Decent,Good,Good,Breathable,39.0 mm,29.1 mm,9.9 mm,20.0N,33.6N,Brooks,85,150.0,9.9,,,,,,,,,,,,,,,,,,,,
Brooks Adrenaline GTS 24,https://runrepeat.com/brooks-adrenaline-gts-24,https://cdn.runrepeat.com/storage/gallery/product_primary/40538/brooks-adrenaline-gts-24-2-22723083-720.jpg,85 Good!,$140,Daily running,Stability,10.3 oz / 291g 10 oz / 283g,✗,13.5 mm 12.0 mm,Heel,25.1 HA,Small,Decent,Good,Good,Moderate,39.0 mm,25.5 mm,13.5 mm,10.1N,22.5N,Brooks,85,140.0,13.5,,,,,,,,,,,,,,,,,,,,
New Balance FuelCell Rebel v5,https://runrepeat.com/new-balance-fuel-cell-rebel-v-5,https://cdn.runrepeat.com/storage/gallery/product_primary/40829/new-balance-fuel-cell-rebel-v-5-23235196-720.jpg,91 Superb!,$140,Daily runningTempo,Neutral,7.8 oz / 220g 7.9 oz / 225g,✓,6.3 mm 6.0 mm,Mid/forefoot,11.5 HA,Small,Bad,Good,Good,Moderate,33.0 mm,26.7 mm,6.3 mm,11.7N,,New Balance,91,140.0,6.3,7.8 oz (220g),220.0,,,,,,,,,,,,,,,,,,
Nike Alphafly 3,https://runrepeat.com/nike-alphafly-3,https://cdn.runrepeat.com/storage/gallery/product_primary/40255/nike-alphafly-3-2-21208136-720.jpg,88 Great!,$285,Competition,Neutral,7.1 oz / 201g 7 oz / 198g,✓,8.5 mm 8.0 mm,HeelMid/forefoot,18.1 HA,Small,Bad,Good,Bad,Breathable,38.1 mm,29.6 mm,8.5 mm,28.4N,71.7N,Nike,88,285.0,8.5,,,,,,,,,,,,,,,,,,,,
Brooks Glycerin 22,https://runrepeat.com/brooks-glycerin-22,https://cdn.runrepeat.com/storage/gallery/product_primary/40658/brooks-glycerin-22-22723203-720.jpg,86 Good!,$165,Daily running,Neutral,10.3 oz / 293g 10.2 oz / 289g,,10.3 mm 10.0 mm,Heel,17.3 HA,Normal,Decent,Good,Good,Breathable,38.5 mm,28.2 mm,10.3 mm,15.0N,26.5N,Brooks,86,165.0,10.3,10.3 oz (293g),293.0,,,,,,,,,,,,,,,,,,
ASICS Gel Nimbus 27,https://runrepeat.com/asics-gel-nimbus-27,https://cdn.runrepeat.com/storage/gallery/product_primary/40620/asics-gel-nimbus-27-22584818-720.jpg,87 Great!,$165,Daily running,Neutral,10.5 oz / 299g 10.8 oz / 305g,,8.3 mm 8.0 mm,HeelMid/forefoot,21.0 HA,Small,Decent,Good,Good,Moderate,42.7 mm,34.4 mm,8.3 mm,20.2N,34.6N,ASICS,87,165.0,8.3,10.5 oz (299g),299.0,,,,,,,,,,,,,,,,,,
Adidas Adizero Adios Pro 4,https://runrepeat.com/adidas-adizero-adios-pro-4,https://cdn.runrepeat.com/storage/gallery/product_primary/40584/adidas-adizero-adios-pro-4-22483965-720.jpg,93 Superb!,$250,Competition,Neutral,7.1 oz / 200g 7.1 oz / 201g,✓,8.1 mm 6.0 mm,Mid/forefoot,11.0 HA,Small,Bad,Good,Good,Warm,36.6 mm,28.5 mm,8.1 mm,22.7N,31.9N,Adidas,93,250.0,8.1,,,,,,,,,,,,,,,,,,,,
New Balance FuelCell SuperComp Elite v5,https://runrepeat.com/new-balance-fuel-cell-super-comp-elite-v-5,https://cdn.runrepeat.com/storage/gallery/product_primary/40806/new-balance-fuel-cell-super-comp-elite-v-5-23658945-720.jpg,92 Superb!,$250,Competition,Neutral,7 oz / 198g 7.5 oz / 213g,✓,10.7 mm 8.0 mm,Heel,15.2 HA,Small,Bad,Decent,Decent,Moderate,39.3 mm,28.6 mm,10.7 mm,16.2N,,New Balance,92,250.0,10.7,7.0 oz (198g),198.0,,,,,,,,,,,,,,,,,,
New Balance Fresh Foam 860 v11,https://runrepeat.com/new-balance-fresh-foam-860-v11,https://cdn.runrepeat.com/storage/gallery/product_primary/36313/nb-ff-860v11-hero-16203638-720.jpg,91 Superb!,$130,Daily running,Stability,10.6 oz / 300g 9.7 oz / 275g,,12.4 mm 10.0 mm,Heel,-,-,-,-,-,-,34.2 mm,21.8 mm,12.4 mm,,27.8N,New Balance,91,130.0,12.4,10.6 oz (300g),300.0,,,112.3 mm,86.5 mm,,,,,,,,,,,,,,
Altra Lone Peak 5.0,https://runrepeat.com/altra-lone-peak-5-0,https://cdn.runrepeat.com/storage/gallery/product_primary/36794/altra-lone-peak-50-hero-2-15915101-720.jpg,91 Superb!,$130,,Neutral,10.7 oz / 302g 10.6 oz / 301g,,0.2 mm 0.0 mm,Mid/forefoot,-,-,-,-,-,-,24.5 mm,24.3 mm,0.2 mm,,25.5N,Altra,91,130.0,0.2,10.7 oz (302g),302.0,LightModerate,24.5 mm 25.0 mm,109.7 mm,,,,,,,,,,,,,,,
Nike Pegasus Trail 5,https://runrepeat.com/nike-pegasus-trail-5,https://cdn.runrepeat.com/storage/gallery/product_primary/40380/nike-pegasus-trail-5-21664132-720.jpg,90 Great!,$150,,Neutral,10.1 oz / 286g 10.1 oz / 286g,,9.6 mm 9.5 mm,HeelMid/forefoot,11.1 HA,Normal,Very good,Good,Good,Warm,34.6 mm,25.0 mm,9.6 mm,13.3N,19.3N,Nike,90,150.0,9.6,,,Light,34.6 mm 37.0 mm,,,,,,,,,,,,,,,,
New Balance Fresh Foam X More Trail v3,https://runrepeat.com/new-balance-fresh-foam-x-more-trail-v3,https://cdn.runrepeat.com/storage/gallery/product_primary/39843/new-balance-fresh-foam-x-more-trail-v-3-21208168-720.jpg,87 Great!,$160,,Neutral,10.6 oz / 301g 10.6 oz / 301g,,7.1 mm 4.0 mm,Mid/forefoot,14.9 HA,Normal,Very bad,Decent,-,Moderate,38.6 mm,31.5 mm,7.1 mm,14.4N,27.3N,New Balance,87,160.0,7.1,,,ModerateTechnical,38.6 mm 39.4 mm,,,,,,,,,,,,,,,,
Nike React Infinity Run Flyknit 3,https://runrepeat.com/nike-react-infinity-run-flyknit-3,https://cdn.runrepeat.com/storage/gallery/product_primary/37916/nike-react-infinity-run-flyknit-3-21237189-720.jpg,87 Great!,$160,Daily running,Neutral,10.5 oz / 297g 10.9 oz / 310g,✗,6.7 mm 8.0 mm,Mid/forefoot,15.0 HA,Big,-,-,-,Moderate,30.0 mm,23.3 mm,6.7 mm,18.8N,24.9N,Nike,87,160.0,6.7,,,,,,,,,,,,,,,,,,,,
Skechers Aero Burst,https://runrepeat.com/skechers-aero-burst,https://cdn.runrepeat.com/storage/gallery/product_primary/40845/skechers-aero-burst-23547943-720.jpg,92 Superb!,$150,Daily running,Neutral,11.4 oz / 322g,,8.8 mm 6.0 mm,HeelMid/forefoot,14.4 HA,Normal,Decent,Good,Good,3,41.7 mm,32.9 mm,8.8 mm,15.3N,,Skechers,92,150.0,8.8,11.4 oz (322g),322.0,,,,,,,,,,,,,,,,,,
Nike Pegasus Plus,https://runrepeat.com/nike-pegasus-plus,https://cdn.runrepeat.com/storage/gallery/product_primary/40527/nike-pegasus-plus-22083897-720.jpg,90 Great!,$180,Daily runningTempo,Neutral,8.6 oz / 244g 8.6 oz / 244g,✓,9.4 mm 10.0 mm,HeelMid/forefoot,12.3 HA,Normal,Decent,Good,Decent,Moderate,33.0 mm,23.6 mm,9.4 mm,10.5N,15.6N,Nike,90,180.0,9.4,,,,,,,,,,,,,,,,,,,,
On Cloudmonster 2,https://runrepeat.com/on-cloudmonster-2,https://cdn.runrepeat.com/storage/gallery/product_primary/40327/on-cloudmonster-2-21369854-720.jpg,89 Great!,$180,Daily running,Neutral,10.3 oz / 292g 10.4 oz / 295g,,6.6 mm 6.0 mm,Mid/forefoot,26.5 HA,Small,Good,Decent,Good,Warm,37.9 mm,31.3 mm,6.6 mm,17.9N,31.2N,On,89,180.0,6.6,10.3 oz (292g),292.0,,,,,,,,,,,,,,,,,,
Brooks Ghost 15,https://runrepeat.com/brooks-ghost-15,https://cdn.runrepeat.com/storage/gallery/product_primary/39319/brooks-ghost-15-21189517-720.jpg,88 Great!,$140,Daily running,Neutral,9.8 oz / 279g 10.1 oz / 286g,✗,13.2 mm 12.0 mm,Heel,15.9 HA,Big,Bad,Decent,Good,Moderate,36.3 mm,23.1 mm,13.2 mm,9.5N,18.2N,Brooks,88,140.0,13.2,,,,,,,,,,,,,,,,,,,,
ASICS Superblast,https://runrepeat.com/asics-superblast,https://cdn.runrepeat.com/storage/gallery/product_primary/39357/asics-superblast-21166034-720.jpg,92 Superb!,$200,Daily runningTempo,Neutral,8.6 oz / 244g 8.4 oz / 239g,✓,7.9 mm 8.0 mm,Mid/forefoot,23.4 HA,Small,Bad,Decent,Good,Moderate,42.7 mm,34.8 mm,7.9 mm,19.6N,29.4N,ASICS,92,200.0,7.9,,,,,,,,,,,,,,,,,,,,
New Balance Fresh Foam X Vongo v6,https://runrepeat.com/new-balance-fresh-foam-x-vongo-v-6,https://cdn.runrepeat.com/storage/gallery/product_primary/39468/new-balance-fresh-foam-x-vongo-v-6-21573287-720.jpg,88 Great!,$150,Daily running,Stability,11 oz / 312g 10.9 oz / 309g,✗,5.6 mm 6.0 mm,Mid/forefoot,18.9 HA,Normal,Decent,Good,Good,Warm,36.1 mm,30.5 mm,5.6 mm,15.3N,22.8N,New Balance,88,150.0,5.6,,,,,,,,,,,,,,,,,,,,
New Balance Fresh Foam 680 v8,https://runrepeat.com/new-balance-fresh-foam-680-v8,https://cdn.runrepeat.com/storage/gallery/product_primary/40388/new-balance-fresh-foam-680-v-8-21845705-720.jpg,84 Good!,$80,Daily running,Neutral,9.2 oz / 261g 9.5 oz / 268g,✗,7.8 mm,Mid/forefoot,16.3 HA,Normal,Good,Good,Good,Breathable,35.4 mm,27.6 mm,7.8 mm,9.0N,16.6N,New Balance,84,80.0,7.8,,,,,,,,,,,,,,,,,,,,
Mizuno Neo Zen,https://runrepeat.com/mizuno-neo-zen,https://cdn.runrepeat.com/storage/gallery/product_primary/40640/mizuno-neo-zen-22947041-720.jpg,93 Superb!,$150,Daily runningTempo,Neutral,8.3 oz / 234g 8.5 oz / 240g,✓,7.0 mm 6.0 mm,Mid/forefoot,13.5 HA,Normal,Good,Good,Good,Moderate,41.0 mm,34.0 mm,7.0 mm,12.8N,,Mizuno,93,150.0,7.0,8.3 oz (234g),234.0,,,,,,,,,,,,,,,,,,
ASICS Metaspeed Sky,https://runrepeat.com/asics-meta-speed-sky,https://cdn.runrepeat.com/storage/gallery/product_primary/37140/asics-metaspeed-sky-hero-2-15915098-720.jpg,92 Superb!,$250,Competition,Neutral,6.7 oz / 191g 7 oz / 198g,✓,2.5 mm 5.0 mm,Mid/forefoot,-,-,-,-,-,5,33.7 mm,31.2 mm,2.5 mm,,,ASICS,92,250.0,2.5,6.7 oz (191g),191.0,,,112.6 mm,,,,,,,,,,,,,,,
Nike Vaporfly 4,https://runrepeat.com/nike-vaporfly-4,https://cdn.runrepeat.com/storage/gallery/product_primary/40754/nike-vaporfly-4-22860848-720.jpg,90 Great!,$260,Competition,Neutral,5.9 oz / 166g 6.5 oz / 184g,✓,8.6 mm 6.0 mm,HeelMid/forefoot,19.9 HA,Small,Good,Decent,Bad,Moderate,34.1 mm,25.5 mm,8.6 mm,18.0N,,Nike,90,260.0,8.6,5.9 oz (166g),166.0,,,,,,,,,,,,,,,,,,
Brooks Glycerin 21,https://runrepeat.com/brooks-glycerin-21,https://cdn.runrepeat.com/storage/gallery/product_primary/40266/brooks-glycerin-21-21493721-720.jpg,86 Good!,$160,Daily running,Neutral,9.8 oz / 278g 9.8 oz / 277g,,10.6 mm 10.0 mm,Heel,20.4 HA,Normal,Decent,Good,Good,Moderate,37.2 mm,26.6 mm,10.6 mm,12.3N,21.7N,Brooks,86,160.0,10.6,9.8 oz (278g),278.0,,,,,,,,,,,,,,,,,,
Nike Pegasus Premium,https://runrepeat.com/nike-pegasus-premium,https://cdn.runrepeat.com/storage/gallery/product_primary/40633/nike-pegasus-premium-23005570-720.jpg,83 Good!,$210,Daily runningTempo,Neutral,10.9 oz / 308g 10.9 oz / 309g,,11.8 mm 10.0 mm,Heel,18.5 HA,Small,Bad,Good,Decent,5,42.8 mm,31.0 mm,11.8 mm,21.2N,,Nike,83,210.0,11.8,10.9 oz (308g),308.0,,,,,,,,,,,,,,,,,,
ASICS Gel Nimbus 25,https://runrepeat.com/asics-gel-nimbus-25,https://cdn.runrepeat.com/storage/gallery/product_primary/39530/asics-gel-nimbus-25-21232027-720.jpg,89 Great!,$160,Daily running,Neutral,10.2 oz / 289g 10.5 oz / 299g,,7.8 mm 8.0 mm,Mid/forefoot,18.6 HA,Normal,-,-,-,Moderate,38.0 mm,30.2 mm,7.8 mm,13.2N,35.9N,ASICS,89,160.0,7.8,10.2 oz (289g),289.0,,,,,,,,,,,,,,,,,,
Brooks Adrenaline GTS 22,https://runrepeat.com/brooks-adrenaline-gts-22,https://cdn.runrepeat.com/storage/gallery/product_primary/37951/brooks-adrenaline-gts-22-27-16338200-720.jpg,89 Great!,$140,Daily running,Stability,10.4 oz / 294g 10.2 oz / 289g,✗,14.7 mm 12.0 mm,Heel,-,-,-,-,-,-,37.4 mm,22.7 mm,14.7 mm,,40.8N,Brooks,89,140.0,14.7,10.4 oz (294g),294.0,,,116.3 mm,,,,,,,,,,,,,,,
New Balance FuelCell Rebel v4,https://runrepeat.com/new-balance-fuelcell-rebel-v4,https://cdn.runrepeat.com/storage/gallery/product_primary/40311/new-balance-fuel-cell-rebel-v-4-21446877-720.jpg,86 Good!,$140,Daily runningTempo,Neutral,7.5 oz / 213g 7.7 oz / 218g,✓,6.5 mm 6.0 mm,Mid/forefoot,8.5 HA,Big,Bad,Good,Good,Moderate,28.0 mm,21.5 mm,6.5 mm,8.1N,13.3N,New Balance,86,140.0,6.5,,,,,,,,,,,,,,,,,,,,
Adidas Ultraboost 5X,https://runrepeat.com/adidas-ultraboost-5-x,https://cdn.runrepeat.com/storage/gallery/product_primary/40449/adidas-ultraboost-5-x-22499466-720.jpg,91 Superb!,$180,Daily running,Neutral,9.4 oz / 266g 9.7 oz / 274g,✗,10.4 mm 10.0 mm,Heel,16.4 HA,Normal,Good,Good,Good,Moderate,34.6 mm,24.2 mm,10.4 mm,11.4N,18.5N,Adidas,91,180.0,10.4,,,,,,,,,,,,,,,,,,,,
Hoka Mach 5,https://runrepeat.com/hoka-mach-5,https://cdn.runrepeat.com/storage/gallery/product_primary/38676/hoka-mach-5-21236514-720.jpg,90 Great!,$140,Daily runningTempo,Neutral,7.9 oz / 225g 8.2 oz / 232g,✓,5.7 mm 5.0 mm,Mid/forefoot,15.0 HA,Big,-,-,-,Moderate,30.7 mm,25.0 mm,5.7 mm,9.4N,20.3N,HOKA,90,140.0,5.7,,,,,,,,,,,,,,,,,,,,
Adidas Adizero Prime X 2 Strung,https://runrepeat.com/adidas-adizero-prime-x-2-strung,https://cdn.runrepeat.com/storage/gallery/product_primary/40182/adidas-adizero-prime-x-2-strung-21683218-720.jpg,88 Great!,$300,CompetitionTempo,Neutral,10.8 oz / 305g 10.8 oz / 306g,✗,8.8 mm 6.5 mm,HeelMid/forefoot,24.3 HA,Small,Good,Good,Good,Moderate,45.7 mm,36.9 mm,8.8 mm,37.0N,76.6N,Adidas,88,300.0,8.8,,,,,,,,,,,,,,,,,,,,
Saucony Ride 18,https://runrepeat.com/saucony-ride-18,https://cdn.runrepeat.com/storage/gallery/product_primary/40635/saucony-ride-18-22723088-720.jpg,89 Great!,$140,Daily running,Neutral,9 oz / 255g 9.5 oz / 269g,✗,8.4 mm 8.0 mm,HeelMid/forefoot,26.1 HA,Small,Decent,Good,Good,Breathable,35.0 mm,26.6 mm,8.4 mm,11.0N,25.4N,Saucony,89,140.0,8.4,,,,,,,,,,,,,,,,,,,,
Nike Vaporfly 3,https://runrepeat.com/nike-zoom-x-vaporfly-next-3,https://cdn.runrepeat.com/storage/gallery/product_primary/39647/nike-vaporfly-3-21212268-720.jpg,86 Good!,$250,Competition,Neutral,6.7 oz / 190g 6.5 oz / 184g,✓,11.1 mm 8.0 mm,HeelMid/forefoot,16.8 HA,Normal,Bad,Good,Good,Breathable,37.1 mm,26.0 mm,11.1 mm,18.4N,56.1N,Nike,86,250.0,11.1,,,,,,,,,,,,,,,,,,,,
HOKA Arahi 8,https://runrepeat.com/hoka-arahi-8,https://cdn.runrepeat.com/storage/gallery/product_primary/40854/hoka-arahi-8-23493841-720.jpg,85 Good!,$150,Daily running,Stability,9.1 oz / 259g 9 oz / 256g,,11.3 mm 8.0 mm,Heel,16.4 HA,Normal,Good,Good,Good,2,39.4 mm,28.1 mm,11.3 mm,18.3N,,HOKA,85,150.0,11.3,9.1 oz (259g),259.0,,,,,,,,,,,,,,,,,,
Hoka Arahi 7,https://runrepeat.com/hoka-arahi-7,https://cdn.runrepeat.com/storage/gallery/product_primary/40269/hoka-arahi-7-21372292-720.jpg,82 Good!,$145,Daily running,Stability,9.4 oz / 266g 9.6 oz / 272g,,6.3 mm 5.0 mm,Mid/forefoot,26.6 HA,Small,Good,Good,Good,Moderate,34.2 mm,27.9 mm,6.3 mm,17.8N,33.5N,HOKA,82,145.0,6.3,9.4 oz (266g),266.0,,,,,,,,,,,,,,,,,,
New Balance Fresh Foam X 880 v14,https://runrepeat.com/new-balance-fresh-foam-x-880-v-14,https://cdn.runrepeat.com/storage/gallery/product_primary/40304/new-balance-fresh-foam-x-880-v-14-22103110-720.jpg,88 Great!,$140,Daily running,Neutral,8.9 oz / 251g 8.7 oz / 247g,,8.0 mm 8.0 mm,HeelMid/forefoot,15.6 HA,Big,Decent,Bad,Decent,Moderate,33.0 mm,25.0 mm,8.0 mm,12.9N,20.6N,New Balance,88,140.0,8.0,8.9 oz (251g),251.0,,,,,,,,,,,,,,,,,,
Brooks Ghost 16,https://runrepeat.com/brooks-ghost-16,https://cdn.runrepeat.com/storage/gallery/product_primary/40307/brooks-ghost-16-21769307-720.jpg,81 Good!,$140,Daily running,Neutral,9.4 oz / 266g 9.5 oz / 269g,,12.4 mm 12.0 mm,Heel,21.6 HA,Small,Decent,Good,Good,Moderate,35.1 mm,22.7 mm,12.4 mm,9.6N,13.6N,Brooks,81,140.0,12.4,9.4 oz (266g),266.0,,,,,,,,,,,,,,,,,,
ASICS Magic Speed 4,https://runrepeat.com/asics-magic-speed-4,https://cdn.runrepeat.com/storage/gallery/product_primary/40419/asics-magic-speed-4-21784091-720.jpg,92 Superb!,$170,CompetitionTempo,Neutral,8.4 oz / 237g 8.5 oz / 242g,✓,9.6 mm 8.0 mm,HeelMid/forefoot,14.9 HA,Small,Good,Good,Good,Breathable,42.5 mm,32.9 mm,9.6 mm,26.5N,38.5N,ASICS,92,170.0,9.6,,,,,,,,,,,,,,,,,,,,
Salomon Aero Glide 3,https://runrepeat.com/salomon-aero-glide-3,https://cdn.runrepeat.com/storage/gallery/product_primary/40735/salomon-aero-glide-3-23039007-720.jpg,92 Superb!,$160,Daily running,Neutral,8.7 oz / 248g 8.6 oz / 245g,✓,10.3 mm 8.0 mm,Heel,21.0 HA,Small,Bad,Decent,Decent,Moderate,42.2 mm,31.9 mm,10.3 mm,16.0N,,Salomon,92,160.0,10.3,8.7 oz (248g),248.0,,,,,,,,,,,,,,,,,,
HOKA Rocket X 3,https://runrepeat.com/hoka-rocket-x-3,https://cdn.runrepeat.com/storage/gallery/product_primary/40907/hoka-rocket-x-3-23536754-720.jpg,89 Great!,$250,Competition,Neutral,7.8 oz / 220g 7.4 oz / 210g,✓,10.0 mm 7.0 mm,HeelMid/forefoot,15.9 HA,Small,Decent,Good,Good,Breathable,39.6 mm,29.6 mm,10.0 mm,21.3N,,HOKA,89,250.0,10.0,7.8 oz (220g),220.0,,,,,,,,,,,,,,,,,,
Saucony Endorphin Pro 4,https://runrepeat.com/saucony-endorphin-pro-4,https://cdn.runrepeat.com/storage/gallery/product_primary/40334/saucony-endorphin-pro-4-21356820-720.jpg,87 Great!,$225,Competition,Neutral,7.8 oz / 220g 7.7 oz / 218g,✓,9.5 mm 8.0 mm,HeelMid/forefoot,22.0 HA,Small,Good,Good,Good,Breathable,38.1 mm,28.6 mm,9.5 mm,25.7N,69.1N,Saucony,87,225.0,9.5,,,,,,,,,,,,,,,,,,,,
New Balance Fresh Foam X Kaiha Road,https://runrepeat.com/new-balance-fresh-foam-x-kaiha-road,https://cdn.runrepeat.com/storage/gallery/product_primary/39996/new-balance-fresh-foam-x-kaiha-road-21208167-720.jpg,81 Good!,$100,Daily running,Neutral,9.9 oz / 281g 10.6 oz / 300g,,3.8 mm 4.0 mm,Mid/forefoot,13.3 HA,Normal,Bad,Bad,Good,Moderate,35.8 mm,32.0 mm,3.8 mm,17.5N,25.5N,New Balance,81,100.0,3.8,9.9 oz (281g),281.0,,,,,,,,,,,,,,,,,,
Saucony Endorphin Speed 4,https://runrepeat.com/saucony-endorphin-speed-4,https://cdn.runrepeat.com/storage/gallery/product_primary/40335/saucony-endorphin-speed-4-21350768-720.jpg,82 Good!,$170,Tempo,Neutral,8.4 oz / 237g 8.3 oz / 235g,✓,8.7 mm 8.0 mm,HeelMid/forefoot,22.3 HA,Small,Decent,Good,Good,Breathable,36.2 mm,27.5 mm,8.7 mm,13.5N,29.4N,Saucony,82,170.0,8.7,,,,,,,,,,,,,,,,,,,,
PUMA Deviate Nitro Elite 3,https://runrepeat.com/puma-deviate-nitro-elite-3,https://cdn.runrepeat.com/storage/gallery/product_primary/40422/puma-deviate-nitro-elite-3-22069868-720.jpg,90 Great!,$230,CompetitionTempo,Neutral,7.2 oz / 204g 7.4 oz / 209g,✓,10.6 mm 8.0 mm,HeelMid/forefoot,15.1 HA,Normal,Bad,Good,Decent,Moderate,39.2 mm,28.6 mm,10.6 mm,18.1N,51.4N,PUMA,90,230.0,10.6,,,,,,,,,,,,,,,,,,,,
New Balance FuelCell SuperComp Trainer v2,https://runrepeat.com/new-balance-fuel-cell-super-comp-trainer-v-2,https://cdn.runrepeat.com/storage/gallery/product_primary/39993/new-balance-fuel-cell-super-comp-trainer-v-2-21208165-720.jpg,89 Great!,$180,Tempo,Neutral,9.3 oz / 264g 9.7 oz / 275g,✗,8.4 mm 6.0 mm,HeelMid/forefoot,9.6 HA,Normal,Bad,Good,Good,Moderate,39.3 mm,30.9 mm,8.4 mm,,35.4N,New Balance,89,180.0,8.4,9.3 oz (264g),264.0,,,,,,,,,,,,,,,,,,
New Balance Fresh Foam 1080 v11,https://runrepeat.com/new-balance-fresh-foam-1080-v-11,https://cdn.runrepeat.com/storage/gallery/product_primary/36800/new-balance-fresh-foam-1080-v11-hero-2-15915106-720.jpg,89 Great!,$150,Daily running,Neutral,9.2 oz / 261g 10.1 oz / 285g,,8.0 mm 8.0 mm,HeelMid/forefoot,-,-,-,-,-,-,34.2 mm,26.2 mm,8.0 mm,,,New Balance,89,150.0,8.0,9.2 oz (261g),261.0,,,114.9 mm,90.3 mm,5.0 mm,,,,,,,,,,,,,
Brooks Ghost 14,https://runrepeat.com/brooks-ghost-14,https://cdn.runrepeat.com/storage/gallery/product_primary/37504/brooks-ghost-14-hero-2-15915119-720.jpg,91 Superb!,$140,Daily running,Neutral,10.1 oz / 287g 9.9 oz / 280g,,12.4 mm 12.0 mm,Heel,-,-,-,-,-,3,33.8 mm,21.4 mm,12.4 mm,,19.2N,Brooks,91,140.0,12.4,10.1 oz (287g),287.0,,,113.8 mm,,,,,,,,,,,,,,,
Hoka Clifton 8,https://runrepeat.com/hoka-clifton-8,https://cdn.runrepeat.com/storage/gallery/product_primary/37164/hoka-clifton-8-21208096-720.jpg,89 Great!,$130,Daily running,Neutral,9 oz / 256g 8.8 oz / 250g,,8.6 mm 5.0 mm,HeelMid/forefoot,-,-,-,-,-,2,33.7 mm,25.1 mm,8.6 mm,,45.1N,HOKA,89,130.0,8.6,9.0 oz (256g),256.0,,,115.5 mm,,,,,,,,,,,,,,,
Brooks Glycerin 20,https://runrepeat.com/brooks-glycerin-20,https://cdn.runrepeat.com/storage/gallery/product_primary/38387/brooks-glycerin-20-21232040-720.jpg,89 Great!,$160,Daily running,Neutral,10.5 oz / 297g 10.1 oz / 286g,,12.8 mm 10.0 mm,Heel,20.0 HA,Small,-,-,-,Moderate,37.1 mm,24.3 mm,12.8 mm,12.9N,28.2N,Brooks,89,160.0,12.8,10.5 oz (297g),297.0,,,,,,,,,,,,,,,,,,
Adidas Supernova Rise 2,https://runrepeat.com/adidas-supernova-rise-2,https://cdn.runrepeat.com/storage/gallery/product_primary/40637/adidas-supernova-rise-2-22781441-720.jpg,91 Superb!,$140,Daily running,Neutral,9.1 oz / 257g 9.4 oz / 266g,✗,9.5 mm 10.0 mm,HeelMid/forefoot,21.0 HA,Small,Decent,Good,Decent,Moderate,33.5 mm,24.0 mm,9.5 mm,7.3N,17.6N,Adidas,91,140.0,9.5,,,,,,,,,,,,,,,,,,,,
ASICS Metaspeed Sky Paris,https://runrepeat.com/asics-metaspeed-sky-paris,https://cdn.runrepeat.com/storage/gallery/product_primary/40336/asics-metaspeed-sky-paris-21752114-720.jpg,89 Great!,$250,Competition,Neutral,6.5 oz / 183g 6.4 oz / 181g,✓,6.5 mm 5.0 mm,Mid/forefoot,21.0 HA,Small,Good,Good,Good,Breathable,39.1 mm,32.6 mm,6.5 mm,23.6N,35.4N,ASICS,89,250.0,6.5,,,,,,,,,,,,,,,,,,,,
PUMA Deviate Nitro 3,https://runrepeat.com/puma-deviate-nitro-3,https://cdn.runrepeat.com/storage/gallery/product_primary/40421/puma-deviate-nitro-3-21762222-720.jpg,89 Great!,$160,Tempo,Neutral,9.5 oz / 268g 9.5 oz / 269g,✗,10.1 mm 10.0 mm,Heel,18.0 HA,Normal,Decent,Decent,Decent,Moderate,37.4 mm,27.3 mm,10.1 mm,20.6N,35.6N,PUMA,89,160.0,10.1,,,,,,,,,,,,,,,,,,,,
ASICS GT 2000 13,https://runrepeat.com/asics-gt-2000-13,https://cdn.runrepeat.com/storage/gallery/product_primary/40483/asics-gt-2000-13-22057396-720.jpg,89 Great!,$140,Daily running,Stability,9.3 oz / 264g 9.4 oz / 266g,✗,9.4 mm 8.0 mm,HeelMid/forefoot,18.5 HA,Small,Good,Good,Good,Moderate,36.6 mm,27.2 mm,9.4 mm,15.7N,24.2N,ASICS,89,140.0,9.4,,,,,,,,,,,,,,,,,,,,
Hoka Mafate Speed 4,https://runrepeat.com/hoka-mafate-speed-4,https://cdn.runrepeat.com/storage/gallery/product_primary/38989/hoka-mafate-speed-4-21208102-720.jpg,88 Great!,$185,,Neutral,10.3 oz / 293g 10.4 oz / 295g,,7.2 mm 4.0 mm,Mid/forefoot,17.5 HA,Normal,Good,Good,Good,Moderate,38.0 mm,30.8 mm,7.2 mm,14.1N,24.5N,HOKA,88,185.0,7.2,,,ModerateTechnical,38.0 mm 33.0 mm,,,,,,,,,,,,,,,,
ASICS Gel Kayano 30,https://runrepeat.com/asics-gel-kayano-30,https://cdn.runrepeat.com/storage/gallery/product_primary/40013/asics-gel-kayano-30-21161600-720.jpg,87 Great!,$160,Daily running,Stability,10.7 oz / 303g 10.7 oz / 303g,✗,12.0 mm 10.0 mm,Heel,16.4 HA,Big,Good,Bad,Good,Breathable,39.7 mm,27.7 mm,12.0 mm,16.1N,25.0N,ASICS,87,160.0,12.0,,,,,,,,,,,,,,,,,,,,
New Balance Fresh Foam X Hierro v9,https://runrepeat.com/new-balance-fresh-foam-x-hierro-v9,https://cdn.runrepeat.com/storage/gallery/product_primary/40693/new-balance-fresh-foam-x-hierro-9-22723086-720.jpg,84 Good!,$155,,Neutral,10.9 oz / 309g 10.5 oz / 297g,,4.2 mm 4.0 mm,Mid/forefoot,14.6 HA,Small,Good,Good,Good,Moderate,37.3 mm,33.1 mm,4.2 mm,18.2N,34.6N,New Balance,84,155.0,4.2,,,Light,37.3 mm 33.0 mm,,,,,,,,,,,,,,,,
New Balance FuelCell SuperComp Trainer v3,https://runrepeat.com/new-balance-fuel-cell-super-comp-trainer-v-3,https://cdn.runrepeat.com/storage/gallery/product_primary/40405/new-balance-fuel-cell-super-comp-trainer-v-3-21926162-720.jpg,85 Good!,$180,Tempo,Neutral,9.8 oz / 278g 9.8 oz / 278g,✗,7.3 mm 6.0 mm,Mid/forefoot,8.8 HA,Normal,Bad,Good,Decent,Moderate,36.8 mm,29.5 mm,7.3 mm,25.1N,36.8N,New Balance,85,180.0,7.3,,,,,,,,,,,,,,,,,,,,
Saucony Endorphin Pro+,https://runrepeat.com/saucony-endorphin-pro-plus,https://cdn.runrepeat.com/storage/gallery/product_primary/37818/saucony-endorphin-pro-plus-hero-2-15915135-720.jpg,91 Superb!,$250,Competition,Neutral,7.1 oz / 201g 6.9 oz / 196g,✓,8.7 mm 8.0 mm,HeelMid/forefoot,-,-,-,-,-,-,35.9 mm,27.2 mm,8.7 mm,,86.0N,Saucony,91,250.0,8.7,7.1 oz (201g),201.0,,,107.1 mm,,,,,,,,,,,,,,,
ASICS Metaspeed Sky+,https://runrepeat.com/asics-metaspeed-sky-plus,https://cdn.runrepeat.com/storage/gallery/product_primary/38635/asics-metaspeed-sky-21232018-720.jpg,91 Superb!,$250,Competition,Neutral,7.2 oz / 205g 7.2 oz / 205g,✓,2.7 mm 5.0 mm,Mid/forefoot,-,-,-,Good,-,Breathable,33.5 mm,30.8 mm,2.7 mm,25.3N,67.0N,ASICS,91,250.0,2.7,7.2 oz (205g),205.0,,,,,,,,,,,,,,,,,,
Saucony Guide 17,https://runrepeat.com/saucony-guide-17,https://cdn.runrepeat.com/storage/gallery/product_primary/40313/saucony-guide-17-21392314-720.jpg,90 Great!,$140,Daily running,Stability,9.7 oz / 275g 9.5 oz / 269g,,7.0 mm 6.0 mm,Mid/forefoot,22.3 HA,Small,Decent,Good,Good,Moderate,34.9 mm,27.9 mm,7.0 mm,10.0N,22.2N,Saucony,90,140.0,7.0,9.7 oz (275g),275.0,,,,,,,,,,,,,,,,,,
Saucony Ride 17,https://runrepeat.com/saucony-ride-17,https://cdn.runrepeat.com/storage/gallery/product_primary/40236/saucony-ride-17-21258652-720.jpg,89 Great!,$140,Daily running,Neutral,10.2 oz / 288g 9.9 oz / 282g,,8.5 mm 8.0 mm,HeelMid/forefoot,19.0 HA,Small,Decent,Good,Good,Warm,35.1 mm,26.6 mm,8.5 mm,13.6N,29.4N,Saucony,89,140.0,8.5,10.2 oz (288g),288.0,,,,,,,,,,,,,,,,,,
Salomon Speedcross 6,https://runrepeat.com/salomon-speedcross-6,https://cdn.runrepeat.com/storage/gallery/product_primary/38918/salomon-speedcross-6-21230510-720.jpg,89 Great!,$145,,Neutral,10.4 oz / 296g 10.5 oz / 298g,,14.1 mm 10.0 mm,Heel,34.4 HA,Small,Good,Decent,Decent,Warm,36.5 mm,22.4 mm,14.1 mm,12.7N,18.2N,Salomon,89,145.0,14.1,,,Technical,36.5 mm 32.0 mm,,,,,,,,,,,,,,,,
Brooks Hyperion Max,https://runrepeat.com/brooks-hyperion-max,https://cdn.runrepeat.com/storage/gallery/product_primary/39460/brooks-hyperion-max-21189521-720.jpg,88 Great!,$170,CompetitionTempo,Neutral,7.5 oz / 213g 7.8 oz / 221g,✓,8.2 mm 8.0 mm,HeelMid/forefoot,20.8 HA,Small,Decent,Decent,Good,Breathable,32.4 mm,24.2 mm,8.2 mm,13.5N,25.8N,Brooks,88,170.0,8.2,,,,,,,,,,,,,,,,,,,,
Hoka Speedgoat 5,https://runrepeat.com/hoka-speedgoat-5,https://cdn.runrepeat.com/storage/gallery/product_primary/38038/hoka-speedgoat-5-21236516-720.jpg,88 Great!,$155,,Neutral,9.8 oz / 277g 9.7 oz / 276g,,3.8 mm 4.0 mm,Mid/forefoot,11.0 HA,Big,-,-,-,Moderate,27.5 mm,23.7 mm,3.8 mm,12.1N,25.3N,HOKA,88,155.0,3.8,,,LightModerate,27.5 mm 33.0 mm,,,,,,,,,,,,,,,,
Hoka Gaviota 5,https://runrepeat.com/hoka-gaviota-5,https://cdn.runrepeat.com/storage/gallery/product_primary/40134/hoka-gaviota-5-21208099-720.jpg,83 Good!,$175,Daily running,Stability,10.5 oz / 299g 10.9 oz / 310g,,2.2 mm 6.0 mm,Mid/forefoot,12.9 HA,Big,Decent,Bad,Good,Breathable,34.9 mm,32.7 mm,2.2 mm,21.3N,32.7N,HOKA,83,175.0,2.2,10.5 oz (299g),299.0,,,,,,,,,,,,,,,,,,
Nike Invincible 3,https://runrepeat.com/nike-zoom-x-invincible-run-flyknit-3,https://cdn.runrepeat.com/storage/gallery/product_primary/39467/nike-zoom-x-invincible-run-flyknit-3-21237198-720.jpg,81 Good!,$180,Daily running,Neutral,10 oz / 284g 10 oz / 284g,,9.6 mm 9.0 mm,HeelMid/forefoot,14.5 HA,Small,-,-,-,Moderate,35.2 mm,25.6 mm,9.6 mm,12.1N,32.0N,Nike,81,180.0,9.6,10.0 oz (284g),284.0,,,,,,,,,,,,,,,,,,
ASICS GT 2000 12,https://runrepeat.com/asics-gt-2000-12,https://cdn.runrepeat.com/storage/gallery/product_primary/40121/asics-gt-2000-12-21136496-720.jpg,90 Great!,$140,Daily running,Stability,9.7 oz / 275g 9.4 oz / 266g,✗,10.0 mm 8.0 mm,HeelMid/forefoot,25.1 HA,Small,Decent,Good,Good,Moderate,36.6 mm,26.6 mm,10.0 mm,16.1N,28.7N,ASICS,90,140.0,10.0,,,,,,,,,,,,,,,,,,,,
ASICS Gel Cumulus 27,https://runrepeat.com/asics-gel-cumulus-27,https://cdn.runrepeat.com/storage/gallery/product_primary/40699/asics-gel-cumulus-27-22918744-720.jpg,89 Great!,$140,Daily running,Neutral,9.2 oz / 261g 9.3 oz / 265g,,11.6 mm 8.0 mm,Heel,15.9 HA,Normal,Good,Good,Bad,2,40.9 mm,29.3 mm,11.6 mm,15.1N,,ASICS,89,140.0,11.6,9.2 oz (261g),261.0,,,,,,,,,,,,,,,,,,
PUMA Velocity Nitro 4,https://runrepeat.com/puma-velocity-nitro-4,https://cdn.runrepeat.com/storage/gallery/product_primary/40911/puma-velocity-nitro-4-23536936-720.jpg,89 Great!,$140,Daily runningTempo,Neutral,7.9 oz / 224g 8.6 oz / 245g,✓,9.7 mm 10.0 mm,HeelMid/forefoot,20.0 HA,Big,Decent,Decent,Decent,Moderate,33.7 mm,24.0 mm,9.7 mm,8.9N,,PUMA,89,140.0,9.7,7.9 oz (224g),224.0,,,,,,,,,,,,,,,,,,
Saucony Endorphin Speed 3,https://runrepeat.com/saucony-endorphin-speed-3,https://cdn.runrepeat.com/storage/gallery/product_primary/37960/saucony-endorphin-speed-3-21237226-720.jpg,89 Great!,$160,Tempo,Neutral,7.9 oz / 225g 8.1 oz / 229g,✓,7.4 mm 8.0 mm,Mid/forefoot,13.8 HA,Small,-,-,-,Moderate,34.1 mm,26.7 mm,7.4 mm,10.5N,23.5N,Saucony,89,160.0,7.4,,,,,,,,,,,,,,,,,,,,
New Balance Fresh Foam X 860 v14,https://runrepeat.com/new-balance-fresh-foam-x-860-v14,https://cdn.runrepeat.com/storage/gallery/product_primary/40383/new-balance-fresh-foam-x-860-v-14-22110006-720.jpg,85 Good!,$140,Daily running,Stability,10.4 oz / 295g 10.5 oz / 298g,✗,9.3 mm 8.0 mm,HeelMid/forefoot,10.9 HA,Big,Decent,Bad,Decent,Moderate,36.8 mm,27.5 mm,9.3 mm,14.6N,20.4N,New Balance,85,140.0,9.3,,,,,,,,,,,,,,,,,,,,
New Balance Fresh Foam X 880 v15,https://runrepeat.com/new-balance-fresh-foam-x-880-v-15,https://cdn.runrepeat.com/storage/gallery/product_primary/40700/new-balance-fresh-foam-x-880-v-15-22694419-720.jpg,85 Good!,$140,Daily running,Neutral,10.1 oz / 286g 9.9 oz / 281g,,4.3 mm 6.0 mm,Mid/forefoot,19.6 HA,Small,Decent,Good,Decent,Moderate,39.7 mm,35.4 mm,4.3 mm,19.2N,34.3N,New Balance,85,140.0,4.3,10.1 oz (286g),286.0,,,,,,,,,,,,,,,,,,
Brooks Hyperion Max 2,https://runrepeat.com/brooks-hyperion-max-2,https://cdn.runrepeat.com/storage/gallery/product_primary/40403/brooks-hyperion-max-2-21825588-720.jpg,88 Great!,$180,Tempo,Neutral,9.2 oz / 262g 9.2 oz / 261g,✗,6.8 mm 6.0 mm,Mid/forefoot,20.9 HA,Small,Decent,Decent,Good,Moderate,33.2 mm,26.4 mm,6.8 mm,22.4N,29.6N,Brooks,88,180.0,6.8,,,,,,,,,,,,,,,,,,,,
ASICS Gel Kayano 32,https://runrepeat.com/asics-gel-kayano-32,https://cdn.runrepeat.com/storage/gallery/product_primary/40809/asics-gel-kayano-32-23240127-720.jpg,84 Good!,$165,Daily running,Stability,10.4 oz / 295g 10.7 oz / 304g,,9.3 mm 8.0 mm,HeelMid/forefoot,22.0 HA,Small,Good,Good,Good,4,39.9 mm,30.6 mm,9.3 mm,16.9N,,ASICS,84,165.0,9.3,10.4 oz (295g),295.0,,,,,,,,,,,,,,,,,,
Adidas Adizero Adios Pro 3,https://runrepeat.com/adidas-adizero-adios-pro-3,https://cdn.runrepeat.com/storage/gallery/product_primary/38793/adidas-adizero-adios-pro-3-2-21158464-720.jpg,91 Superb!,$250,Competition,Neutral,7.7 oz / 218g 7.9 oz / 223g,✓,8.0 mm 6.5 mm,HeelMid/forefoot,20.9 HA,Small,Bad,Good,Good,Breathable,37.8 mm,29.8 mm,8.0 mm,25.3N,45.6N,Adidas,91,250.0,8.0,,,,,,,,,,,,,,,,,,,,
On Cloudboom Strike,https://runrepeat.com/on-cloudboom-strike,https://cdn.runrepeat.com/storage/gallery/product_primary/40470/on-cloudboom-strike-23354255-720.jpg,92 Superb!,$280,Competition,Neutral,7.1 oz / 201g 7.4 oz / 210g,✓,3.2 mm 4.0 mm,Mid/forefoot,16.9 HA,Small,Bad,Good,Decent,Moderate,38.1 mm,34.9 mm,3.2 mm,17.8N,,On,92,280.0,3.2,7.1 oz (201g),201.0,,,,,,,,,,,,,,,,,,
Mizuno Neo Vista,https://runrepeat.com/mizuno-neo-vista,https://cdn.runrepeat.com/storage/gallery/product_primary/40408/mizuno-neo-vista-22049655-720.jpg,91 Superb!,$180,Daily runningTempo,Neutral,9.1 oz / 259g 9.4 oz / 266g,,9.6 mm 8.0 mm,HeelMid/forefoot,15.6 HA,Small,Good,Good,Good,Moderate,44.9 mm,35.3 mm,9.6 mm,16.2N,24.9N,Mizuno,91,180.0,9.6,9.1 oz (259g),259.0,,,,,,,,,,,,,,,,,,
On Cloudsurfer 2,https://runrepeat.com/on-cloudsurfer-2,https://cdn.runrepeat.com/storage/gallery/product_primary/40717/on-cloudsurfer-2-23043764-720.jpg,90 Great!,$160,Daily running,Neutral,9 oz / 254g 9.2 oz / 260g,,10.4 mm 9.0 mm,Heel,25.5 HA,Small,Decent,Good,Good,3,37.5 mm,27.1 mm,10.4 mm,11.5N,,On,90,160.0,10.4,9.0 oz (254g),254.0,,,,,,,,,,,,,,,,,,
Saucony Triumph 22,https://runrepeat.com/saucony-triumph-22,https://cdn.runrepeat.com/storage/gallery/product_primary/40254/saucony-triumph-22-21679523-720.jpg,88 Great!,$160,Daily running,Neutral,10.1 oz / 286g 10.1 oz / 286g,,9.7 mm 10.0 mm,HeelMid/forefoot,18.3 HA,Small,Good,Good,Good,Moderate,38.6 mm,28.9 mm,9.7 mm,16.1N,29.7N,Saucony,88,160.0,9.7,10.1 oz (286g),286.0,,,,,,,,,,,,,,,,,,
On Cloudrunner 2,https://runrepeat.com/on-cloudrunner-2,https://cdn.runrepeat.com/storage/gallery/product_primary/21319/on-cloudrunner-2-21644119-720.jpg,88 Great!,$150,Daily running,Neutral,9.7 oz / 275g 9.8 oz / 277g,,8.5 mm 10.0 mm,HeelMid/forefoot,27.3 HA,Small,Decent,Decent,Decent,Moderate,33.6 mm,25.1 mm,8.5 mm,18.2N,21.1N,On,88,150.0,8.5,9.7 oz (275g),275.0,,,,,,,,,,,,,,,,,,
Nike Pegasus 40,https://runrepeat.com/nike-pegasus-40,https://cdn.runrepeat.com/storage/gallery/product_primary/39801/nike-pegasus-40-21212260-720.jpg,86 Good!,$130,Daily running,Neutral,9.7 oz / 275g 9.7 oz / 275g,,9.7 mm 10.0 mm,HeelMid/forefoot,17.6 HA,Small,Decent,-,-,Moderate,30.2 mm,20.5 mm,9.7 mm,12.4N,16.0N,Nike,86,130.0,9.7,9.7 oz (275g),275.0,,,,,,,,,,,,,,,,,,
Saucony Endorphin Pro 3,https://runrepeat.com/saucony-endorphin-pro-3,https://cdn.runrepeat.com/storage/gallery/product_primary/37959/saucony-endorphin-pro-3-21237224-720.jpg,89 Great!,$225,Competition,Neutral,7.3 oz / 206g 7.2 oz / 204g,✓,9.3 mm 8.0 mm,HeelMid/forefoot,15.5 HA,Normal,-,-,-,-,35.0 mm,25.7 mm,9.3 mm,,94.4N,Saucony,89,225.0,9.3,7.3 oz (206g),206.0,,,,,,,,,,,,,,,,,,
Brooks Glycerin GTS 21,https://runrepeat.com/brooks-glycerin-gts-21,https://cdn.runrepeat.com/storage/gallery/product_primary/40267/brooks-glycerin-gts-21-21499643-720.jpg,88 Great!,$160,Daily running,Stability,10.6 oz / 301g 10.7 oz / 303g,✗,10.7 mm 10.0 mm,Heel,20.9 HA,Normal,Decent,Good,Good,Moderate,37.2 mm,26.5 mm,10.7 mm,12.9N,23.4N,Brooks,88,160.0,10.7,,,,,,,,,,,,,,,,,,,,
Mizuno Wave Rider 28,https://runrepeat.com/mizuno-wave-rider-28,https://cdn.runrepeat.com/storage/gallery/product_primary/40619/mizuno-wave-rider-28-22701457-720.jpg,91 Superb!,$140,Daily running,Neutral,9.7 oz / 276g 9.5 oz / 269g,,14.7 mm 12.0 mm,Heel,28.0 HA,Small,Decent,Good,Decent,Moderate,39.3 mm,24.6 mm,14.7 mm,15.5N,21.5N,Mizuno,91,140.0,14.7,9.7 oz (276g),276.0,,,,,,,,,,,,,,,,,,
New Balance Fresh Foam X Balos,https://runrepeat.com/new-balance-fresh-foam-x-balos,https://cdn.runrepeat.com/storage/gallery/product_primary/40257/new-balance-fresh-foam-x-balos-22510227-720.jpg,90 Great!,$200,Daily running,Neutral,8.7 oz / 247g 9.2 oz / 261g,✓,5.9 mm 6.0 mm,Mid/forefoot,11.6 HA,Small,Bad,Good,Good,Moderate,37.8 mm,31.9 mm,5.9 mm,12.7N,17.3N,New Balance,90,200.0,5.9,,,,,,,,,,,,,,,,,,,,
New Balance Fresh Foam More v3,https://runrepeat.com/new-balance-fresh-foam-more-v-3,https://cdn.runrepeat.com/storage/gallery/product_primary/36984/new-balance-fresh-foam-more-v3-hero-2-15915115-720.jpg,90 Great!,$165,Daily running,Neutral,10.4 oz / 296g 10.9 oz / 309g,,7.8 mm 4.0 mm,Mid/forefoot,16.0 HA,Normal,-,-,-,1,37.5 mm,29.7 mm,7.8 mm,,36.8N,New Balance,90,165.0,7.8,10.4 oz (296g),296.0,,,,,,,,,,,,,,,,,,
New Balance FuelCell SuperComp Elite v3,https://runrepeat.com/new-balance-fuel-cell-sc-elite-v-3,https://cdn.runrepeat.com/storage/gallery/product_primary/37966/new-balance-fuel-cell-super-comp-elite-v-3-21360180-720.jpg,87 Great!,$230,CompetitionTempo,Neutral,7.7 oz / 217g 7.6 oz / 215g,✓,14.2 mm 4.0 mm,Heel,15.1 HA,Small,Bad,Good,Good,Breathable,36.4 mm,22.2 mm,14.2 mm,,38.3N,New Balance,87,230.0,14.2,7.7 oz (217g),217.0,,,,,,,,,,,,,,,,,,
Nike Air Zoom Pegasus 39,https://runrepeat.com/nike-air-zoom-pegasus-39,https://cdn.runrepeat.com/storage/gallery/product_primary/38546/nike-air-zoom-pegasus-39-21237175-720.jpg,87 Great!,$130,Daily running,Neutral,9.3 oz / 264g 9.2 oz / 261g,✗,8.0 mm 10.0 mm,HeelMid/forefoot,15.5 HA,Big,-,-,-,Moderate,30.3 mm,22.3 mm,8.0 mm,,20.1N,Nike,87,130.0,8.0,9.3 oz (264g),264.0,,,,,,,,,,,,,,,,,,
Adidas Supernova Rise,https://runrepeat.com/adidas-supernova-rise,https://cdn.runrepeat.com/storage/gallery/product_primary/40262/adidas-supernova-rise-21380535-720.jpg,91 Superb!,$140,Daily running,Neutral,9.8 oz / 278g 9.8 oz / 278g,,9.7 mm 10.0 mm,HeelMid/forefoot,20.1 HA,Small,Decent,Good,Good,Moderate,32.5 mm,22.8 mm,9.7 mm,11.2N,14.9N,Adidas,91,140.0,9.7,9.8 oz (278g),278.0,,,,,,,,,,,,,,,,,,
Hoka Mach 4,https://runrepeat.com/hoka-mach-4,https://cdn.runrepeat.com/storage/gallery/product_primary/36959/hoka-one-one-mach-4-hero-2-15915097-720.jpg,91 Superb!,$130,Daily runningTempo,Neutral,7.9 oz / 223g 8.2 oz / 232g,✓,4.9 mm 5.0 mm,Mid/forefoot,-,-,-,-,-,-,30.6 mm,25.7 mm,4.9 mm,,,HOKA,91,130.0,4.9,7.9 oz (223g),223.0,,,111.8 mm,97.8 mm,,,,,,,,,,,,,,
Nike Interact Run,https://runrepeat.com/nike-interact-run,https://cdn.runrepeat.com/storage/gallery/product_primary/40232/nike-interact-run-21859116-720.jpg,89 Great!,$85,Daily running,Neutral,8.5 oz / 241g 9.2 oz / 260g,✓,9.3 mm 10.0 mm,HeelMid/forefoot,20.8 HA,Normal,Good,Good,Decent,Breathable,29.7 mm,20.4 mm,9.3 mm,12.6N,14.4N,Nike,89,85.0,9.3,,,,,,,,,,,,,,,,,,,,
On Cloud X,https://runrepeat.com/on-cloud-x,https://cdn.runrepeat.com/storage/gallery/product_primary/26379/on-cloud-x-21216733-720.jpg,89 Great!,$140,Daily runningTempo,Neutral,8.5 oz / 240g 8.1 oz / 229g,✓,10.1 mm 6.0 mm,Heel,33.5 HA,Small,Decent,Bad,Good,Moderate,27.9 mm,17.8 mm,10.1 mm,10.4N,10.4N,On,89,140.0,10.1,,,,,,,,,,,,,,,,,,,,
On Cloud Waterproof,https://runrepeat.com/on-cloud-waterproof,https://cdn.runrepeat.com/storage/gallery/product_primary/29696/on-cloud-waterproof-21216732-720.jpg,89 Great!,$150,Daily running,Neutral,9.6 oz / 272g 8.8 oz / 250g,,9.8 mm 6.0 mm,HeelMid/forefoot,34.5 HA,Small,Decent,Bad,Good,1,30.2 mm,20.4 mm,9.8 mm,,15.6N,On,89,150.0,9.8,9.6 oz (272g),272.0,,,,,,,,,,,,,,,,,,
ASICS Glideride Max,https://runrepeat.com/asics-glideride-max,https://cdn.runrepeat.com/storage/gallery/product_primary/40581/asics-glideride-max-22525748-720.jpg,92 Superb!,$170,Daily running,Neutral,9.9 oz / 281g 10.2 oz / 289g,,12.7 mm 6.0 mm,Heel,17.8 HA,Small,Decent,Good,Good,Moderate,44.1 mm,31.4 mm,12.7 mm,13.3N,26.1N,ASICS,92,170.0,12.7,9.9 oz (281g),281.0,,,,,,,,,,,,,,,,,,
Nike Zegama 2,https://runrepeat.com/nike-zegama-2,https://cdn.runrepeat.com/storage/gallery/product_primary/40381/nike-zegama-2-21657039-720.jpg,88 Great!,$180,,Neutral,10.7 oz / 302g 10.7 oz / 303g,,4.0 mm 4.0 mm,Mid/forefoot,14.5 HA,Small,Good,Good,Good,Moderate,30.3 mm,26.3 mm,4.0 mm,11.3N,21.0N,Nike,88,180.0,4.0,,,Moderate,30.3 mm 36.0 mm,,,,,,,,,,,,,,,,
Altra Experience Flow,https://runrepeat.com/altra-experience-flow,https://cdn.runrepeat.com/storage/gallery/product_primary/40387/altra-experience-flow-21835100-720.jpg,88 Great!,$140,Daily running,Neutral,8.3 oz / 235g 8.4 oz / 238g,✓,4.1 mm 4.0 mm,Mid/forefoot,19.1 HA,Small,Good,Good,Decent,Moderate,30.7 mm,26.6 mm,4.1 mm,13.5N,20.6N,Altra,88,140.0,4.1,,,,,,,,,,,,,,,,,,,,
Saucony Hurricane 24,https://runrepeat.com/saucony-hurricane-24,https://cdn.runrepeat.com/storage/gallery/product_primary/40252/saucony-hurricane-24-21904633-720.jpg,87 Great!,$160,Daily running,Stability,11.1 oz / 315g 11.2 oz / 317g,,6.3 mm 6.0 mm,Mid/forefoot,12.5 HA,Normal,Bad,Decent,Decent,Breathable,40.5 mm,34.2 mm,6.3 mm,17.9N,30.2N,Saucony,87,160.0,6.3,11.1 oz (315g),315.0,,,,,,,,,,,,,,,,,,
Nike Winflo 11,https://runrepeat.com/nike-winflo-11,https://cdn.runrepeat.com/storage/gallery/product_primary/40344/nike-winflo-11-21643961-720.jpg,86 Good!,$105,Daily running,Neutral,10.4 oz / 295g 10 oz / 283g,,12.3 mm 10.0 mm,Heel,13.9 HA,Normal,Decent,Good,Good,Moderate,37.6 mm,25.3 mm,12.3 mm,16.8N,27.8N,Nike,86,105.0,12.3,10.4 oz (295g),295.0,,,,,,,,,,,,,,,,,,
Hoka Skyward X,https://runrepeat.com/hoka-skyward-x,https://cdn.runrepeat.com/storage/gallery/product_primary/40360/hoka-skyward-x-21803214-720.jpg,86 Good!,$225,Daily runningTempo,Neutral,11.1 oz / 315g 10.8 oz / 306g,✗,9.2 mm 5.0 mm,HeelMid/forefoot,19.8 HA,Small,Good,Good,Good,Breathable,46.3 mm,37.1 mm,9.2 mm,28.5N,54.2N,HOKA,86,225.0,9.2,,,,,,,,,,,,,,,,,,,,
Nike Structure 26,https://runrepeat.com/nike-structure-26,https://cdn.runrepeat.com/storage/gallery/product_primary/40934/nike-structure-26-23498208-720.jpg,85 Good!,$145,Daily running,Stability,10.4 oz / 296g 10.5 oz / 298g,,10.1 mm 10.0 mm,Heel,16.9 HA,Small,Decent,Good,Good,3,36.1 mm,26.0 mm,10.1 mm,13.8N,,Nike,85,145.0,10.1,10.4 oz (296g),296.0,,,,,,,,,,,,,,,,,,
ASICS Gel Trabuco 12,https://runrepeat.com/asics-gel-trabuco-12,https://cdn.runrepeat.com/storage/gallery/product_primary/40448/asics-gel-trabuco-12-21708660-720.jpg,90 Great!,$140,,Neutral,10.5 oz / 299g 10.9 oz / 309g,,7.8 mm 8.0 mm,Mid/forefoot,17.5 HA,Small,Good,Good,Good,Moderate,35.4 mm,27.6 mm,7.8 mm,13.0N,24.0N,ASICS,90,140.0,7.8,,,ModerateTechnical,35.4 mm 36.0 mm,,,,,,,,,,,,,,,,
On Cloudrunner,https://runrepeat.com/on-cloudrunner,https://cdn.runrepeat.com/storage/gallery/product_primary/17497/on-cloudrunner-21237209-720.jpg,90 Great!,$150,Daily running,Stability,10.4 oz / 294g 10.6 oz / 300g,,12.4 mm 9.0 mm,Heel,31.2 HA,Normal,-,-,-,Moderate,33.3 mm,20.9 mm,12.4 mm,15.7N,34.2N,On,90,150.0,12.4,10.4 oz (294g),294.0,,,,,,,,,,,,,,,,,,
New Balance Fresh Foam X 1080 v12,https://runrepeat.com/new-balance-fresh-foam-x-1080-v-12,https://cdn.runrepeat.com/storage/gallery/product_primary/38386/new-balance-fresh-foam-x-1080-v-12-21236813-720.jpg,88 Great!,$160,Daily running,Neutral,10.1 oz / 286g 10.3 oz / 292g,✗,3.3 mm 8.0 mm,Mid/forefoot,12.5 HA,Normal,-,-,-,-,26.9 mm,23.6 mm,3.3 mm,11.3N,19.7N,New Balance,88,160.0,3.3,,,,,,,,,,,,,,,,,,,,
Saucony Tempus,https://runrepeat.com/saucony-tempus,https://cdn.runrepeat.com/storage/gallery/product_primary/37963/saucony-tempus-21237231-720.jpg,89 Great!,$160,Daily runningTempo,Stability,9.4 oz / 266g 8.9 oz / 252g,,8.5 mm 8.0 mm,HeelMid/forefoot,18.4 HA,Small,-,-,-,Breathable,33.9 mm,25.4 mm,8.5 mm,14.6N,32.9N,Saucony,89,160.0,8.5,9.4 oz (266g),266.0,,,,,,,,,,,,,,,,,,
Salomon Sense Ride 5,https://runrepeat.com/salomon-sense-ride-5,https://cdn.runrepeat.com/storage/gallery/product_primary/39531/salomon-sense-ride-5-21237215-720.jpg,89 Great!,$140,,Neutral,10.3 oz / 291g 10.3 oz / 291g,,8.7 mm 8.3 mm,HeelMid/forefoot,20.5 HA,Small,-,-,-,Moderate,27.2 mm,18.5 mm,8.7 mm,12.5N,30.2N,Salomon,89,140.0,8.7,,,LightModerate,27.2 mm 29.6 mm,,,,,,,,,,,,,,,,
ASICS GT 2000 14,https://runrepeat.com/asics-gt-2000-14,https://cdn.runrepeat.com/storage/gallery/product_primary/40930/asics-gt-2000-14-23520459-720.jpg,89 Great!,$140,Daily running,Stability,9.5 oz / 269g 9.4 oz / 266g,,8.7 mm 8.0 mm,HeelMid/forefoot,17.4 HA,Normal,Decent,Good,Good,2,36.9 mm,28.2 mm,8.7 mm,15.0N,,ASICS,89,140.0,8.7,9.5 oz (269g),269.0,,,,,,,,,,,,,,,,,,
ASICS Sonicblast,https://runrepeat.com/asics-sonicblast,https://cdn.runrepeat.com/storage/gallery/product_primary/40949/asics-sonicblast-23671078-720.jpg,N/A,$180,Daily runningTempo,Neutral,9 oz / 255g 9 oz / 255g,✗,9.0 mm 8.0 mm,HeelMid/forefoot,19.9 HA,Small,Bad,Good,Decent,Breathable,45.4 mm,36.4 mm,9.0 mm,24.4N,,ASICS,N/A,180.0,9.0,9.0 oz (255g),255.0,,,,,,,,,,,,,,,,,,
Brooks Hyperion,https://runrepeat.com/brooks-hyperion,https://cdn.runrepeat.com/storage/gallery/product_primary/21998/brooks-hyperion-21189519-720.jpg,88 Great!,$130,Tempo,Neutral,7.4 oz / 211g 7.6 oz / 215g,✓,12.3 mm 8.0 mm,Heel,20.6 HA,Big,Bad,Decent,Good,Moderate,30.0 mm,17.7 mm,12.3 mm,,13.6N,Brooks,88,130.0,12.3,7.4 oz (211g),211.0,,,,,,,,,,,,,,,,,,
Merrell Agility Peak 5,https://runrepeat.com/merrell-agility-peak-5,https://cdn.runrepeat.com/storage/gallery/product_primary/40233/merrell-agility-peak-5-21208133-720.jpg,88 Great!,$140,,Neutral,10.2 oz / 289g 10.6 oz / 300g,,13.4 mm 6.0 mm,Heel,22.0 HA,Small,Very good,Decent,Good,Moderate,39.2 mm,25.8 mm,13.4 mm,16.8N,36.6N,Merrell,88,140.0,13.4,,,ModerateTechnical,39.2 mm 39.0 mm,,,,,,,,,,,,,,,,
ASICS Gel Cumulus 26,https://runrepeat.com/asics-gel-cumulus-26,https://cdn.runrepeat.com/storage/gallery/product_primary/40309/asics-gel-cumulus-26-21471996-720.jpg,88 Great!,$140,Daily running,Neutral,9.1 oz / 259g 9 oz / 255g,✗,8.2 mm 8.0 mm,HeelMid/forefoot,18.6 HA,Small,Good,Good,Bad,Moderate,36.8 mm,28.6 mm,8.2 mm,16.5N,24.4N,ASICS,88,140.0,8.2,,,,,,,,,,,,,,,,,,,,
Nike Pegasus Trail 4,https://runrepeat.com/nike-react-pegasus-trail-4,https://cdn.runrepeat.com/storage/gallery/product_primary/38709/nike-pegasus-trail-4-21237186-720.jpg,88 Great!,$140,,Neutral,9.6 oz / 272g 10.4 oz / 295g,,12.7 mm 10.0 mm,Heel,-,-,-,-,-,-,35.5 mm,22.8 mm,12.7 mm,10.7N,26.8N,Nike,88,140.0,12.7,9.6 oz (272g),272.0,Light,35.5 mm 36.0 mm,,,,,,,,,,,,,,,,
ASICS Gel Excite 10,https://runrepeat.com/asics-gel-excite-10,https://cdn.runrepeat.com/storage/gallery/product_primary/39898/asics-gel-excite-10-21161599-720.jpg,86 Good!,$85,Daily running,Neutral,9.5 oz / 268g 9.2 oz / 260g,✗,11.8 mm 8.0 mm,Heel,24.8 HA,Small,Decent,Good,Good,Moderate,35.2 mm,23.4 mm,11.8 mm,10.2N,15.0N,ASICS,86,85.0,11.8,,,,,,,,,,,,,,,,,,,,
ASICS Noosa Tri 15,https://runrepeat.com/asics-noosa-tri-15,https://cdn.runrepeat.com/storage/gallery/product_primary/40014/asics-noosa-tri-15-21166032-720.jpg,92 Superb!,$130,Daily runningTempo,Neutral,7.7 oz / 218g 7.8 oz / 221g,✓,7.7 mm 5.0 mm,Mid/forefoot,18.6 HA,Small,Bad,Good,Good,Breathable,34.6 mm,26.9 mm,7.7 mm,15.7N,20.8N,ASICS,92,130.0,7.7,,,,,,,,,,,,,,,,,,,,
Skechers GO RUN Max Road 6,https://runrepeat.com/skechers-go-run-max-road-6,https://cdn.runrepeat.com/storage/gallery/product_primary/39469/skechers-go-run-max-road-6-22263097-720.jpg,91 Superb!,$145,Daily running,Neutral,11.3 oz / 319g 11 oz / 312g,,8.1 mm 6.0 mm,HeelMid/forefoot,19.8 HA,Big,Decent,Good,Good,4,39.7 mm,31.6 mm,8.1 mm,,29.3N,Skechers,91,145.0,8.1,11.3 oz (319g),319.0,,,,,,,,,,,,,,,,,,
Saucony Endorphin Elite,https://runrepeat.com/saucony-endorphin-elite,https://cdn.runrepeat.com/storage/gallery/product_primary/39600/saucony-endorphin-elite-21230515-720.jpg,90 Great!,$275,Competition,Neutral,7.2 oz / 203g 7.2 oz / 204g,✓,8.0 mm 8.0 mm,HeelMid/forefoot,17.9 HA,Small,Bad,Good,Good,Breathable,39.9 mm,31.9 mm,8.0 mm,23.1N,64.5N,Saucony,90,275.0,8.0,,,,,,,,,,,,,,,,,,,,
Adidas Ultraboost Light,https://runrepeat.com/adidas-ultraboost-light,https://cdn.runrepeat.com/storage/gallery/product_primary/39664/adidas-ultraboost-light-21161585-720.jpg,89 Great!,$190,Daily running,Neutral,10.8 oz / 305g 10.5 oz / 299g,,11.9 mm 10.0 mm,Heel,15.5 HA,Normal,Good,Good,Good,Moderate,30.1 mm,18.2 mm,11.9 mm,11.3N,18.6N,Adidas,89,190.0,11.9,10.8 oz (305g),305.0,,,,,,,,,,,,,,,,,,
Hoka Mach X,https://runrepeat.com/hoka-mach-x,https://cdn.runrepeat.com/storage/gallery/product_primary/39971/hoka-mach-x-2-21208101-720.jpg,89 Great!,$180,CompetitionTempo,Neutral,9.1 oz / 259g 9.4 oz / 266g,,9.6 mm 5.0 mm,HeelMid/forefoot,10.6 HA,Normal,Bad,Bad,Good,Breathable,38.0 mm,28.4 mm,9.6 mm,13.1N,25.5N,HOKA,89,180.0,9.6,9.1 oz (259g),259.0,,,,,,,,,,,,,,,,,,
ASICS Novablast 3,https://runrepeat.com/asics-novablast-3,https://cdn.runrepeat.com/storage/gallery/product_primary/38705/asics-novablast-3-21232021-720.jpg,91 Superb!,$140,Daily runningTempo,Neutral,8.5 oz / 242g 8.9 oz / 252g,✓,6.8 mm 8.0 mm,Mid/forefoot,13.5 HA,Big,-,-,-,Moderate,37.2 mm,30.4 mm,6.8 mm,13.6N,30.6N,ASICS,91,140.0,6.8,,,,,,,,,,,,,,,,,,,,
Saucony Triumph 23,https://runrepeat.com/saucony-triumph-23,https://cdn.runrepeat.com/storage/gallery/product_primary/40870/saucony-triumph-23-23515039-720.jpg,87 Great!,$170,Daily running,Neutral,9.6 oz / 272g 9.3 oz / 263g,✗,10.0 mm 10.0 mm,HeelMid/forefoot,25.5 HA,Small,Decent,Good,Good,Moderate,42.3 mm,32.3 mm,10.0 mm,17.5N,,Saucony,87,170.0,10.0,9.6 oz (272g),272.0,,,,,,,,,,,,,,,,,,
Altra Torin 8,https://runrepeat.com/altra-torin-8,https://cdn.runrepeat.com/storage/gallery/product_primary/40698/altra-torin-8-22870144-720.jpg,86 Good!,$150,Daily running,Neutral,9.7 oz / 275g 10.1 oz / 287g,✗,-0.1 mm 0.0 mm,Mid/forefoot,21.0 HA,Normal,Good,Good,Good,Moderate,27.6 mm,27.7 mm,-0.1 mm,14.0N,,Altra,86,150.0,0.1,9.7 oz (275g),275.0,,,,,,,,,,,,,,,,,,
Hoka Skyflow,https://runrepeat.com/hoka-skyflow,https://cdn.runrepeat.com/storage/gallery/product_primary/40406/hoka-skyflow-21897624-720.jpg,89 Great!,$160,Daily running,Neutral,9.9 oz / 282g 10 oz / 283g,,8.7 mm 5.0 mm,HeelMid/forefoot,19.4 HA,Normal,Decent,Good,Good,Breathable,39.3 mm,30.6 mm,8.7 mm,18.7N,31.2N,HOKA,89,160.0,8.7,9.9 oz (282g),282.0,,,,,,,,,,,,,,,,,,
PUMA Deviate Nitro 2,https://runrepeat.com/puma-deviate-nitro-2,https://cdn.runrepeat.com/storage/gallery/product_primary/39172/puma-deviate-nitro-2-21237211-720.jpg,90 Great!,$160,Tempo,Neutral,9.1 oz / 257g 9.2 oz / 260g,✗,5.6 mm 8.0 mm,Mid/forefoot,16.6 HA,Normal,-,-,-,Moderate,31.7 mm,26.1 mm,5.6 mm,16.9N,58.8N,PUMA,90,160.0,5.6,,,,,,,,,,,,,,,,,,,,
Hoka Solimar,https://runrepeat.com/hoka-solimar,https://cdn.runrepeat.com/storage/gallery/product_primary/39330/hoka-solimar-21208106-720.jpg,87 Great!,$125,Daily running,Neutral,8.2 oz / 232g 8.5 oz / 241g,✓,6.4 mm 6.0 mm,Mid/forefoot,24.6 HA,Big,Good,Decent,-,Moderate,30.4 mm,24.0 mm,6.4 mm,11.8N,20.6N,HOKA,87,125.0,6.4,,,,,,,,,,,,,,,,,,,,
ASICS Gel Venture 10,https://runrepeat.com/asics-gel-venture-10,https://cdn.runrepeat.com/storage/gallery/product_primary/40750/asics-gel-venture-10-23305416-720.jpg,86 Good!,$80,,Neutral,11.4 oz / 322g 11.4 oz / 323g,,12.0 mm 10.0 mm,Heel,16.5 HA,Big,Good,Good,Good,Moderate,35.3 mm,23.3 mm,12.0 mm,12.6N,,ASICS,86,80.0,12.0,11.4 oz (322g),322.0,LightModerate,35.3 mm 33.5 mm,,,,,,,,,,,,,,,,
ASICS Metaspeed Sky Tokyo,https://runrepeat.com/asics-metaspeed-sky-tokyo,https://cdn.runrepeat.com/storage/gallery/product_primary/40812/asics-metaspeed-sky-tokyo-23429911-720.jpg,89 Great!,$270,Competition,Neutral,5.7 oz / 163g 6 oz / 170g,✓,6.0 mm 5.0 mm,Mid/forefoot,11.5 HA,Small,Bad,Good,Decent,Breathable,38.7 mm,32.7 mm,6.0 mm,21.1N,,ASICS,89,270.0,6.0,5.7 oz (163g),163.0,,,,,,,,,,,,,,,,,,
ASICS Gel Kayano 29,https://runrepeat.com/asics-gel-kayano-29,https://cdn.runrepeat.com/storage/gallery/product_primary/39062/asics-gel-kayano-29-21232028-720.jpg,89 Great!,$160,Daily running,Stability,10.7 oz / 303g 10.5 oz / 299g,,8.6 mm 10.0 mm,HeelMid/forefoot,21.0 HA,Normal,-,-,-,Moderate,33.1 mm,24.5 mm,8.6 mm,10.9N,28.8N,ASICS,89,160.0,8.6,10.7 oz (303g),303.0,,,,,,,,,,,,,,,,,,
PUMA ForeverRun Nitro,https://runrepeat.com/puma-forever-run-nitro,https://cdn.runrepeat.com/storage/gallery/product_primary/39696/puma-forever-run-nitro-21973576-720.jpg,94 Superb!,$150,Daily running,Stability,9.7 oz / 274g 9.7 oz / 274g,✗,10.0 mm 10.0 mm,HeelMid/forefoot,19.1 HA,Small,Decent,Decent,Decent,Moderate,36.1 mm,26.1 mm,10.0 mm,12.8N,22.6N,PUMA,94,150.0,10.0,,,,,,,,,,,,,,,,,,,,
Nike Wildhorse 10,https://runrepeat.com/nike-wildhorse-10,https://cdn.runrepeat.com/storage/gallery/product_primary/40790/nike-wildhorse-10-23320033-720.jpg,91 Superb!,$165,,Neutral,11 oz / 312g 11 oz / 311g,,10.9 mm 9.5 mm,Heel,14.6 HA,Normal,Very bad,Good,Decent,Moderate,38.3 mm,27.4 mm,10.9 mm,15.0N,,Nike,91,165.0,10.9,11.0 oz (312g),312.0,LightModerate,38.3 mm 38.0 mm,,,,,,,,,,,,,,,,
Topo Phantom 3,https://runrepeat.com/topo-athletic-phantom-3,https://cdn.runrepeat.com/storage/gallery/product_primary/40412/topo-phantom-3-22529747-720.jpg,89 Great!,$145,Daily running,Neutral,9.5 oz / 269g 9.2 oz / 261g,✗,5.8 mm 5.0 mm,Mid/forefoot,19.7 HA,Big,Decent,Good,Good,Moderate,32.6 mm,26.8 mm,5.8 mm,12.2N,22.6N,Topo Athletic,89,145.0,5.8,,,,,,,,,,,,,,,,,,,,
On Cloudsurfer Next,https://runrepeat.com/on-cloudsurfer-next,https://cdn.runrepeat.com/storage/gallery/product_primary/40492/on-cloudsurfer-next-22113306-720.jpg,89 Great!,$150,Daily running,Neutral,9.3 oz / 264g 9.4 oz / 266g,,4.5 mm 6.0 mm,Mid/forefoot,31.8 HA,Small,Decent,Bad,Decent,Warm,33.8 mm,29.3 mm,4.5 mm,21.1N,30.3N,On,89,150.0,4.5,9.3 oz (264g),264.0,,,,,,,,,,,,,,,,,,
Hoka Cielo X1,https://runrepeat.com/hoka-cielo-x1,https://cdn.runrepeat.com/storage/gallery/product_primary/40320/hoka-cielo-x-1-21372303-720.jpg,88 Great!,$275,CompetitionTempo,Neutral,8.8 oz / 249g 9.3 oz / 264g,✓,9.5 mm 7.0 mm,HeelMid/forefoot,15.5 HA,Small,Good,Good,Good,Moderate,39.8 mm,30.3 mm,9.5 mm,19.3N,58.8N,HOKA,88,275.0,9.5,,,,,,,,,,,,,,,,,,,,
Brooks Hyperion 2,https://runrepeat.com/brooks-hyperion-2,https://cdn.runrepeat.com/storage/gallery/product_primary/40529/brooks-hyperion-2-22172205-720.jpg,88 Great!,$140,CompetitionTempo,Neutral,7.2 oz / 203g 7.1 oz / 201g,✓,9.8 mm 8.0 mm,HeelMid/forefoot,26.1 HA,Small,Decent,Bad,Decent,Breathable,32.2 mm,22.4 mm,9.8 mm,13.0N,16.2N,Brooks,88,140.0,9.8,,,,,,,,,,,,,,,,,,,,
Hoka Arahi 6,https://runrepeat.com/hoka-arahi-6,https://cdn.runrepeat.com/storage/gallery/product_primary/38015/hoka-one-one-arahi-6-01-16295093-720.jpg,87 Great!,$140,Daily running,Stability,8.9 oz / 252g 9.3 oz / 264g,,4.1 mm 5.0 mm,Mid/forefoot,-,-,-,-,-,-,32.6 mm,28.5 mm,4.1 mm,,37.9N,HOKA,87,140.0,4.1,8.9 oz (252g),252.0,,,115.3 mm,97.5 mm,,,,,,,,,,,,,,
Adidas Ultraboost 5,https://runrepeat.com/adidas-ultraboost-5,https://cdn.runrepeat.com/storage/gallery/product_primary/40462/adidas-ultraboost-5-21818110-720.jpg,90 Great!,$180,Daily running,Neutral,10.3 oz / 292g 11.4 oz / 323g,,10.6 mm 10.0 mm,Heel,17.0 HA,Small,Decent,Good,Good,Breathable,35.2 mm,24.6 mm,10.6 mm,17.3N,18.7N,Adidas,90,180.0,10.6,10.3 oz (292g),292.0,,,,,,,,,,,,,,,,,,
Nike Vomero 17,https://runrepeat.com/nike-vomero-17,https://cdn.runrepeat.com/storage/gallery/product_primary/39687/nike-vomero-17-21212199-720.jpg,86 Good!,$160,Daily running,Neutral,9.9 oz / 282g 10.1 oz / 286g,,7.7 mm 10.0 mm,Mid/forefoot,11.9 HA,Small,Decent,Good,Good,Moderate,33.9 mm,26.2 mm,7.7 mm,10.6N,18.7N,Nike,86,160.0,7.7,9.9 oz (282g),282.0,,,,,,,,,,,,,,,,,,
Hoka Challenger 7,https://runrepeat.com/hoka-challenger-7,https://cdn.runrepeat.com/storage/gallery/product_primary/39459/hoka-challenger-7-21208094-720.jpg,85 Good!,$145,,Neutral,8.8 oz / 250g 8.8 oz / 250g,,8.8 mm 5.0 mm,HeelMid/forefoot,18.8 HA,Normal,Good,Decent,-,Warm,32.9 mm,24.1 mm,8.8 mm,13.9N,19.4N,HOKA,85,145.0,8.8,,,LightModerate,32.9 mm 31.0 mm,,,,,,,,,,,,,,,,
New Balance MT10,https://runrepeat.com/new-balance-mt-10,https://cdn.runrepeat.com/storage/gallery/product_primary/40751/new-balance-mt-10-22723087-720.jpg,85 Good!,$110,,Neutral,7.1 oz / 200g 7.2 oz / 204g,✓,5.0 mm 4.0 mm,Mid/forefoot,34.4 HA,Small,Very good,Decent,Good,Moderate,15.6 mm,10.6 mm,5.0 mm,3.2N,,New Balance,85,110.0,5.0,,,Light,15.6 mm 14.0 mm,,,,,,,,,,,,,,,,
ASICS Metaspeed Edge+,https://runrepeat.com/asics-metaspeed-edge-plus,https://cdn.runrepeat.com/storage/gallery/product_primary/38633/asics-metaspeed-edge-21232019-720.jpg,92 Superb!,$250,Competition,Neutral,7.3 oz / 208g 7.4 oz / 210g,✓,8.1 mm 8.0 mm,HeelMid/forefoot,30.3 HA,Small,,-,,5,33.3 mm,25.2 mm,8.1 mm,,63.0N,ASICS,92,250.0,8.1,7.3 oz (208g),208.0,,,110.9 mm,,,,,,,,,,,,,,,
Brooks Revel 7,https://runrepeat.com/brooks-revel-7,https://cdn.runrepeat.com/storage/gallery/product_primary/40404/brooks-revel-7-21780948-720.jpg,83 Good!,$100,Daily running,Neutral,9.1 oz / 258g 9.1 oz / 258g,✗,9.8 mm 10.0 mm,HeelMid/forefoot,19.5 HA,Normal,Good,Decent,Good,Breathable,32.0 mm,22.2 mm,9.8 mm,15.8N,20.1N,Brooks,83,100.0,9.8,,,,,,,,,,,,,,,,,,,,
ASICS Gel Trabuco 13,https://runrepeat.com/asics-gel-trabuco-13,https://cdn.runrepeat.com/storage/gallery/product_primary/40662/asics-gel-trabuco-13-22607511-720.jpg,88 Great!,$140,,Neutral,10.2 oz / 288g 10 oz / 283g,,7.0 mm 8.0 mm,HeelMid/forefoot,22.3 HA,Normal,Good,Good,Good,Moderate,33.8 mm,26.8 mm,7.0 mm,19.3N,32.2N,ASICS,88,140.0,7.0,,,Light,33.8 mm 34.0 mm,,,,,,,,,,,,,,,,
ASICS Magic Speed 3,https://runrepeat.com/asics-magic-speed-3,https://cdn.runrepeat.com/storage/gallery/product_primary/39937/asics-magic-speed-3-21166029-720.jpg,91 Superb!,$160,Tempo,Neutral,7.4 oz / 211g 7.8 oz / 220g,✓,9.8 mm 7.0 mm,HeelMid/forefoot,18.3 HA,Small,Bad,Decent,Good,Moderate,36.3 mm,26.5 mm,9.8 mm,18.2N,31.4N,ASICS,91,160.0,9.8,,,,,,,,,,,,,,,,,,,,
New Balance Fresh Foam X Hierro v7,https://runrepeat.com/new-balance-fresh-foam-hierro-v-7,https://cdn.runrepeat.com/storage/gallery/product_primary/38801/new-balance-fresh-foam-x-hierro-v-7-21236814-720.jpg,86 Good!,$140,,Neutral,10.5 oz / 297g 10.5 oz / 297g,,9.9 mm 8.0 mm,HeelMid/forefoot,9.4 HA,Big,-,-,-,Moderate,32.4 mm,22.5 mm,9.9 mm,,16.6N,New Balance,86,140.0,9.9,10.5 oz (297g),297.0,LightModerate,32.4 mm 29.0 mm,,,,,,,,,,,,,,,,
Hoka Clifton 9 GTX,https://runrepeat.com/hoka-clifton-9-gtx,https://cdn.runrepeat.com/storage/gallery/product_primary/40221/hoka-clifton-9-gtx-2-21208097-720.jpg,87 Great!,$160,Daily running,Neutral,9.6 oz / 271g 9.6 oz / 272g,,8.6 mm 5.0 mm,HeelMid/forefoot,23.9 HA,Small,Good,Good,Good,Moderate,37.2 mm,28.6 mm,8.6 mm,22.4N,29.4N,HOKA,87,160.0,8.6,9.6 oz (271g),271.0,,,,,,,,,,,,,,,,,,
ASICS Megablast,https://runrepeat.com/asics-megablast,https://cdn.runrepeat.com/storage/gallery/product_primary/40948/asics-megablast-23653319-720.jpg,82 Good!,$225,CompetitionTempo,Neutral,7.7 oz / 218g 7.9 oz / 224g,✓,9.9 mm 8.0 mm,HeelMid/forefoot,15.5 HA,Small,Bad,Good,Good,Moderate,45.1 mm,35.2 mm,9.9 mm,18.8N,,ASICS,82,225.0,9.9,7.7 oz (218g),218.0,,,,,,,,,,,,,,,,,,
Saucony Endorphin Speed 5,https://runrepeat.com/saucony-endorphin-speed-5,https://cdn.runrepeat.com/storage/gallery/product_primary/40830/saucony-endorphin-speed-5-23261039-720.jpg,81 Good!,$175,Tempo,Neutral,8.5 oz / 241g 8.4 oz / 238g,✓,10.6 mm 8.0 mm,Heel,18.5 HA,Normal,Decent,Good,Good,Breathable,37.4 mm,26.8 mm,10.6 mm,12.9N,,Saucony,81,175.0,10.6,8.5 oz (241g),241.0,,,,,,,,,,,,,,,,,,
ASICS Trabuco Max 2,https://runrepeat.com/asics-trabuco-max-2,https://cdn.runrepeat.com/storage/gallery/product_primary/40218/asics-trabuco-max-2-21193120-720.jpg,93 Superb!,$150,,Neutral,10.3 oz / 292g 10.7 oz / 303g,,8.5 mm 5.0 mm,HeelMid/forefoot,17.6 HA,Big,Decent,Good,Decent,Breathable,39.7 mm,31.2 mm,8.5 mm,,29.9N,ASICS,93,150.0,8.5,10.3 oz (292g),292.0,ModerateTechnical,39.7 mm 43.0 mm,,,,,,,,,,,,,,,,
Salomon XA Pro 3D v9 GTX,https://runrepeat.com/salomon-xa-pro-3d-v9-gtx,https://cdn.runrepeat.com/storage/gallery/product_primary/39989/salomon-xa-pro-3-d-v-9-gtx-orimary-21231054-720.jpg,83 Good!,$160,,Stability,12.7 oz / 359g 12.7 oz / 360g,,13.5 mm 11.0 mm,Heel,32.5 HA,Small,Very good,Decent,Good,Warm,33.5 mm,20.0 mm,13.5 mm,20.6N,24.7N,Salomon,83,160.0,13.5,,,LightModerate,33.5 mm,,,,,,,,,,,,,,,,
On Cloudstratus 3,https://runrepeat.com/on-cloudstratus-3,https://cdn.runrepeat.com/storage/gallery/product_primary/40188/on-cloudstratus-3-21216746-720.jpg,90 Great!,$180,Daily running,Neutral,10.4 oz / 296g 10.3 oz / 292g,✗,9.1 mm 6.0 mm,HeelMid/forefoot,27.6 HA,Normal,Decent,Good,Good,Moderate,35.3 mm,26.2 mm,9.1 mm,17.6N,25.1N,On,90,180.0,9.1,,,,,,,,,,,,,,,,,,,,
Adidas Adizero SL2,https://runrepeat.com/adidas-adizero-sl2,https://cdn.runrepeat.com/storage/gallery/product_primary/40384/adidas-adizero-sl-2-21915926-720.jpg,90 Great!,$130,Daily runningTempo,Neutral,8.6 oz / 245g 8.4 oz / 238g,✓,8.2 mm 9.0 mm,HeelMid/forefoot,20.1 HA,Small,Bad,Good,Decent,Breathable,34.9 mm,26.7 mm,8.2 mm,12.7N,22.8N,Adidas,90,130.0,8.2,,,,,,,,,,,,,,,,,,,,
ASICS Magic Speed,https://runrepeat.com/asics-magic-speed,https://cdn.runrepeat.com/storage/gallery/product_primary/37141/asics-magic-speed-hero-2-15915112-720.jpg,90 Great!,$150,Tempo,Neutral,8.2 oz / 233g 7.9 oz / 224g,✓,8.3 mm 5.0 mm,HeelMid/forefoot,20.5 HA,Small,-,-,-,Breathable,32.5 mm,24.2 mm,8.3 mm,,48.0N,ASICS,90,150.0,8.3,8.2 oz (233g),233.0,,,,,,,,,,,,,,,,,,
Brooks Cascadia 18,https://runrepeat.com/brooks-cascadia-18,https://cdn.runrepeat.com/storage/gallery/product_primary/40458/brooks-cascadia-18-22175442-720.jpg,86 Good!,$140,,Neutral,10.9 oz / 310g 11.1 oz / 314g,,8.8 mm 8.0 mm,HeelMid/forefoot,27.5 HA,Small,Very bad,Decent,Decent,Moderate,32.6 mm,23.8 mm,8.8 mm,17.3N,26.5N,Brooks,86,140.0,8.8,,,LightModerate,32.6 mm 33.0 mm,,,,,,,,,,,,,,,,
Brooks Hyperion Tempo,https://runrepeat.com/brooks-hyperion-tempo,https://cdn.runrepeat.com/storage/gallery/product_primary/34761/brooks-hyperion-tempo-21189522-720.jpg,89 Great!,$150,Tempo,Neutral,7 oz / 198g 7 oz / 199g,✓,9.0 mm 8.0 mm,HeelMid/forefoot,22.3 HA,Small,Good,Decent,Good,Moderate,28.7 mm,19.7 mm,9.0 mm,7.7N,12.8N,Brooks,89,150.0,9.0,,,,,,,,,,,,,,,,,,,,
Hoka Kawana 2,https://runrepeat.com/hoka-kawana-2,https://cdn.runrepeat.com/storage/gallery/product_primary/40321/hoka-kawana-2-21446881-720.jpg,85 Good!,$140,Daily running,Neutral,10.5 oz / 298g 11.1 oz / 314g,✗,5.2 mm 5.0 mm,Mid/forefoot,21.1 HA,Normal,Decent,Good,Good,Moderate,33.2 mm,28.0 mm,5.2 mm,17.4N,24.7N,HOKA,85,140.0,5.2,,,,,,,,,,,,,,,,,,,,
Altra Escalante 4,https://runrepeat.com/altra-escalante-4,https://cdn.runrepeat.com/storage/gallery/product_primary/40375/altra-escalante-4-21564282-720.jpg,85 Good!,$130,Daily running,Neutral,8.4 oz / 237g 9.5 oz / 269g,✓,1.4 mm 0.0 mm,Mid/forefoot,27.8 HA,Normal,Good,Good,Good,Moderate,23.8 mm,22.4 mm,1.4 mm,8.2N,16.0N,Altra,85,130.0,1.4,,,,,,,,,,,,,,,,,,,,
Puma MagMax Nitro,https://runrepeat.com/puma-magmax-nitro,https://cdn.runrepeat.com/storage/gallery/product_primary/40493/puma-mag-max-nitro-22077088-720.jpg,91 Superb!,$180,Daily running,Neutral,10.3 oz / 291g 10.3 oz / 292g,,9.6 mm 8.0 mm,HeelMid/forefoot,18.3 HA,Big,Decent,Decent,Decent,Moderate,42.9 mm,33.3 mm,9.6 mm,17.9N,31.5N,PUMA,91,180.0,9.6,10.3 oz (291g),291.0,,,,,,,,,,,,,,,,,,
PUMA Deviate Nitro,https://runrepeat.com/puma-deviate-nitro,https://cdn.runrepeat.com/storage/gallery/product_primary/36961/puma-deviate-nitro-hero-2-15915096-720.jpg,91 Superb!,$160,Tempo,Neutral,9 oz / 256g 9.1 oz / 258g,,8.4 mm 10.0 mm,HeelMid/forefoot,-,-,-,-,-,-,35.7 mm,27.3 mm,8.4 mm,,,PUMA,91,160.0,8.4,9.0 oz (256g),256.0,,,108.0 mm,85.5 mm,4.5 mm,,,,,,,,,,,,,
Allbirds Tree Dasher,https://runrepeat.com/allbirds-tree-dasher,https://cdn.runrepeat.com/storage/gallery/product_primary/38003/allbirds-tree-dasher-21177883-720.jpg,91 Superb!,$125,Daily running,Neutral,10.6 oz / 301g 10.2 oz / 289g,✗,6.0 mm 7.0 mm,Mid/forefoot,26.4 HA,Normal,-,-,-,Breathable,29.4 mm,23.4 mm,6.0 mm,,30.0N,Allbirds,91,125.0,6.0,10.6 oz (301g),301.0,,,,,,,,,,,,,,,,,,
ASICS Noosa Tri 14,https://runrepeat.com/asics-noosa-tri-14,https://cdn.runrepeat.com/storage/gallery/product_primary/38631/asics-noosa-tri-14-21232022-720.jpg,93 Superb!,$130,Daily runningTempo,Neutral,7.5 oz / 213g 9.2 oz / 260g,✓,8.0 mm 5.0 mm,HeelMid/forefoot,12.0 HA,SmallNormal,-,-,-,Moderate,30.2 mm,22.2 mm,8.0 mm,,25.0N,ASICS,93,130.0,8.0,7.5 oz (213g),213.0,,,,,,,,,,,,,,,,,,
NNormal Kjerag,https://runrepeat.com/n-normal-kjerag,https://cdn.runrepeat.com/storage/gallery/product_primary/40512/n-normal-kjerag-22198619-720.jpg,93 Superb!,$195,,Neutral,7.5 oz / 214g 7.1 oz / 200g,✓,8.6 mm 6.0 mm,Mid/forefoot,20.6 HA,Normal,Decent,Decent,Decent,Warm,25.0 mm,16.4 mm,8.6 mm,6.3N,,NNormal,93,195.0,8.6,,,Light,25.0 mm 23.5 mm,,,,,,,,,,,,,,,,
Nike Vomero Premium,https://runrepeat.com/nike-vomero-premium,https://cdn.runrepeat.com/storage/gallery/product_primary/41011/nike-vomero-premium-23709495-720.jpg,N/A,$230,Daily running,Neutral,11.5 oz / 326g 12.4 oz / 351g,,8.8 mm 10.0 mm,HeelMid/forefoot,15.9 HA,Small,Decent,Good,Good,3,50.1 mm,41.3 mm,8.8 mm,21.5N,,Nike,N/A,230.0,8.8,11.5 oz (326g),326.0,,,,,,,,,,,,,,,,,,
On Cloudeclipse,https://runrepeat.com/on-cloudeclipse,https://cdn.runrepeat.com/storage/gallery/product_primary/40235/on-cloudeclipse-21216738-720.jpg,91 Superb!,$180,Daily running,Neutral,9.6 oz / 272g 9.7 oz / 275g,✗,9.4 mm 6.0 mm,HeelMid/forefoot,27.3 HA,Small,Decent,Bad,Good,Moderate,39.9 mm,30.5 mm,9.4 mm,18.1N,28.0N,On,91,180.0,9.4,,,,,,,,,,,,,,,,,,,,
On Cloudswift,https://runrepeat.com/on-cloudswift,https://cdn.runrepeat.com/storage/gallery/product_primary/31051/on-cloudswift-20-hero-2-15915095-720.jpg,89 Great!,$150,Daily running,Neutral,9.9 oz / 281g 9.9 oz / 280g,,11.6 mm 7.0 mm,Heel,-,-,-,-,-,-,33.9 mm,22.3 mm,11.6 mm,,,On,89,150.0,11.6,9.9 oz (281g),281.0,,,112.2 mm,91.1 mm,2.3 mm,,,,,,,,,,,,,
Brooks Glycerin GTS 20,https://runrepeat.com/brooks-glycerin-gts-20,https://cdn.runrepeat.com/storage/gallery/product_primary/38409/brooks-glycerin-gts-20-2-21232041-720.jpg,90 Great!,$160,Daily running,Stability,10.9 oz / 309g 10.5 oz / 298g,✗,11.0 mm 10.0 mm,Heel,23.4 HA,Small,Bad,Bad,Good,Moderate,36.5 mm,25.5 mm,11.0 mm,,24.9N,Brooks,90,160.0,11.0,10.9 oz (309g),309.0,,,,,,,,,,,,,,,,,,
Salomon Genesis,https://runrepeat.com/salomon-genesis,https://cdn.runrepeat.com/storage/gallery/product_primary/40306/salomon-genesis-21418127-720.jpg,92 Superb!,$150,,Neutral,9.9 oz / 282g 9.7 oz / 275g,,9.0 mm 8.0 mm,HeelMid/forefoot,22.4 HA,Small,Good,Good,Decent,Moderate,33.5 mm,24.5 mm,9.0 mm,12.6N,21.2N,Salomon,92,150.0,9.0,,,ModerateTechnical,33.5 mm 33.0 mm,,,,,,,,,,,,,,,,
Mizuno Wave Sky 8,https://runrepeat.com/mizuno-wave-sky-8,https://cdn.runrepeat.com/storage/gallery/product_primary/40459/mizuno-wave-sky-8-21976365-720.jpg,91 Superb!,$170,Daily running,Neutral,9.6 oz / 271g 9.8 oz / 277g,,10.0 mm 8.0 mm,HeelMid/forefoot,14.0 HA,Normal,Good,Good,Bad,Moderate,40.7 mm,30.7 mm,10.0 mm,14.6N,22.1N,Mizuno,91,170.0,10.0,9.6 oz (271g),271.0,,,,,,,,,,,,,,,,,,
ASICS Gel Venture 8,https://runrepeat.com/asics-gel-venture-8,https://cdn.runrepeat.com/storage/gallery/product_primary/37157/asics-gel-venture-8-21166027-720.jpg,88 Great!,$70,,Neutral,10.4 oz / 295g 12.5 oz / 354g,,13.2 mm 10.0 mm,Heel,23.1 HA,Normal,Bad,Decent,Good,Breathable,34.2 mm,21.0 mm,13.2 mm,,14.9N,ASICS,88,70.0,13.2,10.4 oz (295g),295.0,LightModerate,34.2 mm,,,,,,,,,,,,,,,,
Brooks Ghost 17,https://runrepeat.com/brooks-ghost-17,https://cdn.runrepeat.com/storage/gallery/product_primary/40767/brooks-ghost-17-23734399-720.jpg,N/A,$150,Daily running,Neutral,10.2 oz / 289g 10.1 oz / 286g,,10.4 mm 10.0 mm,Heel,17.0 HA,Normal,Decent,Good,Good,3,36.2 mm,25.8 mm,10.4 mm,10.9N,,Brooks,N/A,150.0,10.4,10.2 oz (289g),289.0,,,,,,,,,,,,,,,,,,
Saucony Endorphin Elite 2,https://runrepeat.com/saucony-endorphin-elite-2,https://cdn.runrepeat.com/storage/gallery/product_primary/40476/saucony-endorphin-elite-2-23261129-720.jpg,86 Good!,$290,Competition,Neutral,6.9 oz / 197g 7 oz / 199g,✓,7.5 mm 8.0 mm,Mid/forefoot,6.5 HA,Normal,Good,Good,Good,Breathable,39.9 mm,32.4 mm,7.5 mm,17.5N,,Saucony,86,290.0,7.5,6.9 oz (197g),197.0,,,,,,,,,,,,,,,,,,
Altra Lone Peak 6,https://runrepeat.com/altra-lone-peak-6,https://cdn.runrepeat.com/storage/gallery/product_primary/38006/merrell-nova-2-21-16359629-720.jpg,89 Great!,$140,,Neutral,9.8 oz / 278g 9.7 oz / 275g,,0.6 mm 0.0 mm,Mid/forefoot,-,-,-,-,-,-,25.1 mm,24.5 mm,0.6 mm,,33.4N,Altra,89,140.0,0.6,9.8 oz (278g),278.0,ModerateTechnical,25.1 mm 25.0 mm,111.4 mm,,,,,,,,,,,,,,,
Adidas Terrex Agravic Speed Ultra,https://runrepeat.com/adidas-terrex-agravic-speed-ultra,https://cdn.runrepeat.com/storage/gallery/product_primary/40181/adidas-terrex-agravic-speed-ultra-22624886-720.jpg,90 Great!,$220,,Neutral,9.1 oz / 259g 9.5 oz / 270g,,0.3 mm 8.0 mm,Mid/forefoot,20.5 HA,Small,Good,Good,Decent,Moderate,30.6 mm,30.3 mm,0.3 mm,15.3N,28.9N,Adidas,90,220.0,0.3,,,Light,30.6 mm 38.0 mm,,,,,,,,,,,,,,,,
Topo Ultraventure 3,https://runrepeat.com/topo-athletic-ultraventure-3,https://cdn.runrepeat.com/storage/gallery/product_primary/39268/topo-ultraventure-3-22605073-720.jpg,88 Great!,$150,,Neutral,9.7 oz / 276g 10.2 oz / 289g,,6.3 mm 5.0 mm,Mid/forefoot,18.5 HA,Small,Decent,Decent,Good,Moderate,37.2 mm,30.9 mm,6.3 mm,12.9N,21.2N,Topo Athletic,88,150.0,6.3,,,Light,37.2 mm 35.0 mm,,,,,,,,,,,,,,,,
Altra Experience Form,https://runrepeat.com/altra-experience-form,https://cdn.runrepeat.com/storage/gallery/product_primary/40435/altra-experience-form-22148886-720.jpg,91 Superb!,$145,Daily running,Stability,9.2 oz / 261g 9.6 oz / 272g,,4.0 mm 4.0 mm,Mid/forefoot,20.1 HA,Big,Decent,Decent,Decent,4,29.9 mm,25.9 mm,4.0 mm,,21.5N,Altra,91,145.0,4.0,9.2 oz (261g),261.0,,,,,,,,,,,,,,,,,,
Altra Escalante Racer,https://runrepeat.com/altra-escalante-racer,https://cdn.runrepeat.com/storage/gallery/product_primary/30523/altra-escalante-racer-21452199-720.jpg,91 Superb!,$140,CompetitionTempo,Neutral,7.3 oz / 208g 6.8 oz / 193g,✓,0.5 mm 0.0 mm,Mid/forefoot,30.8 HA,Small,Good,Good,Decent,Breathable,19.0 mm,18.5 mm,0.5 mm,,10.9N,Altra,91,140.0,0.5,7.3 oz (208g),208.0,,,,,,,,,,,,,,,,,,
On Cloudmonster Hyper,https://runrepeat.com/on-cloudmonster-hyper,https://cdn.runrepeat.com/storage/gallery/product_primary/40365/on-cloudmonster-hyper-21561940-720.jpg,89 Great!,$220,Daily runningTempo,Neutral,9.1 oz / 258g 9 oz / 255g,✗,6.7 mm 6.0 mm,Mid/forefoot,17.5 HA,Small,Decent,Bad,Good,Moderate,39.7 mm,33.0 mm,6.7 mm,15.8N,23.2N,On,89,220.0,6.7,,,,,,,,,,,,,,,,,,,,
Brooks Launch 10,https://runrepeat.com/brooks-launch-10,https://cdn.runrepeat.com/storage/gallery/product_primary/39685/brooks-launch-10-21189523-720.jpg,87 Great!,$110,Daily runningTempo,Neutral,8.1 oz / 230g 8.2 oz / 232g,✓,10.0 mm 10.0 mm,HeelMid/forefoot,19.8 HA,Normal,Decent,Good,Good,Moderate,33.8 mm,23.8 mm,10.0 mm,13.3N,18.2N,Brooks,87,110.0,10.0,,,,,,,,,,,,,,,,,,,,
Saucony Triumph 21,https://runrepeat.com/saucony-triumph-21,https://cdn.runrepeat.com/storage/gallery/product_primary/39928/saucony-triumph-21-21230526-720.jpg,87 Great!,$160,Daily running,Neutral,9.9 oz / 282g 10 oz / 283g,,10.5 mm 10.0 mm,Heel,16.8 HA,Normal,Decent,Decent,Good,Moderate,39.1 mm,28.6 mm,10.5 mm,11.5N,22.0N,Saucony,87,160.0,10.5,9.9 oz (282g),282.0,,,,,,,,,,,,,,,,,,
Hoka Rincon 3,https://runrepeat.com/hoka-rincon-3,https://cdn.runrepeat.com/storage/gallery/product_primary/37540/hoka-rincon-3-21208103-720.jpg,87 Great!,$125,Daily runningTempo,Neutral,7.3 oz / 208g 7.4 oz / 210g,✓,6.2 mm 5.0 mm,Mid/forefoot,23.4 HA,Small,Decent,Good,Good,Breathable,31.8 mm,25.6 mm,6.2 mm,13.2N,19.1N,HOKA,87,125.0,6.2,,,,,,,,,,,,,,,,,,,,
On Cloudswift 4,https://runrepeat.com/on-cloudswift-4,https://cdn.runrepeat.com/storage/gallery/product_primary/40770/on-cloudswift-4-23377132-720.jpg,86 Good!,$170,Daily running,Neutral,10.3 oz / 291g 9.8 oz / 278g,✗,10.4 mm 8.0 mm,Heel,36.1 HA,Small,Decent,Good,Good,Moderate,32.7 mm,22.3 mm,10.4 mm,10.7N,,On,86,170.0,10.4,10.3 oz (291g),291.0,,,,,,,,,,,,,,,,,,
Hoka Stinson 7,https://runrepeat.com/hoka-stinson-7,https://cdn.runrepeat.com/storage/gallery/product_primary/40135/hoka-stinson-7-21208110-720.jpg,85 Good!,$170,,Neutral,12.1 oz / 342g 12.9 oz / 365g,,7.0 mm 5.0 mm,Mid/forefoot,18.9 HA,Big,Very bad,Bad,Decent,Moderate,40.0 mm,33.0 mm,7.0 mm,23.6N,33.5N,HOKA,85,170.0,7.0,,,LightModerate,40.0 mm 42.0 mm,,,,,,,,,,,,,,,,
On Cloudswift 3,https://runrepeat.com/on-cloudswift-3,https://cdn.runrepeat.com/storage/gallery/product_primary/39887/on-cloudswift-3-21216748-720.jpg,88 Great!,$160,Daily running,Neutral,10.9 oz / 309g 10.9 oz / 309g,,9.7 mm 8.0 mm,HeelMid/forefoot,-,-,Good,-,-,4,34.0 mm,24.3 mm,9.7 mm,14.1N,26.5N,On,88,160.0,9.7,10.9 oz (309g),309.0,,,,,,,,,,,,,,,,,,
Saucony Peregrine 14,https://runrepeat.com/saucony-peregrine-14,https://cdn.runrepeat.com/storage/gallery/product_primary/40312/saucony-peregrine-14-21408357-720.jpg,88 Great!,$140,,Neutral,9.4 oz / 266g 9.4 oz / 267g,,2.2 mm 4.0 mm,Mid/forefoot,26.0 HA,Small,Decent,Decent,Good,Moderate,27.3 mm,25.1 mm,2.2 mm,11.5N,22.0N,Saucony,88,140.0,2.2,,,ModerateTechnical,27.3 mm 31.0 mm,,,,,,,,,,,,,,,,
Nike Structure 25,https://runrepeat.com/nike-structure-25,https://cdn.runrepeat.com/storage/gallery/product_primary/40189/nike-structure-25-primary-21282143-720.jpg,82 Good!,$140,Daily running,Stability,10.7 oz / 302g 11.4 oz / 322g,✗,12.1 mm 10.0 mm,Heel,17.0 HA,Small,Good,Good,Good,Moderate,36.7 mm,24.6 mm,12.1 mm,15.2N,22.1N,Nike,82,140.0,12.1,,,,,,,,,,,,,,,,,,,,
Adidas Ultraboost 22,https://runrepeat.com/adidas-ultraboost-22,https://cdn.runrepeat.com/storage/gallery/product_primary/37944/adidas-ultraboost-22-21173726-720.jpg,90 Great!,$190,Daily running,Neutral,10.6 oz / 301g 11.7 oz / 332g,,12.7 mm 10.0 mm,Heel,35.0 HA,Small,-,-,-,-,33.9 mm,21.2 mm,12.7 mm,,27.6N,Adidas,90,190.0,12.7,10.6 oz (301g),301.0,,,117.7 mm,,,,,,,,,,,,,,,
PUMA Deviate Nitro Elite,https://runrepeat.com/puma-deviate-nitro-elite,https://cdn.runrepeat.com/storage/gallery/product_primary/37135/puma-deviate-nitro-elite-21216752-720.jpg,93 Superb!,$200,Competition,Neutral,7.1 oz / 200g 6.7 oz / 190g,✓,5.7 mm 8.0 mm,Mid/forefoot,14.8 HA,Normal,Bad,Good,-,Breathable,31.1 mm,25.4 mm,5.7 mm,,41.0N,PUMA,93,200.0,5.7,7.1 oz (200g),200.0,,,,,,,,,,,,,,,,,,
Topo Atmos,https://runrepeat.com/topo-athletic-atmos,https://cdn.runrepeat.com/storage/gallery/product_primary/40413/topo-atmos-22539200-720.jpg,90 Great!,$160,Daily running,Neutral,9.7 oz / 275g 9.7 oz / 275g,✗,5.3 mm 5.0 mm,Mid/forefoot,20.0 HA,Normal,Decent,Good,Good,Moderate,37.8 mm,32.5 mm,5.3 mm,15.1N,29.6N,Topo Athletic,90,160.0,5.3,,,,,,,,,,,,,,,,,,,,
Adidas 4DFWD,https://runrepeat.com/adidas-4dfwd,https://cdn.runrepeat.com/storage/gallery/product_primary/37536/adidas-4-dfwd-21166014-720.jpg,90 Great!,$200,Daily running,Neutral,11.9 oz / 336g 11.5 oz / 327g,,8.9 mm 10.0 mm,HeelMid/forefoot,38.9 HA,Small,-,Good,-,2,33.3 mm,24.4 mm,8.9 mm,,25.1N,Adidas,90,200.0,8.9,11.9 oz (336g),336.0,,,,,,,,,,,,,,,,,,
ASICS Trabuco Max 3,https://runrepeat.com/asics-trabuco-max-3,https://cdn.runrepeat.com/storage/gallery/product_primary/40305/asics-trabuco-max-3-21395823-720.jpg,86 Good!,$160,,Neutral,10.9 oz / 308g 10.5 oz / 298g,,8.5 mm 5.0 mm,HeelMid/forefoot,18.6 HA,Small,Good,Good,Decent,Warm,42.4 mm,33.9 mm,8.5 mm,18.1N,33.7N,ASICS,86,160.0,8.5,,,ModerateTechnical,42.4 mm 43.0 mm,,,,,,,,,,,,,,,,
ASICS Trabuco Max 4,https://runrepeat.com/asics-trabuco-max-4,https://cdn.runrepeat.com/storage/gallery/product_primary/40647/asics-trabuco-max-4-23555595-720.jpg,86 Good!,$160,,Neutral,11 oz / 312g 0.2 oz / 5g,,6.1 mm 5.0 mm,Mid/forefoot,20.1 HA,Small,Decent,Good,Decent,Moderate,39.3 mm,33.2 mm,6.1 mm,26.4N,,ASICS,86,160.0,6.1,11.0 oz (312g),312.0,Light,39.3 mm 41.0 mm,,,,,,,,,,,,,,,,
Saucony Endorphin Shift 3,https://runrepeat.com/saucony-endorphin-shift-3,https://cdn.runrepeat.com/storage/gallery/product_primary/37961/saucony-endorphin-shift-3-21237225-720.jpg,89 Great!,$150,Daily running,Neutral,9.6 oz / 272g 9.4 oz / 266g,,6.5 mm 4.0 mm,Mid/forefoot,22.0 HA,Normal,-,-,-,4,39.6 mm,33.1 mm,6.5 mm,,43.9N,Saucony,89,150.0,6.5,9.6 oz (272g),272.0,,,,,,,,,,,,,,,,,,
On Cloudstratus,https://runrepeat.com/on-cloudstratus,https://cdn.runrepeat.com/storage/gallery/product_primary/32397/on-cloudstratus-2-21216745-720.jpg,91 Superb!,$170,Daily running,Stability,10.3 oz / 293g 11.1 oz / 315g,,9.7 mm 8.0 mm,HeelMid/forefoot,29.9 HA,Small,Bad,Bad,Decent,3,33.8 mm,24.1 mm,9.7 mm,,23.8N,On,91,170.0,9.7,10.3 oz (293g),293.0,,,,,,,,,,,,,,,,,,
ASICS Gel Kayano 28,https://runrepeat.com/asics-gel-kayano-28,https://cdn.runrepeat.com/storage/gallery/product_primary/37285/asics-gel-kayano-28-hero-2-15915062-720.jpg,90 Great!,$160,Daily running,Stability,10.7 oz / 302g 10.8 oz / 305g,,8.7 mm 10.0 mm,HeelMid/forefoot,-,-,-,-,-,-,31.8 mm,23.1 mm,8.7 mm,,,ASICS,90,160.0,8.7,10.7 oz (302g),302.0,,,113.4 mm,94.4 mm,4.2 mm,,,,,,,,,,,,,
Saucony Endorphin Speed 2,https://runrepeat.com/saucony-endorphin-speed-2,https://cdn.runrepeat.com/storage/gallery/product_primary/37287/saucony-endorphin-speed-2-hero-2-15915113-720.jpg,90 Great!,$160,Tempo,Neutral,8.1 oz / 229g 8 oz / 227g,✓,9.2 mm 8.0 mm,HeelMid/forefoot,-,-,-,-,-,3,35.3 mm,26.1 mm,9.2 mm,,39.6N,Saucony,90,160.0,9.2,8.1 oz (229g),229.0,,,,,,,,,,,,,,,,,,
Hoka Kawana,https://runrepeat.com/hoka-kawana,https://cdn.runrepeat.com/storage/gallery/product_primary/38009/hoka-kawana-21236513-720.jpg,86 Good!,$140,Daily running,Neutral,10.7 oz / 303g 10.7 oz / 303g,✗,5.7 mm 5.0 mm,Mid/forefoot,21.4 HA,Normal,Bad,-,-,Moderate,32.8 mm,27.1 mm,5.7 mm,,21.4N,HOKA,86,140.0,5.7,10.7 oz (303g),303.0,,,,,,,,,,,,,,,,,,
Brooks Hyperion Elite 4,https://runrepeat.com/brooks-hyperion-elite-4,https://cdn.runrepeat.com/storage/gallery/product_primary/40130/brooks-hyperion-elite-4-21503911-720.jpg,87 Great!,$250,CompetitionTempo,Neutral,7.8 oz / 220g 7.8 oz / 221g,✓,11.8 mm 8.0 mm,Heel,23.9 HA,Small,Decent,Good,Good,Breathable,39.1 mm,27.3 mm,11.8 mm,26.8N,63.0N,Brooks,87,250.0,11.8,,,,,,,,,,,,,,,,,,,,
ASICS Gel Venture 9,https://runrepeat.com/asics-gel-venture-9,https://cdn.runrepeat.com/storage/gallery/product_primary/39718/asics-gel-venture-9-21166028-720.jpg,84 Good!,$80,,Neutral,11.1 oz / 314g 10.6 oz / 300g,,10.4 mm,Heel,24.6 HA,Normal,Very bad,Decent,-,Moderate,33.3 mm,22.9 mm,10.4 mm,12.7N,20.1N,ASICS,84,80.0,10.4,,,LightModerate,33.3 mm,,,,,,,,,,,,,,,,
Altra Experience Flow 2,https://runrepeat.com/altra-experience-flow-2,https://cdn.runrepeat.com/storage/gallery/product_primary/40799/altra-experience-flow-2-23723022-720.jpg,N/A,$140,Daily running,Neutral,8.3 oz / 235g 8.1 oz / 231g,✓,4.4 mm 4.0 mm,Mid/forefoot,14.1 HA,Normal,Decent,Good,Decent,Moderate,30.3 mm,25.9 mm,4.4 mm,10.0N,,Altra,N/A,140.0,4.4,8.3 oz (235g),235.0,,,,,,,,,,,,,,,,,,
Altra Lone Peak 7,https://runrepeat.com/altra-lone-peak-7,https://cdn.runrepeat.com/storage/gallery/product_primary/39517/altra-lone-peak-7-21232033-720.jpg,86 Good!,$150,,Neutral,10.4 oz / 294g 11 oz / 312g,,0.2 mm 0.0 mm,Mid/forefoot,28.3 HA,Normal,-,-,-,Moderate,23.3 mm,23.1 mm,0.2 mm,,24.4N,Altra,86,150.0,0.2,10.4 oz (294g),294.0,Moderate,23.3 mm 25.0 mm,,,,,,,,,,,,,,,,
PUMA Velocity Nitro 3,https://runrepeat.com/puma-velocity-nitro-3,https://cdn.runrepeat.com/storage/gallery/product_primary/40300/puma-velocity-nitro-3-21383733-720.jpg,86 Good!,$135,Daily running,Neutral,9.3 oz / 264g 9.5 oz / 269g,✗,9.3 mm 10.0 mm,HeelMid/forefoot,17.9 HA,Small,Decent,Good,Decent,Moderate,34.8 mm,25.5 mm,9.3 mm,14.8N,25.4N,PUMA,86,135.0,9.3,,,,,,,,,,,,,,,,,,,,
ASICS Gel Cumulus 25,https://runrepeat.com/asics-gel-cumulus-25,https://cdn.runrepeat.com/storage/gallery/product_primary/39693/asics-gel-cumulus-25-21161597-720.jpg,88 Great!,$140,Daily running,Neutral,9.5 oz / 269g 9.5 oz / 269g,,11.2 mm 8.0 mm,Heel,17.6 HA,Normal,Decent,Good,-,Moderate,38.4 mm,27.2 mm,11.2 mm,14.7N,23.6N,ASICS,88,140.0,11.2,9.5 oz (269g),269.0,,,,,,,,,,,,,,,,,,
ASICS Gel Nimbus 24,https://runrepeat.com/asics-gel-nimbus-24,https://cdn.runrepeat.com/storage/gallery/product_primary/37946/asics-gel-nimbus-24-22-16360862-720.jpg,88 Great!,$160,Daily running,Neutral,9.3 oz / 265g 10.2 oz / 289g,,8.7 mm 10.0 mm,HeelMid/forefoot,-,-,-,-,-,-,,,,,,ASICS,88,160.0,,,,,,,,,280,8.7,32.4,38.5,39.5,3.0,3.0,,,,,,
Nike ZoomX Vaporfly NEXT% 2,https://runrepeat.com/nike-zoom-x-vaporfly-next-2,https://cdn.runrepeat.com/storage/gallery/product_primary/37049/nike-zoomx-vaporfly-next-2-15315048-720.jpg,91 Superb!,$225,Competition,Neutral,6.9 oz / 196g 6.9 oz / 196g,✓,7.7 mm 7.7 mm,Mid/forefoot,19.0 HA,-,-,-,-,Breathable,38.6 mm,30.9 mm,7.7 mm,,83.7N,Nike,91,225.0,7.7,6.9 oz (196g),196.0,,,,,,,,,,,,,,,,,,
Mizuno Wave Rider 27,https://runrepeat.com/mizuno-wave-rider-27,https://cdn.runrepeat.com/storage/gallery/product_primary/39992/mizuno-wave-rider-27-21208144-720.jpg,91 Superb!,$140,Daily running,Neutral,9.8 oz / 279g 9.9 oz / 280g,,13.2 mm 12.0 mm,Heel,23.3 HA,Small,Decent,Good,Good,Moderate,38.3 mm,25.1 mm,13.2 mm,13.6N,12.8N,Mizuno,91,140.0,13.2,9.8 oz (279g),279.0,,,,,,,,,,,,,,,,,,
Saucony Endorphin Pro 2,https://runrepeat.com/saucony-endorphin-pro-2,https://cdn.runrepeat.com/storage/gallery/product_primary/37286/saucony-endorphin-pro-2-hero-2-15915111-720.jpg,91 Superb!,$200,Competition,Neutral,7.6 oz / 215g 7.9 oz / 223g,✓,10.0 mm 8.0 mm,HeelMid/forefoot,-,-,-,-,-,Breathable,,,,,,Saucony,91,200.0,,,,,,,,,215,10,94.3,103.4,9.65%,5,,,,,,,
Nike Air Zoom Pegasus 38,https://runrepeat.com/nike-air-zoom-pegasus-38,https://cdn.runrepeat.com/storage/gallery/product_primary/37184/nike-air-zoom-pegasus-38-hero-2-15915110-720.jpg,87 Great!,$120,Daily running,Neutral,10.3 oz / 291g 10 oz / 283g,,8.7 mm 10.0 mm,HeelMid/forefoot,-,-,-,-,-,Moderate,,,,,,Nike,87,120.0,,,,,,,,,291.0,8.7,27.6,,31.2,,,36.2,3,3,,,
New Balance Fuelcell Supercomp Trainer,https://runrepeat.com/new-balance-fuelcell-supercomp-trainer,https://cdn.runrepeat.com/storage/gallery/product_primary/39176/new-balance-fuelcell-supercomp-trainer-21236844-720.jpg,88 Great!,$180,Tempo,Neutral,10.5 oz / 298g 11.3 oz / 320g,✗,10.3 mm 8.0 mm,Heel,11.8 HA,Big,-,-,-,Breathable,40.2 mm,29.9 mm,10.3 mm,,62.1N,New Balance,88,180.0,10.3,10.5 oz (298g),298.0,,,,,,,,,,,,,,,,,,
New Balance Fresh Foam Hierro v6,https://runrepeat.com/new-balance-fresh-foam-hierro-v-6,https://cdn.runrepeat.com/storage/gallery/product_primary/36861/new-balance-fresh-foam-hierro-v6-hero-2-15915122-720.jpg,89 Great!,$135,,Neutral,11.4 oz / 323g 11.9 oz / 337g,,9.2 mm 8.0 mm,HeelMid/forefoot,-,-,-,-,-,2,26.9 mm,17.7 mm,9.2 mm,,19.0N,New Balance,89,135.0,9.2,11.4 oz (323g),323.0,LightModerate,26.9 mm 28.0 mm,,,,,,,,,,,,,,,,
Adidas Adizero SL,https://runrepeat.com/adidas-adizero-sl,https://cdn.runrepeat.com/storage/gallery/product_primary/39493/adidas-adizero-sl-3-21158468-720.jpg,88 Great!,$120,Daily runningTempo,Neutral,8.8 oz / 249g 8.6 oz / 244g,✓,8.6 mm 10.0 mm,HeelMid/forefoot,22.1 HA,Normal,Decent,Good,Good,Breathable,34.9 mm,26.3 mm,8.6 mm,18.3N,22.3N,Adidas,88,120.0,8.6,,,,,,,,,,,,,,,,,,,,
Altra Experience Wild,https://runrepeat.com/altra-experience-wild,https://cdn.runrepeat.com/storage/gallery/product_primary/40379/altra-experience-wild-22638217-720.jpg,88 Great!,$145,,Neutral,10.1 oz / 285g 9.6 oz / 273g,,4.3 mm 4.0 mm,Mid/forefoot,17.5 HA,Normal,Decent,Decent,Good,Moderate,34.5 mm,30.2 mm,4.3 mm,13.8N,28.7N,Altra,88,145.0,4.3,,,LightModerate,34.5 mm 34.0 mm,,,,,,,,,,,,,,,,
Nike Winflo 10,https://runrepeat.com/nike-winflo-10,https://cdn.runrepeat.com/storage/gallery/product_primary/39813/nike-winflo-10-21212270-720.jpg,86 Good!,$100,Daily running,Neutral,9.5 oz / 269g 9.9 oz / 280g,✗,9.7 mm 10.0 mm,HeelMid/forefoot,16.1 HA,Big,Decent,Decent,Good,Moderate,33.5 mm,23.8 mm,9.7 mm,14.5N,21.7N,Nike,86,100.0,9.7,,,,,,,,,,,,,,,,,,,,
Nike ZoomX Streakfly,https://runrepeat.com/nike-zoom-x-streakfly,https://cdn.runrepeat.com/storage/gallery/product_primary/38033/nike-zoom-x-streakfly-21237199-720.jpg,87 Great!,$160,Tempo,Neutral,6 oz / 171g 6 oz / 171g,✓,6.3 mm 6.0 mm,Mid/forefoot,12.1 HA,Small,-,-,-,Breathable,31.7 mm,25.4 mm,6.3 mm,5.3N,13.0N,Nike,87,160.0,6.3,,,,,,,,,,,,,,,,,,,,
Salomon Aero Glide 2,https://runrepeat.com/salomon-aero-glide-2,https://cdn.runrepeat.com/storage/gallery/product_primary/40363/salomon-aero-glide-2-22011337-720.jpg,93 Superb!,$160,Daily running,Neutral,9.5 oz / 268g 9.2 oz / 260g,✗,11.3 mm 10.0 mm,Heel,22.5 HA,Small,Good,Decent,Decent,Moderate,35.5 mm,24.2 mm,11.3 mm,16.9N,24.4N,Salomon,93,160.0,11.3,,,,,,,,,,,,,,,,,,,,
Nike Revolution 7,https://runrepeat.com/nike-revolution-7,https://cdn.runrepeat.com/storage/gallery/product_primary/40209/nike-revolution-7-21216554-720.jpg,80 Good!,$70,Daily running,Neutral,9.9 oz / 281g 10 oz / 283g,,10.5 mm 10.0 mm,Heel,28.4 HA,Small,Bad,Good,Decent,Moderate,31.5 mm,21.0 mm,10.5 mm,12.3N,18.3N,Nike,80,70.0,10.5,9.9 oz (281g),281.0,,,,,,,,,,,,,,,,,,
Hoka Speedgoat 6,https://runrepeat.com/hoka-speedgoat-6,https://cdn.runrepeat.com/storage/gallery/product_primary/39688/hoka-speedgoat-6-21660912-720.jpg,78 Decent!,$155,,Neutral,9.8 oz / 278g 9.8 oz / 277g,,4.9 mm 5.0 mm,Mid/forefoot,20.1 HA,Small,Good,Good,Decent,Warm,32.1 mm,27.2 mm,4.9 mm,18.4N,28.6N,HOKA,78,155.0,4.9,,,Moderate,32.1 mm 40.0 mm,,,,,,,,,,,,,,,,
Nike Ultrafly,https://runrepeat.com/nike-ultrafly,https://cdn.runrepeat.com/storage/gallery/product_primary/40119/nike-ultrafly-21212267-720.jpg,89 Great!,$260,,Neutral,10.5 oz / 299g 10.1 oz / 286g,✗,11.8 mm 8.5 mm,Heel,9.8 HA,Small,Very bad,Good,Good,Moderate,36.6 mm,24.8 mm,11.8 mm,20.6N,,Nike,89,260.0,11.8,,,LightModerate,36.6 mm 38.0 mm,,,,,,,,,,,,,,,,
On Cloudflyer,https://runrepeat.com/on-cloudflyer,https://cdn.runrepeat.com/storage/gallery/product_primary/20682/on-cloudflyer-21216740-720.jpg,89 Great!,$160,Daily running,Stability,9.9 oz / 281g 10 oz / 283g,,10.0 mm 7.0 mm,HeelMid/forefoot,31.3 HA,Normal,Decent,Bad,Good,4,30.5 mm,20.5 mm,10.0 mm,,13.6N,On,89,160.0,10.0,9.9 oz (281g),281.0,,,,,,,,,,,,,,,,,,
Adidas Adistar,https://runrepeat.com/adidas-adistar,https://cdn.runrepeat.com/storage/gallery/product_primary/38014/adidas-adistar-21166016-720.jpg,88 Great!,$130,Daily running,Neutral,11.5 oz / 325g 11.2 oz / 318g,,9.6 mm 6.0 mm,HeelMid/forefoot,24.0 HA,Normal,Decent,Good,-,4,34.4 mm,24.8 mm,9.6 mm,,26.0N,Adidas,88,130.0,9.6,11.5 oz (325g),325.0,,,,,,,,,,,,,,,,,,
Hoka Tecton X 2,https://runrepeat.com/hoka-tecton-x-2,https://cdn.runrepeat.com/storage/gallery/product_primary/39775/hoka-tecton-x-2-21208112-720.jpg,88 Great!,$225,,Neutral,9.1 oz / 257g 8.8 oz / 249g,,5.6 mm 5.0 mm,Mid/forefoot,21.8 HA,Small,Good,Bad,Good,Moderate,37.4 mm,31.8 mm,5.6 mm,,42.5N,HOKA,88,225.0,5.6,9.1 oz (257g),257.0,Moderate,37.4 mm 32.0 mm,,,,,,,,,,,,,,,,
Adidas Adizero Boston 12,https://runrepeat.com/adidas-adizero-boston-12,https://cdn.runrepeat.com/storage/gallery/product_primary/39959/adidas-adizero-boston-12-21158467-720.jpg,88 Great!,$160,Tempo,Neutral,9.2 oz / 261g 9.2 oz / 260g,✗,6.1 mm 6.5 mm,Mid/forefoot,24.0 HA,SmallNormal,Bad,Decent,Good,Breathable,34.5 mm,28.4 mm,6.1 mm,17.3N,26.7N,Adidas,88,160.0,6.1,,,,,,,,,,,,,,,,,,,,
ASICS GT 2000 11,https://runrepeat.com/asics-gt-2000-11,https://cdn.runrepeat.com/storage/gallery/product_primary/39372/asics-gt-2000-11-21232024-720.jpg,89 Great!,$140,Daily running,Stability,9.9 oz / 282g 9.7 oz / 275g,,6.0 mm 8.0 mm,Mid/forefoot,29.3 HA,Small,-,-,-,4,30.7 mm,24.7 mm,6.0 mm,,24.9N,ASICS,89,140.0,6.0,9.9 oz (282g),282.0,,,,,,,,,,,,,,,,,,
Brooks Hyperion GTS 2,https://runrepeat.com/brooks-hyperion-gts-2,https://cdn.runrepeat.com/storage/gallery/product_primary/40447/brooks-hyperion-gts-2-22997683-720.jpg,89 Great!,$140,Daily runningTempo,Stability,7.8 oz / 220g 7.6 oz / 215g,✓,10.7 mm 8.0 mm,Heel,20.0 HA,Normal,Decent,Good,Good,Moderate,33.0 mm,22.3 mm,10.7 mm,12.6N,,Brooks,89,140.0,10.7,7.8 oz (220g),220.0,,,,,,,,,,,,,,,,,,
Adidas Supernova+,https://runrepeat.com/adidas-supernova-plus,https://cdn.runrepeat.com/storage/gallery/product_primary/37864/adidas-supernova-21166024-720.jpg,86 Good!,$120,Daily running,Neutral,11.8 oz / 335g 11.2 oz / 318g,,9.3 mm 10.0 mm,HeelMid/forefoot,25.6 HA,Small,-,-,-,-,30.7 mm,21.4 mm,9.3 mm,11.8N,28.2N,Adidas,86,120.0,9.3,11.8 oz (335g),335.0,,,,,,,,,,,,,,,,,,
Brooks Beast GTS 24,https://runrepeat.com/brooks-beast-gts-24,https://cdn.runrepeat.com/storage/gallery/product_primary/40513/brooks-beast-gts-24-22195093-720.jpg,86 Good!,$160,Daily running,Stability,12.6 oz / 357g 12.6 oz / 357g,✗,12.7 mm 12.0 mm,Heel,30.1 HA,Small,Decent,Decent,Good,Warm,38.5 mm,25.8 mm,12.7 mm,13.0N,26.6N,Brooks,86,160.0,12.7,,,,,,,,,,,,,,,,,,,,
Brooks Glycerin StealthFit 21,https://runrepeat.com/brooks-glycerin-stealthfit-21,https://cdn.runrepeat.com/storage/gallery/product_primary/40323/brooks-glycerin-stealthfit-21-21512374-720.jpg,84 Good!,$160,Daily running,Neutral,9.1 oz / 257g 10 oz / 283g,,10.5 mm 10.0 mm,Heel,20.6 HA,Normal,Decent,Decent,Good,Warm,36.9 mm,26.4 mm,10.5 mm,13.1N,22.4N,Brooks,84,160.0,10.5,9.1 oz (257g),257.0,,,,,,,,,,,,,,,,,,
Salomon Speedcross 6 GTX,https://runrepeat.com/salomon-speedcross-6-gtx,https://cdn.runrepeat.com/storage/gallery/product_primary/39231/salomon-speedcross-6-gtx-21230511-720.jpg,87 Great!,$165,,Neutral,11.5 oz / 325g 11.6 oz / 328g,,11.2 mm 10.0 mm,Heel,32.4 HA,Small,Good,Good,Decent,Warm,37.0 mm,25.8 mm,11.2 mm,,24.1N,Salomon,87,165.0,11.2,11.5 oz (325g),325.0,Technical,37.0 mm 32.0 mm,,,,,,,,,,,,,,,,
Allbirds Tree Dasher 2,https://runrepeat.com/allbirds-tree-dasher-2-0,https://cdn.runrepeat.com/storage/gallery/product_primary/38398/allbirds-tree-dasher-2-21161587-720.jpg,87 Great!,$135,Daily running,Neutral,10.3 oz / 291g 10.3 oz / 292g,✗,9.3 mm 7.0 mm,HeelMid/forefoot,27.0 HA,Small,Good,Good,Bad,Breathable,31.6 mm,22.3 mm,9.3 mm,,19.5N,Allbirds,87,135.0,9.3,10.3 oz (291g),291.0,,,,,,,,,,,,,,,,,,
Mizuno Wave Rebellion Pro 2,https://runrepeat.com/mizuno-wave-rebellion-pro-2,https://cdn.runrepeat.com/storage/gallery/product_primary/40291/mizuno-wave-rebellion-pro-2-21387842-720.jpg,90 Great!,$250,Competition,Neutral,7.4 oz / 209g 7.6 oz / 215g,✓,2.1 mm 2.5 mm,Mid/forefoot,16.0 HA,Small,Bad,Good,Bad,Moderate,37.9 mm,35.8 mm,2.1 mm,21.7N,58.4N,Mizuno,90,250.0,2.1,,,,,,,,,,,,,,,,,,,,
Mizuno Wave Rebellion Flash 2,https://runrepeat.com/mizuno-wave-rebellion-flash-2,https://cdn.runrepeat.com/storage/gallery/product_primary/40292/mizuno-wave-rebellion-flash-2-22551800-720.jpg,90 Great!,$170,Tempo,Neutral,8.4 oz / 239g 8.6 oz / 243g,✓,2.9 mm 0.5 mm,Mid/forefoot,14.8 HA,Normal,Decent,Bad,Good,Moderate,35.2 mm,32.3 mm,2.9 mm,15.8N,30.2N,Mizuno,90,170.0,2.9,,,,,,,,,,,,,,,,,,,,
On Cloudboom Echo 3,https://runrepeat.com/on-cloudboom-echo-3,https://cdn.runrepeat.com/storage/gallery/product_primary/40114/on-cloudboom-echo-3-21216736-720.jpg,90 Great!,$290,Competition,Neutral,7.9 oz / 225g 7.5 oz / 212g,✓,10.2 mm 9.0 mm,Heel,23.5 HA,Small,Decent,Decent,Decent,Breathable,38.6 mm,28.4 mm,10.2 mm,22.0N,48.5N,On,90,290.0,10.2,,,,,,,,,,,,,,,,,,,,
Nike Pegasus Trail 3,https://runrepeat.com/nike-pegasus-trail-3,https://cdn.runrepeat.com/storage/gallery/product_primary/37373/nike-pegasus-trail-3-hero-2-15915116-720.jpg,90 Great!,$130,,Neutral,10.8 oz / 306g 11.3 oz / 320g,,10.3 mm 10.0 mm,Heel,Soft,Big,-,-,-,Warm,,,,,,Nike,90,130.0,,,,LightModerate,35.3 mm 36.0 mm,,,,306,10.8,23.5,38.2,62.6,3.0,,,,,,,
Nike ZoomX Invincible Run Flyknit 2,https://runrepeat.com/nike-zoom-x-invincible-run-2,https://cdn.runrepeat.com/storage/gallery/product_primary/38588/nike-zoom-x-invincible-run-flyknit-2-21237197-720.jpg,86 Good!,$180,Daily running,Neutral,10.3 oz / 291g 9.7 oz / 274g,,12.0 mm 9.0 mm,Heel,11.0 HA,Small,-,-,-,2,35.5 mm,23.5 mm,12.0 mm,,23.8N,Nike,86,180.0,12.0,10.3 oz (291g),291.0,,,,,,,,,,,,,,,,,,
New Balance FuelCell RC Elite v2,https://runrepeat.com/new-balance-fuel-cell-rc-elite-v-2,https://cdn.runrepeat.com/storage/gallery/product_primary/37093/new-balance-fuelcell-rc-elite-v2-hero-2-15915118-720.jpg,89 Great!,$225,Competition,Neutral,7.7 oz / 217g 7.8 oz / 221g,✓,8.3 mm 8.0 mm,HeelMid/forefoot,-,-,-,-,-,4,34.1 mm,25.8 mm,8.3 mm,,68.5N,New Balance,89,225.0,8.3,7.7 oz (217g),217.0,,,,,,,,,,,,,,,,,,
PUMA Velocity Nitro,https://runrepeat.com/puma-velocity-nitro,https://cdn.runrepeat.com/storage/gallery/product_primary/37051/puma-velocity-nitro-04-16295095-720.jpg,92 Superb!,$120,Daily runningTempo,Neutral,9.5 oz / 268g 9.1 oz / 258g,✗,11.5 mm 8.0 mm,Heel,-,-,-,-,-,-,35.7 mm,24.2 mm,11.5 mm,,35.1N,PUMA,92,120.0,11.5,9.5 oz (268g),268.0,,,109.9 mm,,,,,,,,,,,,,,,
Saucony Axon 3,https://runrepeat.com/saucony-axon-3,https://cdn.runrepeat.com/storage/gallery/product_primary/39673/saucony-axon-3-21140563-720.jpg,89 Great!,$100,Daily runningTempo,Neutral,8.6 oz / 244g 8.5 oz / 241g,✓,5.7 mm 4.0 mm,Mid/forefoot,18.3 HA,Small,Decent,Good,Good,Moderate,33.6 mm,27.9 mm,5.7 mm,,30.4N,Saucony,89,100.0,5.7,8.6 oz (244g),244.0,,,,,,,,,,,,,,,,,,
Adidas Supernova Prima,https://runrepeat.com/adidas-supernova-prima,https://cdn.runrepeat.com/storage/gallery/product_primary/40418/adidas-supernova-prima-22145771-720.jpg,89 Great!,$160,Daily running,Neutral,9.9 oz / 281g 10 oz / 284g,✗,8.9 mm 8.0 mm,HeelMid/forefoot,20.0 HA,Small,Decent,Bad,Bad,Moderate,36.1 mm,27.2 mm,8.9 mm,12.4N,23.0N,Adidas,89,160.0,8.9,,,,,,,,,,,,,,,,,,,,
Salomon Ultra Glide,https://runrepeat.com/salomon-ultra-glide,https://cdn.runrepeat.com/storage/gallery/product_primary/37326/salomon-ultra-glide-21230514-720.jpg,89 Great!,$140,,Neutral,10 oz / 283g 10 oz / 283g,,7.9 mm 6.0 mm,Mid/forefoot,17.5 HA,Small,Bad,Good,-,-,31.8 mm,23.9 mm,7.9 mm,,34.5N,Salomon,89,140.0,7.9,10.0 oz (283g),283.0,LightModerate,31.8 mm 32.0 mm,,,,,,,,,,,,,,,,
Saucony Ride 15,https://runrepeat.com/saucony-ride-15,https://cdn.runrepeat.com/storage/gallery/product_primary/37967/saucony-ride-15-21237221-720.jpg,89 Great!,$130,Daily running,Neutral,8.9 oz / 253g 9 oz / 255g,✗,6.9 mm 8.0 mm,Mid/forefoot,22.5 HA,Normal,-,-,-,-,31.4 mm,24.5 mm,6.9 mm,,29.0N,Saucony,89,130.0,6.9,8.9 oz (253g),253.0,,,,,,,,,,,,,,,,,,
Brooks Hyperion GTS,https://runrepeat.com/brooks-hyperion-gts,https://cdn.runrepeat.com/storage/gallery/product_primary/40034/brooks-hyperion-gts-21189520-720.jpg,90 Great!,$150,Tempo,Stability,8 oz / 228g 8 oz / 228g,✓,9.9 mm 8.0 mm,HeelMid/forefoot,18.4 HA,Big,Decent,Good,Good,Breathable,28.6 mm,18.7 mm,9.9 mm,,12.7N,Brooks,90,150.0,9.9,8.0 oz (228g),228.0,,,,,,,,,,,,,,,,,,
Hoka Bondi X,https://runrepeat.com/hoka-bondi-x,https://cdn.runrepeat.com/storage/gallery/product_primary/37539/hoka-one-one-bondi-x-hero-2-15915064-720.jpg,90 Great!,$200,Tempo,Neutral,10.5 oz / 298g 10.6 oz / 300g,✗,0.0 mm 5.0 mm,Mid/forefoot,-,-,-,-,-,-,,,,,,HOKA,90,200.0,,,,,,,,,298,5.6,69.4,88.6,27.7,5,,,,,,,
Saucony Triumph 20,https://runrepeat.com/saucony-triumph-20,https://cdn.runrepeat.com/storage/gallery/product_primary/37983/saucony-triumph-20-21237232-720.jpg,87 Great!,$160,Daily running,Neutral,9.9 oz / 282g 9.7 oz / 275g,,10.4 mm 10.0 mm,Heel,18.8 HA,Normal,-,-,-,5,35.4 mm,25.0 mm,10.4 mm,,27.7N,Saucony,87,160.0,10.4,9.9 oz (282g),282.0,,,,,,,,,,,,,,,,,,
Adidas Runfalcon 5,https://runrepeat.com/adidas-runfalcon-5,https://cdn.runrepeat.com/storage/gallery/product_primary/40582/adidas-runfalcon-5-22267733-720.jpg,85 Good!,$65,Daily running,Neutral,9.7 oz / 275g 10.7 oz / 303g,,9.4 mm 10.0 mm,HeelMid/forefoot,26.1 HA,Small,Bad,Bad,Decent,Moderate,31.2 mm,21.8 mm,9.4 mm,12.0N,18.4N,Adidas,85,65.0,9.4,9.7 oz (275g),275.0,,,,,,,,,,,,,,,,,,
Brooks Launch 11,https://runrepeat.com/brooks-launch-11,https://cdn.runrepeat.com/storage/gallery/product_primary/40643/brooks-launch-11-22723085-720.jpg,83 Good!,$120,Daily runningTempo,Neutral,8.4 oz / 237g 7.7 oz / 218g,✓,9.5 mm 8.0 mm,HeelMid/forefoot,24.1 HA,Small,Decent,Bad,Good,Moderate,33.5 mm,24.0 mm,9.5 mm,14.9N,25.4N,Brooks,83,120.0,9.5,,,,,,,,,,,,,,,,,,,,
Nike Streakfly 2,https://runrepeat.com/nike-streakfly-2,https://cdn.runrepeat.com/storage/gallery/product_primary/40695/nike-streakfly-2-22864143-720.jpg,83 Good!,$180,CompetitionTempo,Neutral,4.5 oz / 128g 5.1 oz / 144g,✓,3.7 mm 4.0 mm,Mid/forefoot,16.4 HA,Small,Bad,Good,Decent,Breathable,27.0 mm,23.3 mm,3.7 mm,7.0N,,Nike,83,180.0,3.7,4.5 oz (128g),128.0,,,,,,,,,,,,,,,,,,
ASICS Metaspeed Ray,https://runrepeat.com/asics-metaspeed-ray,https://cdn.runrepeat.com/storage/gallery/product_primary/40869/asics-metaspeed-ray-23526322-720.jpg,83 Good!,$300,Competition,Neutral,4.6 oz / 129g 4.6 oz / 129g,✓,9.8 mm 5.0 mm,HeelMid/forefoot,12.5 HA,Small,Bad,Good,Decent,Moderate,39.8 mm,30.0 mm,9.8 mm,16.3N,,ASICS,83,300.0,9.8,4.6 oz (129g),129.0,,,,,,,,,,,,,,,,,,
Hoka Gaviota 4,https://runrepeat.com/hoka-gaviota-4,https://cdn.runrepeat.com/storage/gallery/product_primary/39326/hoka-gaviota-4-21236510-720.jpg,86 Good!,$170,Daily running,Stability,11.4 oz / 324g 11.4 oz / 324g,,6.5 mm 5.0 mm,Mid/forefoot,28.4 HA,Normal,Decent,Bad,-,4,36.6 mm,30.1 mm,6.5 mm,,40.8N,HOKA,86,170.0,6.5,11.4 oz (324g),324.0,,,,,,,,,,,,,,,,,,
Brooks Revel 6,https://runrepeat.com/brooks-revel-6,https://cdn.runrepeat.com/storage/gallery/product_primary/39524/brooks-revel-6-21189529-720.jpg,86 Good!,$100,Daily running,Neutral,9.2 oz / 261g 8.8 oz / 249g,,13.2 mm 10.0 mm,Heel,20.1 HA,Big,Bad,Bad,Good,4,32.9 mm,19.7 mm,13.2 mm,,19.2N,Brooks,86,100.0,13.2,9.2 oz (261g),261.0,,,,,,,,,,,,,,,,,,
Saucony Guide 18,https://runrepeat.com/saucony-guide-18,https://cdn.runrepeat.com/storage/gallery/product_primary/40636/saucony-guide-18-22687917-720.jpg,80 Good!,$140,Daily running,Stability,9.8 oz / 278g 9.6 oz / 272g,,8.3 mm 6.0 mm,HeelMid/forefoot,23.0 HA,Small,Good,Decent,Good,Breathable,36.0 mm,27.7 mm,8.3 mm,13.2N,25.6N,Saucony,80,140.0,8.3,9.8 oz (278g),278.0,,,,,,,,,,,,,,,,,,
Saucony Guide 16,https://runrepeat.com/saucony-guide-16,https://cdn.runrepeat.com/storage/gallery/product_primary/39630/saucony-guide-16-21237228-720.jpg,88 Great!,$140,Daily running,Stability,9.7 oz / 275g 9.5 oz / 269g,,7.8 mm 8.0 mm,Mid/forefoot,20.0 HA,SmallNormal,-,Bad,-,3,32.6 mm,24.8 mm,7.8 mm,,20.5N,Saucony,88,140.0,7.8,9.7 oz (275g),275.0,,,,,,,,,,,,,,,,,,
Brooks Caldera 7,https://runrepeat.com/brooks-caldera-7,https://cdn.runrepeat.com/storage/gallery/product_primary/40280/brooks-caldera-7-21524387-720.jpg,88 Great!,$150,,Neutral,10.8 oz / 305g 10.6 oz / 300g,,8.9 mm 6.0 mm,HeelMid/forefoot,15.5 HA,Small,Decent,Good,Decent,Breathable,36.7 mm,27.8 mm,8.9 mm,17.6N,29.7N,Brooks,88,150.0,8.9,,,LightModerate,36.7 mm 39.0 mm,,,,,,,,,,,,,,,,
Adidas Adizero Boston 13,https://runrepeat.com/adidas-adizero-boston-13,https://cdn.runrepeat.com/storage/gallery/product_primary/40797/adidas-adizero-boston-13-23048569-720.jpg,90 Great!,$160,CompetitionTempo,Neutral,9 oz / 254g 9 oz / 255g,✗,6.0 mm 6.0 mm,Mid/forefoot,23.0 HA,Normal,Decent,Good,Good,Moderate,34.3 mm,28.3 mm,6.0 mm,15.4N,,Adidas,90,160.0,6.0,9.0 oz (254g),254.0,,,,,,,,,,,,,,,,,,
Xero Shoes Prio,https://runrepeat.com/xero-shoes-prio,https://cdn.runrepeat.com/storage/gallery/product_primary/29586/xero-shoes-prio-23058909-720.jpg,91 Superb!,$90,Daily running,Neutral,9.8 oz / 279g 7.4 oz / 210g,✗,0.4 mm 0.0 mm,Mid/forefoot,-,-,Good,Bad,Decent,2,12.2 mm,11.8 mm,0.4 mm,4.0N,,Xero Shoes,91,90.0,0.4,9.8 oz (279g),279.0,,,,,,,,,,,,,,,,,,
Salomon Thundercross,https://runrepeat.com/salomon-thundercross,https://cdn.runrepeat.com/storage/gallery/product_primary/40089/salomon-thundercross-2-21230513-720.jpg,89 Great!,$140,,Neutral,9.6 oz / 271g 10.2 oz / 290g,,3.0 mm 4.0 mm,Mid/forefoot,19.4 HA,Normal,Good,Decent,Good,Warm,27.6 mm,24.6 mm,3.0 mm,16.5N,29.2N,Salomon,89,140.0,3.0,,,ModerateTechnical,27.6 mm 31.0 mm,,,,,,,,,,,,,,,,
Altra VIA Olympus 2,https://runrepeat.com/altra-via-olympus-2,https://cdn.runrepeat.com/storage/gallery/product_primary/40245/altra-via-olympus-2-21410260-720.jpg,85 Good!,$165,Daily running,Neutral,10.4 oz / 295g 10.5 oz / 297g,✗,-0.2 mm 0.0 mm,Mid/forefoot,14.5 HA,Small,Good,Good,Good,Warm,34.8 mm,35.0 mm,-0.2 mm,,41.3N,Altra,85,165.0,0.2,10.4 oz (295g),295.0,,,,,,,,,,,,,,,,,,
New Balance Fresh Foam X Hierro v8,https://runrepeat.com/new-balance-fresh-foam-x-hierro-v-8,https://cdn.runrepeat.com/storage/gallery/product_primary/40394/new-balance-fresh-foam-x-hierro-v-8-21567033-720.jpg,82 Good!,$150,,Neutral,10.5 oz / 298g 11 oz / 311g,,8.1 mm 6.0 mm,HeelMid/forefoot,9.1 HA,Normal,Very bad,Decent,Good,Warm,32.2 mm,24.1 mm,8.1 mm,11.0N,14.9N,New Balance,82,150.0,8.1,,,LightModerate,32.2 mm 37.0 mm,,,,,,,,,,,,,,,,
Mizuno Neo Vista 2,https://runrepeat.com/mizuno-neo-vista-2,https://cdn.runrepeat.com/storage/gallery/product_primary/40828/mizuno-neo-vista-2-23266001-720.jpg,82 Good!,$200,Daily runningTempo,Neutral,9.3 oz / 264g 9.4 oz / 266g,✗,8.5 mm 8.0 mm,HeelMid/forefoot,10.0 HA,Small,Good,Good,Good,Moderate,46.0 mm,37.5 mm,8.5 mm,13.5N,,Mizuno,82,200.0,8.5,9.3 oz (264g),264.0,,,,,,,,,,,,,,,,,,
Altra Lone Peak 8,https://runrepeat.com/altra-lone-peak-8,https://cdn.runrepeat.com/storage/gallery/product_primary/40288/altra-lone-peak-8-primary-21408475-720.jpg,81 Good!,$140,,Neutral,10.2 oz / 288g 10.7 oz / 303g,,1.4 mm 0.0 mm,Mid/forefoot,29.3 HA,Small,Good,Decent,Decent,Moderate,22.7 mm,21.3 mm,1.4 mm,,21.3N,Altra,81,140.0,1.4,10.2 oz (288g),288.0,LightModerate,22.7 mm 25.0 mm,,,,,,,,,,,,,,,,
HOKA Mach X 3,https://runrepeat.com/hoka-mach-x-3,https://cdn.runrepeat.com/storage/gallery/product_primary/40956/hoka-mach-x-3-23663994-720.jpg,N/A,$190,Daily runningTempo,Neutral,9.3 oz / 264g 8.9 oz / 252g,✗,9.5 mm 5.0 mm,HeelMid/forefoot,14.4 HA,Small,Decent,Good,Good,Moderate,42.9 mm,33.4 mm,9.5 mm,17.8N,,HOKA,N/A,190.0,9.5,9.3 oz (264g),264.0,,,,,,,,,,,,,,,,,,
Brooks Glycerin GTS 22,https://runrepeat.com/brooks-glycerin-gts-22,https://cdn.runrepeat.com/storage/gallery/product_primary/40659/brooks-glycerin-gts-22-22723084-720.jpg,78 Decent!,$165,Daily running,Stability,10.8 oz / 305g 10.7 oz / 303g,,10.1 mm 10.0 mm,Heel,24.1 HA,Normal,Decent,Good,Good,Breathable,37.8 mm,27.7 mm,10.1 mm,14.6N,26.0N,Brooks,78,165.0,10.1,10.8 oz (305g),305.0,,,,,,,,,,,,,,,,,,
Salomon Ultra Glide 2,https://runrepeat.com/salomon-ultra-glide-2,https://cdn.runrepeat.com/storage/gallery/product_primary/39552/salomon-ultra-glide-2-21237216-720.jpg,86 Good!,$150,,Neutral,10.1 oz / 286g 9.2 oz / 260g,,7.2 mm 6.0 mm,Mid/forefoot,18.0 HA,Big,Bad,-,-,Moderate,30.6 mm,23.4 mm,7.2 mm,13.9N,,Salomon,86,150.0,7.2,,,LightModerate,30.6 mm 32.0 mm,,,,,,,,,,,,,,Improved balance and stability.,,
Merrell Vapor Glove 6,https://runrepeat.com/merrell-vapor-glove-6,https://cdn.runrepeat.com/storage/gallery/product_primary/39721/merrell-vapor-glove-6-21208138-720.jpg,86 Good!,$90,Daily running,Neutral,5.6 oz / 159g 5.3 oz / 150g,✓,0.0 mm 0.0 mm,Mid/forefoot,-,-,Decent,Decent,Decent,3,7.6 mm,7.6 mm,0.0 mm,,2.2N,Merrell,86,90.0,0.0,5.6 oz (159g),159.0,,,,,,,,,,,,,,,,,,
Nike Zoom Fly 4,https://runrepeat.com/nike-zoom-fly-4,https://cdn.runrepeat.com/storage/gallery/product_primary/37760/nike-zoom-fly-4-hero-2-15915082-720.jpg,86 Good!,$160,Tempo,Neutral,9.6 oz / 271g 8.8 oz / 249g,✗,7.1 mm 8.0 mm,Mid/forefoot,-,-,-,-,-,-,38.4 mm,31.3 mm,7.1 mm,,56.3N,Nike,86,160.0,7.1,9.6 oz (271g),271.0,,,106.7 mm,,,,,,,,,,,,,,,
Skechers GO RUN Ride 11,https://runrepeat.com/skechers-go-run-ride-11,https://cdn.runrepeat.com/storage/gallery/product_primary/39822/skechers-go-run-ride-11-21230553-720.jpg,92 Superb!,$125,Daily running,Neutral,10.1 oz / 285g 9.7 oz / 275g,,6.5 mm 6.0 mm,Mid/forefoot,19.0 HA,SmallNormal,Decent,Bad,Good,Moderate,34.1 mm,27.6 mm,6.5 mm,12.5N,25.8N,Skechers,92,125.0,6.5,10.1 oz (285g),285.0,,,,,,,,,,,,,,,,,,
New Balance FuelCell Rebel v3,https://runrepeat.com/new-balance-fuel-cell-rebel-v-3,https://cdn.runrepeat.com/storage/gallery/product_primary/37962/new-balance-fuel-cell-rebel-v-3-21236843-720.jpg,89 Great!,$130,Tempo,Neutral,7.4 oz / 211g 7.4 oz / 211g,✓,9.0 mm 6.0 mm,HeelMid/forefoot,9.5 HA,Big,Decent,Bad,-,Breathable,31.7 mm,22.7 mm,9.0 mm,,14.4N,New Balance,89,130.0,9.0,7.4 oz (211g),211.0,,,,,,,,,,,,,,,,,,
New Balance Fresh Foam Arishi v4,https://runrepeat.com/new-balance-fresh-foam-arishi-v4,https://cdn.runrepeat.com/storage/gallery/product_primary/39665/new-balance-fresh-foam-arishi-v-4-21208166-720.jpg,70 Bad!,$70,Daily running,Neutral,8.5 oz / 242g 8.7 oz / 246g,✓,7.7 mm 8.0 mm,Mid/forefoot,14.5 HA,Big,Bad,Bad,Good,Moderate,28.1 mm,20.4 mm,7.7 mm,7.0N,10.2N,New Balance,70,70.0,7.7,,,,,,,,,,,,,,,,,,,,
On Cloudvista 2,https://runrepeat.com/on-cloudvista-2,https://cdn.runrepeat.com/storage/gallery/product_primary/40489/on-cloudvista-2-22325383-720.jpg,88 Great!,$150,,Neutral,10.3 oz / 292g 10.9 oz / 309g,,6.0 mm 5.0 mm,Mid/forefoot,29.3 HA,Small,Decent,Bad,Good,Warm,31.7 mm,25.7 mm,6.0 mm,14.9N,22.1N,On,88,150.0,6.0,,,Light,31.7 mm 29.0 mm,,,,,,,,,,,,,,,,
Saucony Peregrine 13,https://runrepeat.com/saucony-peregrine-13,https://cdn.runrepeat.com/storage/gallery/product_primary/39562/saucony-peregrine-13-21237230-720.jpg,89 Great!,$140,,Neutral,9.6 oz / 271g 9.6 oz / 271g,,3.9 mm 4.0 mm,Mid/forefoot,29.1 HA,Small,-,-,-,Moderate,27.5 mm,23.6 mm,3.9 mm,,20.8N,Saucony,89,140.0,3.9,9.6 oz (271g),271.0,Technical,27.5 mm 28.0 mm,,,,,,,,,,,,,,,,
Saucony Kinvara Pro,https://runrepeat.com/saucony-kinvara-pro,https://cdn.runrepeat.com/storage/gallery/product_primary/40041/saucony-kinvara-pro-22902204-720.jpg,89 Great!,$180,Daily runningTempo,Neutral,9.9 oz / 281g 9.5 oz / 269g,✗,10.3 mm 8.0 mm,Heel,24.1 HA,Small,Good,Good,Good,Warm,45.6 mm,35.3 mm,10.3 mm,26.4N,,Saucony,89,180.0,10.3,9.9 oz (281g),281.0,,,,,,,,,,,,,,,,,,
Brooks Catamount 3,https://runrepeat.com/brooks-catamount-3,https://cdn.runrepeat.com/storage/gallery/product_primary/40281/brooks-catamount-3-21529587-720.jpg,89 Great!,$170,,Neutral,9 oz / 255g 9.4 oz / 266g,✗,6.8 mm 6.0 mm,Mid/forefoot,20.4 HA,Normal,Very bad,Good,Decent,Warm,28.3 mm,21.5 mm,6.8 mm,,22.5N,Brooks,89,170.0,6.8,,,LightModerate,28.3 mm 30.0 mm,,,,,,,,,,,,,,,,
Adidas Ultraboost 21,https://runrepeat.com/adidas-ultraboost-21,https://cdn.runrepeat.com/storage/gallery/product_primary/36850/adidas-ultraboost-21-21161583-720.jpg,89 Great!,$180,Daily running,Neutral,12.5 oz / 355g 12 oz / 340g,,12.1 mm 10.0 mm,Heel,-,-,-,-,-,-,32.8 mm,20.7 mm,12.1 mm,,,Adidas,89,180.0,12.1,12.5 oz (355g),355.0,,,117.2 mm,92.8 mm,3.6 mm,,,,,,,,,,,,,
Nike InfinityRN 4,https://runrepeat.com/nike-infinityrn-4,https://cdn.runrepeat.com/storage/gallery/product_primary/40120/nike-infinity-rn-4-21212249-720.jpg,86 Good!,$160,Daily running,Neutral,11.1 oz / 316g 11.1 oz / 316g,✗,9.8 mm 9.0 mm,HeelMid/forefoot,12.5 HA,Big,Good,Decent,Good,Moderate,34.2 mm,24.4 mm,9.8 mm,14.8N,15.8N,Nike,86,160.0,9.8,,,,,,,,,,,,,,,,,,,,
Altra Olympus 6,https://runrepeat.com/altra-olympus-6,https://cdn.runrepeat.com/storage/gallery/product_primary/40417/altra-olympus-6-21937348-720.jpg,82 Good!,$175,,Neutral,12.6 oz / 357g 12.5 oz / 354g,,0.7 mm 0.0 mm,Mid/forefoot,20.0 HA,Normal,Very good,Good,Good,Breathable,32.2 mm,31.5 mm,0.7 mm,17.5N,33.0N,Altra,82,175.0,0.7,,,LightModerate,32.2 mm 35.0 mm,,,,,,,,,,,,,,,,
Topo Ultraventure 4,https://runrepeat.com/topo-ultraventure-4,https://cdn.runrepeat.com/storage/gallery/product_primary/40651/topo-ultraventure-4-23324426-720.jpg,85 Good!,$150,,Neutral,10.1 oz / 286g 10.1 oz / 285g,,6.6 mm 5.0 mm,Mid/forefoot,16.6 HA,Small,Bad,Decent,Good,Moderate,35.1 mm,28.5 mm,6.6 mm,13.1N,,Topo Athletic,85,150.0,6.6,10.1 oz (286g),286.0,Light,35.1 mm 35.0 mm,,,,,,,,,,,,,,,,
Altra FWD VIA,https://runrepeat.com/altra-fwd-via,https://cdn.runrepeat.com/storage/gallery/product_primary/40817/altra-fwd-via-23358375-720.jpg,85 Good!,$160,Daily running,Neutral,9 oz / 254g 9.5 oz / 269g,,6.5 mm 4.0 mm,Mid/forefoot,22.5 HA,Normal,Decent,Decent,Decent,3,35.9 mm,29.4 mm,6.5 mm,14.5N,,Altra,85,160.0,6.5,9.0 oz (254g),254.0,,,,,,,,,,,,,,,,,,
Nike Journey Run,https://runrepeat.com/nike-journey-run,https://cdn.runrepeat.com/storage/gallery/product_primary/40386/nike-journey-run-22113326-720.jpg,81 Good!,$90,Daily running,Neutral,10.5 oz / 298g 10.8 oz / 305g,✗,8.6 mm 10.0 mm,HeelMid/forefoot,23.5 HA,Big,Decent,Decent,Decent,Moderate,33.0 mm,24.4 mm,8.6 mm,15.3N,22.8N,Nike,81,90.0,8.6,,,,,,,,,,,,,,,,,,,,
On Cloudsurfer Max,https://runrepeat.com/on-cloudsurfer-max,https://cdn.runrepeat.com/storage/gallery/product_primary/40936/on-cloudsurfer-max-23703748-720.jpg,N/A,$180,Daily running,Neutral,10.3 oz / 292g 10.3 oz / 292g,,7.9 mm 6.0 mm,Mid/forefoot,21.9 HA,Normal,Decent,Decent,Decent,2,37.3 mm,29.4 mm,7.9 mm,18.2N,,On,N/A,180.0,7.9,10.3 oz (292g),292.0,,,,,,,,,,,,,,,,,,
Altra Vanish Carbon 2,https://runrepeat.com/altra-vanish-carbon-2,https://cdn.runrepeat.com/storage/gallery/product_primary/40345/altra-vanish-carbon-2-21831139-720.jpg,90 Great!,$260,CompetitionTempo,Neutral,7.4 oz / 210g 8.1 oz / 229g,✓,3.7 mm 0.0 mm,Mid/forefoot,22.8 HA,Small,Bad,Good,Decent,Breathable,33.1 mm,29.4 mm,3.7 mm,,27.8N,Altra,90,260.0,3.7,7.4 oz (210g),210.0,,,,,,,,,,,,,,,,,,
Under Armour SlipSpeed Mega,https://runrepeat.com/under-armour-slipspeed-mega,https://cdn.runrepeat.com/storage/gallery/product_primary/40437/under-armour-slip-speed-mega-22701459-720.jpg,90 Great!,$140,Daily running,Neutral,11.7 oz / 332g 11.3 oz / 320g,,11.9 mm 10.0 mm,Heel,24.2 HA,Small,Good,Bad,Bad,Warm,40.7 mm,28.8 mm,11.9 mm,17.7N,34.7N,Under Armour,90,140.0,11.9,11.7 oz (332g),332.0,,,,,,,,,,,,,,,,,,
Nike Revolution 8,https://runrepeat.com/nike-revolution-8,https://cdn.runrepeat.com/storage/gallery/product_primary/40833/nike-revolution-8-23547772-720.jpg,78 Decent!,$70,Daily running,Neutral,9.3 oz / 264g 9.5 oz / 270g,,8.8 mm 10.0 mm,HeelMid/forefoot,23.5 HA,Normal,Good,Good,Decent,3,31.8 mm,23.0 mm,8.8 mm,9.1N,,Nike,78,70.0,8.8,9.3 oz (264g),264.0,,,,,,,,,,,,,,,,,,
On Cloudgo,https://runrepeat.com/on-cloudgo,https://cdn.runrepeat.com/storage/gallery/product_primary/39118/on-cloudgo-21216742-720.jpg,89 Great!,$150,Daily runningTempo,Neutral,9.1 oz / 259g 7.5 oz / 214g,,11.2 mm 11.0 mm,Heel,28.1 HA,Small,Bad,Bad,Good,3,33.8 mm,22.6 mm,11.2 mm,,14.0N,On,89,150.0,11.2,9.1 oz (259g),259.0,,,,,,,,,,,,,,,,,,
On Cloudflow 4,https://runrepeat.com/on-cloudflow-4-0,https://cdn.runrepeat.com/storage/gallery/product_primary/40230/on-cloudflow-4-21216739-720.jpg,90 Great!,$160,Daily runningTempo,Neutral,8.6 oz / 245g 9.2 oz / 260g,✓,7.9 mm 8.0 mm,Mid/forefoot,28.3 HA,Small,Decent,Decent,Good,Moderate,36.1 mm,28.2 mm,7.9 mm,15.7N,22.0N,On,90,160.0,7.9,,,,,,,,,,,,,,,,,,,,
Brooks Launch 8,https://runrepeat.com/brooks-launch-8,https://cdn.runrepeat.com/storage/gallery/product_primary/36669/brooks-launch-8-hero-2-15915104-720.jpg,90 Great!,$100,Daily runningTempo,Neutral,8.5 oz / 240g 8.8 oz / 249g,✓,9.6 mm 10.0 mm,HeelMid/forefoot,-,-,-,-,-,-,30.5 mm,20.9 mm,9.6 mm,,,Brooks,90,100.0,9.6,8.5 oz (240g),240.0,,,111.3 mm,89.5 mm,,,,,,,,,,,,,,
ASICS Gel Contend 8,https://runrepeat.com/asics-gel-contend-8,https://cdn.runrepeat.com/storage/gallery/product_primary/39371/asics-gel-contend-8-21232031-720.jpg,84 Good!,$70,Daily running,Neutral,9.2 oz / 260g 10.3 oz / 293g,✗,9.1 mm 10.0 mm,HeelMid/forefoot,25.6 HA,Small,-,-,-,Breathable,31.1 mm,22.0 mm,9.1 mm,,21.3N,ASICS,84,70.0,9.1,9.2 oz (260g),260.0,,,,,,,,,,,,,,,,,,
ASICS Noosa Tri 16,https://runrepeat.com/asics-noosa-tri-16,https://cdn.runrepeat.com/storage/gallery/product_primary/40414/asics-noosa-tri-16-21793774-720.jpg,84 Good!,$135,Daily runningTempo,Neutral,7.7 oz / 217g 7.6 oz / 215g,✓,5.9 mm 5.0 mm,Mid/forefoot,18.3 HA,Small,Bad,Good,Decent,Breathable,32.8 mm,26.9 mm,5.9 mm,14.6N,20.7N,ASICS,84,135.0,5.9,,,,,,,,,,,,,,,,,,,,
Topo Traverse,https://runrepeat.com/topo-athletic-traverse,https://cdn.runrepeat.com/storage/gallery/product_primary/40410/topo-traverse-22660441-720.jpg,90 Great!,$150,,Neutral,10.9 oz / 308g 10.6 oz / 300g,,4.8 mm 5.0 mm,Mid/forefoot,23.5 HA,Small,Bad,Good,Good,Moderate,30.8 mm,26.0 mm,4.8 mm,,20.8N,Topo Athletic,90,150.0,4.8,10.9 oz (308g),308.0,LightModerate,30.8 mm 30.0 mm,,,,,,,,,,,,,,,,
Brooks Aurora-BL,https://runrepeat.com/brooks-aurora-bl,https://cdn.runrepeat.com/storage/gallery/product_primary/37295/brooks-aurora-bl-21529504-720.jpg,90 Great!,$200,Daily running,Neutral,8.7 oz / 247g 8.5 oz / 240g,✓,8.7 mm 6.0 mm,HeelMid/forefoot,15.3 HA,Small,Bad,Bad,Good,Moderate,37.0 mm,28.3 mm,8.7 mm,,20.2N,Brooks,90,200.0,8.7,8.7 oz (247g),247.0,,,,,,,,,,,,,,,,,,
New Balance Fresh Foam X Evoz v4,https://runrepeat.com/new-balance-fresh-foam-x-evoz-v-4,https://cdn.runrepeat.com/storage/gallery/product_primary/40701/new-balance-fresh-foam-x-evoz-v-4-22984716-720.jpg,82 Good!,$100,Daily running,Neutral,10.1 oz / 286g 10.6 oz / 301g,,5.5 mm 8.0 mm,Mid/forefoot,18.6 HA,Small,Decent,Decent,Decent,4,31.4 mm,25.9 mm,5.5 mm,17.4N,,New Balance,82,100.0,5.5,10.1 oz (286g),286.0,,,,,,,,,,,,,,,,,,
Brooks Addiction GTS 15,https://runrepeat.com/brooks-addiction-gts-15,https://cdn.runrepeat.com/storage/gallery/product_primary/39293/brooks-addiction-gts-15-21532789-720.jpg,85 Good!,$140,Daily running,Motion control,12.5 oz / 353g 12.2 oz / 346g,✗,12.1 mm 12.0 mm,Heel,30.1 HA,Small,Decent,Good,Good,Moderate,36.5 mm,24.4 mm,12.1 mm,,30.1N,Brooks,85,140.0,12.1,12.5 oz (353g),353.0,,,,,,,,,,,,,,,,,,
Adidas Adizero Takumi Sen 10,https://runrepeat.com/adidas-adizero-takumi-sen-10,https://cdn.runrepeat.com/storage/gallery/product_primary/40282/adidas-adizero-takumi-sen-10-21639007-720.jpg,89 Great!,$180,CompetitionTempo,Neutral,7.1 oz / 200g 6.9 oz / 196g,✓,7.8 mm 6.0 mm,Mid/forefoot,13.4 HA,Small,Bad,Good,Bad,Breathable,30.6 mm,22.8 mm,7.8 mm,16.2N,29.9N,Adidas,89,180.0,7.8,,,,,,,,,,,,,,,,,,,,
Brooks Hyperion Elite 4 PB,https://runrepeat.com/brooks-hyperion-elite-4-pb,https://cdn.runrepeat.com/storage/gallery/product_primary/40689/brooks-hyperion-elite-4-pb-22891724-720.jpg,89 Great!,$250,Competition,Neutral,6.9 oz / 197g 7.3 oz / 207g,✓,11.7 mm 8.0 mm,Heel,19.5 HA,Small,Decent,Good,Decent,Breathable,38.5 mm,26.8 mm,11.7 mm,24.0N,,Brooks,89,250.0,11.7,6.9 oz (197g),197.0,,,,,,,,,,,,,,,,,,
PUMA Velocity Nitro 2,https://runrepeat.com/puma-velocity-nitro-2,https://cdn.runrepeat.com/storage/gallery/product_primary/38037/puma-velocity-nitro-2-29-16337983-720.jpg,88 Great!,$120,Daily runningTempo,Neutral,9.3 oz / 264g 9.1 oz / 257g,✗,10.8 mm 10.0 mm,Heel,-,-,-,-,-,-,35.4 mm,24.6 mm,10.8 mm,,31.2N,PUMA,88,120.0,10.8,9.3 oz (264g),264.0,,,110.9 mm,,,,,,,,,,,,,,,
Under Armour Charged Assert 9,https://runrepeat.com/under-armour-charged-assert-9,https://cdn.runrepeat.com/storage/gallery/product_primary/37378/under-armour-charged-assert-9-21232007-720.jpg,84 Good!,$70,Daily running,Neutral,10.2 oz / 290g 9.9 oz / 281g,,10.9 mm 10.0 mm,Heel,27.8 HA,Small,Bad,Bad,-,3,34.0 mm,23.1 mm,10.9 mm,,17.7N,Under Armour,84,70.0,10.9,10.2 oz (290g),290.0,,,,,,,,,,,,,,,,,,
Under Armour Charged Assert 10,https://runrepeat.com/under-armour-charged-assert-10,https://cdn.runrepeat.com/storage/gallery/product_primary/40018/under-armour-charged-assert-10-21232008-720.jpg,81 Good!,$75,Daily running,Neutral,10.5 oz / 298g 9.9 oz / 280g,,9.4 mm 10.0 mm,HeelMid/forefoot,31.1 HA,Small,Bad,Bad,-,Moderate,32.0 mm,22.6 mm,9.4 mm,14.5N,17.4N,Under Armour,81,75.0,9.4,10.5 oz (298g),298.0,,,,,,,,,,,,,,,,,,
ASICS Dynablast 4,https://runrepeat.com/asics-dynablast-4,https://cdn.runrepeat.com/storage/gallery/product_primary/40258/asics-dynablast-4-primary-21360206-720.jpg,92 Superb!,$110,Daily running,Neutral,9.2 oz / 262g 9.3 oz / 264g,,6.4 mm 8.0 mm,Mid/forefoot,23.0 HA,Small,Good,Good,Good,Warm,32.6 mm,26.2 mm,6.4 mm,11.4N,24.0N,ASICS,92,110.0,6.4,9.2 oz (262g),262.0,,,,,,,,,,,,,,,,,,
Brooks Levitate 6,https://runrepeat.com/brooks-levitate-6,https://cdn.runrepeat.com/storage/gallery/product_primary/39522/brooks-levitate-6-21189526-720.jpg,90 Great!,$150,Daily running,Neutral,10.7 oz / 304g 10.9 oz / 309g,✗,7.7 mm 8.0 mm,Mid/forefoot,19.8 HA,Small,Good,Good,Good,Breathable,34.3 mm,26.6 mm,7.7 mm,,24.0N,Brooks,90,150.0,7.7,10.7 oz (304g),304.0,,,,,,,,,,,,,,,,,,
Hoka Tecton X,https://runrepeat.com/hoka-tecton-x,https://cdn.runrepeat.com/storage/gallery/product_primary/38039/hoka-tecton-x-21236550-720.jpg,90 Great!,$200,,Neutral,8.6 oz / 245g 8.9 oz / 252g,✓,8.0 mm 5.0 mm,HeelMid/forefoot,37.0 HA,Small,-,-,-,-,35.3 mm,27.3 mm,8.0 mm,,50.0N,HOKA,90,200.0,8.0,,,Moderate,35.3 mm 33.0 mm,,,,,,,,,,,,,,,,
Saucony Ride 16,https://runrepeat.com/saucony-ride-16,https://cdn.runrepeat.com/storage/gallery/product_primary/39611/saucony-ride-16-21230525-720.jpg,87 Great!,$140,Daily running,Neutral,9.3 oz / 264g 8.8 oz / 250g,,7.9 mm 8.0 mm,Mid/forefoot,20.6 HA,Big,Bad,Bad,Good,5,33.3 mm,25.4 mm,7.9 mm,,15.6N,Saucony,87,140.0,7.9,9.3 oz (264g),264.0,,,,,,,,,,,,,,,,,,
La Sportiva Mutant,https://runrepeat.com/la-sportiva-mutant,https://cdn.runrepeat.com/storage/gallery/product_primary/17476/la-sportiva-mutant-21208131-720.jpg,87 Great!,$165,,Neutral,11.4 oz / 323g 10.7 oz / 303g,,11.3 mm 10.0 mm,Heel,36.1 HA,Small,Good,Good,Decent,Moderate,33.2 mm,21.9 mm,11.3 mm,,21.3N,La Sportiva,87,165.0,11.3,11.4 oz (323g),323.0,Technical,33.2 mm 26.0 mm,,,,,,,,,,,,,,,,
Brooks Launch 9,https://runrepeat.com/brooks-launch-9,https://cdn.runrepeat.com/storage/gallery/product_primary/38389/brooks-launch-9-main-image-16574974-720.jpg,87 Great!,$110,Daily runningTempo,Neutral,7.9 oz / 225g 8.1 oz / 230g,✓,9.4 mm 10.0 mm,HeelMid/forefoot,22.0 HA,Small,-,-,-,-,32.4 mm,23.0 mm,9.4 mm,,22.7N,Brooks,87,110.0,9.4,7.9 oz (225g),225.0,,,,,,,,,,,,,,,,,,
Altra VIA Olympus,https://runrepeat.com/altra-via-olympus,https://cdn.runrepeat.com/storage/gallery/product_primary/39358/altra-via-olympus-21232039-720.jpg,85 Good!,$170,Daily running,Neutral,10.5 oz / 299g 11 oz / 312g,✗,1.6 mm 0.0 mm,Mid/forefoot,25.6 HA,Big,-,Bad,-,Moderate,34.2 mm,32.6 mm,1.6 mm,,72.1N,Altra,85,170.0,1.6,10.5 oz (299g),299.0,,,,,,,,,,,,,,,,,,
Nike Revolution 6,https://runrepeat.com/nike-revolution-6,https://cdn.runrepeat.com/storage/gallery/product_primary/37827/nike-revolution-6-3-16360838-720.jpg,83 Good!,$65,Daily running,Neutral,9.2 oz / 262g 9.2 oz / 262g,,10.6 mm 10.0 mm,Heel,-,-,-,-,-,-,33.8 mm,23.1 mm,10.6 mm,,25.9N,Nike,83,65.0,10.6,9.2 oz (262g),262.0,,,109.2 mm,89.5 mm,,,,,,,,,,,,,,
Nike Alphafly 2,https://runrepeat.com/nike-air-zoom-alphafly-next-2,https://cdn.runrepeat.com/storage/gallery/product_primary/38919/nike-alphafly-2-21237174-720.jpg,84 Good!,$275,Competition,Neutral,8.5 oz / 240g 8.6 oz / 243g,✓,4.7 mm 8.0 mm,Mid/forefoot,19.1 HA,Small,Good,-,-,Breathable,38.6 mm,33.9 mm,4.7 mm,,69.7N,Nike,84,275.0,4.7,8.5 oz (240g),240.0,,,,,,,,,,,,,,,,,,
Hoka Rincon 4,https://runrepeat.com/hoka-rincon-4,https://cdn.runrepeat.com/storage/gallery/product_primary/40442/hoka-rincon-4-21808523-720.jpg,80 Good!,$125,Daily running,Stability,8.1 oz / 231g 8 oz / 228g,✓,9.4 mm 5.0 mm,HeelMid/forefoot,14.3 HA,Big,Bad,Decent,Bad,Breathable,36.0 mm,26.6 mm,9.4 mm,16.1N,22.2N,HOKA,80,125.0,9.4,,,,,,,,,,,,,,,,,,,,
Adidas Adizero Adios 9,https://runrepeat.com/adidas-adizero-adios-9,https://cdn.runrepeat.com/storage/gallery/product_primary/40625/adidas-adizero-adios-9-22951892-720.jpg,91 Superb!,$140,CompetitionTempo,Neutral,6.2 oz / 176g 6.2 oz / 176g,✓,6.2 mm 7.0 mm,Mid/forefoot,16.0 HA,Small,Bad,Good,Good,Warm,25.0 mm,18.8 mm,6.2 mm,5.2N,,Adidas,91,140.0,6.2,6.2 oz (176g),176.0,,,,,,,,,,,,,,,,,,
Mizuno Wave Rebellion Pro,https://runrepeat.com/mizuno-wave-rebellion-pro,https://cdn.runrepeat.com/storage/gallery/product_primary/39470/mizuno-wave-rebellion-pro-21208143-720.jpg,90 Great!,$250,Competition,Neutral,7.5 oz / 214g 7.7 oz / 218g,✓,4.9 mm 4.5 mm,Mid/forefoot,30.4 HA,Small,Bad,Decent,Bad,Moderate,38.2 mm,33.3 mm,4.9 mm,,42.8N,Mizuno,90,250.0,4.9,7.5 oz (214g),214.0,,,,,,,,,,,,,,,,,,
Brooks Cascadia 17,https://runrepeat.com/brooks-cascadia-17,https://cdn.runrepeat.com/storage/gallery/product_primary/39683/brooks-cascadia-17-21189514-720.jpg,86 Good!,$140,,Neutral,11.6 oz / 329g 11 oz / 312g,,9.2 mm 8.0 mm,HeelMid/forefoot,25.5 HA,Normal,Bad,Bad,Good,Breathable,33.1 mm,23.9 mm,9.2 mm,,26.0N,Brooks,86,140.0,9.2,11.6 oz (329g),329.0,ModerateTechnical,33.1 mm,,,,,,,,,,,,,,,,
Nike ZoomX Invincible Run,https://runrepeat.com/nike-zoom-x-invincible-run,https://cdn.runrepeat.com/storage/gallery/product_primary/36848/nike-zoomx-invincible-run-hero-2-15915100-720.jpg,89 Great!,$180,Daily running,Neutral,9.8 oz / 278g 11.1 oz / 314g,,10.9 mm 9.0 mm,Heel,-,-,-,-,-,-,38.1 mm,27.2 mm,10.9 mm,,,Nike,89,180.0,10.9,9.8 oz (278g),278.0,,,118.4 mm,101.5 mm,3.8 mm,,,,,,,,,,,,,
ASICS GT 2000 10,https://runrepeat.com/asics-gt-2000-10,https://cdn.runrepeat.com/storage/gallery/product_primary/37585/asics-gt-2000-10-hero-2-15915137-720.jpg,89 Great!,$100,Daily running,Stability,9.9 oz / 281g 9.9 oz / 280g,,7.5 mm 8.0 mm,Mid/forefoot,-,-,-,-,-,-,31.5 mm,24.0 mm,7.5 mm,,22.1N,ASICS,89,100.0,7.5,9.9 oz (281g),281.0,,,111.7 mm,92.3 mm,,,,,,,,,,,,,,
Nike Downshifter 13,https://runrepeat.com/nike-downshifter-13,https://cdn.runrepeat.com/storage/gallery/product_primary/40278/nike-downshifter-13-21835224-720.jpg,77 Decent!,$75,Daily running,Neutral,9.3 oz / 265g 9.4 oz / 267g,,10.1 mm 10.0 mm,Heel,21.3 HA,Small,Decent,Good,Good,Moderate,32.2 mm,22.1 mm,10.1 mm,11.4N,17.5N,Nike,77,75.0,10.1,9.3 oz (265g),265.0,,,,,,,,,,,,,,,,,,
Topo Cyclone 2,https://runrepeat.com/topo-athletic-cyclone-2,https://cdn.runrepeat.com/storage/gallery/product_primary/39634/topo-cyclone-2-22532940-720.jpg,89 Great!,$150,Daily runningTempo,Neutral,6.7 oz / 190g 6.9 oz / 196g,✓,4.2 mm 5.0 mm,Mid/forefoot,22.6 HA,Normal,Bad,Good,Good,Breathable,26.2 mm,22.0 mm,4.2 mm,5.9N,13.6N,Topo Athletic,89,150.0,4.2,,,,,,,,,,,,,,,,,,,,
On Cloudultra 2,https://runrepeat.com/on-cloudultra-2,https://cdn.runrepeat.com/storage/gallery/product_primary/40137/on-cloudultra-2-21216749-720.jpg,89 Great!,$180,,Neutral,10.4 oz / 296g 10.4 oz / 295g,,10.2 mm 6.0 mm,Heel,30.3 HA,Small,Bad,Decent,Good,Breathable,30.2 mm,20.0 mm,10.2 mm,8.1N,17.6N,On,89,180.0,10.2,,,Light,30.2 mm 27.0 mm,,,,,,,,,,,,,,,,
Reebok FloatZig 1,https://runrepeat.com/reebok-floatzig-1,https://cdn.runrepeat.com/storage/gallery/product_primary/40366/reebok-float-zig-1-22163624-720.jpg,89 Great!,$130,Daily running,Neutral,10.1 oz / 285g 9.8 oz / 277g,✗,7.0 mm 6.0 mm,HeelMid/forefoot,22.5 HA,Normal,Decent,Decent,Bad,Moderate,36.8 mm,29.8 mm,7.0 mm,14.0N,19.2N,Reebok,89,130.0,7.0,,,,,,,,,,,,,,,,,,,,
Adidas Adistar 3,https://runrepeat.com/adidas-adistar-3,https://cdn.runrepeat.com/storage/gallery/product_primary/40426/adidas-adistar-3-21874493-720.jpg,89 Great!,$130,Daily running,Neutral,9.7 oz / 274g 9.5 oz / 270g,✗,10.5 mm 5.0 mm,Heel,14.8 HA,Normal,Bad,Decent,Good,Breathable,40.7 mm,30.2 mm,10.5 mm,12.3N,16.7N,Adidas,89,130.0,10.5,,,,,,,,,,,,,,,,,,,,
Brooks Beast GTS 23,https://runrepeat.com/brooks-beast-gts-23,https://cdn.runrepeat.com/storage/gallery/product_primary/40123/brooks-beast-gts-23-21189511-720.jpg,85 Good!,$160,Daily running,Stability,12.4 oz / 352g 11.9 oz / 337g,✗,11.9 mm 12.0 mm,Heel,25.3 HA,Big,Decent,Decent,Good,Moderate,36.4 mm,24.5 mm,11.9 mm,,21.3N,Brooks,85,160.0,11.9,12.4 oz (352g),352.0,,,,,,,,,,,,,,,,,,
Nike Run Swift 2,https://runrepeat.com/nike-run-swift-2,https://cdn.runrepeat.com/storage/gallery/product_primary/37828/nike-run-swift-2-hero-2-15915085-720.jpg,85 Good!,$70,Daily running,Neutral,10.3 oz / 291g 10.3 oz / 291g,,7.5 mm,Mid/forefoot,-,-,-,-,-,-,33.7 mm,26.2 mm,7.5 mm,,39.5N,Nike,85,70.0,7.5,10.3 oz (291g),291.0,,,111.8 mm,92.1 mm,,,,,,,,,,,,,,
ASICS Metaspeed Edge Tokyo,https://runrepeat.com/asics-metaspeed-edge-tokyo,https://cdn.runrepeat.com/storage/gallery/product_primary/40811/asics-metaspeed-edge-tokyo-23438085-720.jpg,86 Good!,$270,Competition,Neutral,5.6 oz / 159g 6 oz / 170g,✓,6.9 mm 5.0 mm,Mid/forefoot,11.5 HA,Small,Bad,Good,Good,Breathable,38.9 mm,32.0 mm,6.9 mm,15.8N,,ASICS,86,270.0,6.9,5.6 oz (159g),159.0,,,,,,,,,,,,,,,,,,
On Cloudvista,https://runrepeat.com/on-cloudvista,https://cdn.runrepeat.com/storage/gallery/product_primary/38405/on-cloudvista-2-21216750-720.jpg,89 Great!,$150,,Neutral,10.1 oz / 285g 9.9 oz / 280g,,10.3 mm 10.3 mm,Heel,23.5 HA,Big,Very bad,Bad,Good,Breathable,32.3 mm,22.0 mm,10.3 mm,,21.8N,On,89,150.0,10.3,10.1 oz (285g),285.0,Light,32.3 mm 32.3 mm,,,,,,,,,,,,,,,,
Nike Zoom Fly 5,https://runrepeat.com/nike-zoom-fly-5,https://cdn.runrepeat.com/storage/gallery/product_primary/39036/nike-zoom-fly-5-21237194-720.jpg,80 Good!,$160,Daily runningTempo,Neutral,9.8 oz / 279g 10.1 oz / 286g,✗,7.5 mm 8.0 mm,Mid/forefoot,11.0 HA,Normal,-,-,-,Warm,36.9 mm,29.4 mm,7.5 mm,,71.0N,Nike,80,160.0,7.5,9.8 oz (279g),279.0,,,,,,,,,,,,,,,,,,
ASICS Gel Contend 9,https://runrepeat.com/asics-gel-contend-9,https://cdn.runrepeat.com/storage/gallery/product_primary/40463/asics-gel-contend-9-22003046-720.jpg,79 Decent!,$70,Daily running,Neutral,9.7 oz / 275g 9.7 oz / 275g,✗,7.8 mm 8.0 mm,HeelMid/forefoot,21.6 HA,Small,Bad,Good,Decent,Moderate,31.2 mm,23.4 mm,7.8 mm,10.7N,16.1N,ASICS,79,70.0,7.8,,,,,,,,,,,,,,,,,,,,
Merrell Trail Glove 7,https://runrepeat.com/merrell-trail-glove-7,https://cdn.runrepeat.com/storage/gallery/product_primary/39722/merrell-trail-glove-7-21208137-720.jpg,84 Good!,$120,,Neutral,7.8 oz / 221g 9 oz / 255g,✓,0.1 mm 0.0 mm,Mid/forefoot,28.8 HA,Normal,Decent,Bad,Decent,Moderate,16.1 mm,16.0 mm,0.1 mm,,10.5N,Merrell,84,120.0,0.1,,,Light,16.1 mm 14.0 mm,,,,,,,,,,,,,,,,
HOKA Tecton X 3,https://runrepeat.com/hoka-tecton-x-3,https://cdn.runrepeat.com/storage/gallery/product_primary/40457/hoka-tecton-x-3-22615639-720.jpg,84 Good!,$275,,Neutral,9.7 oz / 275g 10.3 oz / 292g,,6.9 mm 5.0 mm,Mid/forefoot,16.0 HA,Small,Good,Decent,Good,Moderate,37.8 mm,30.9 mm,6.9 mm,18.9N,44.8N,HOKA,84,275.0,6.9,,,LightModerate,37.8 mm 40.0 mm,,,,,,,,,,,,,,,,
New Balance FuelCell Propel v4,https://runrepeat.com/new-balance-fuelcell-propel-v4,https://cdn.runrepeat.com/storage/gallery/product_primary/39747/new-balance-fuel-cell-propel-v-4-21208171-720.jpg,86 Good!,$110,Daily running,Neutral,9.7 oz / 276g 10.7 oz / 302g,,4.5 mm 6.0 mm,Mid/forefoot,14.0 HA,Normal,Decent,Good,Good,Moderate,33.7 mm,29.2 mm,4.5 mm,12.6N,24.8N,New Balance,86,110.0,4.5,9.7 oz (276g),276.0,,,,,,,,,,,,,,,,,,
Topo MTN Racer 3,https://runrepeat.com/topo-athletic-mtn-racer-3,https://cdn.runrepeat.com/storage/gallery/product_primary/40411/topo-mtn-racer-3-22653218-720.jpg,87 Great!,$150,,Neutral,10.1 oz / 286g 9.8 oz / 278g,,6.9 mm 5.0 mm,Mid/forefoot,21.5 HA,Small,Bad,Decent,Good,Moderate,33.5 mm,26.6 mm,6.9 mm,,22.2N,Topo Athletic,87,150.0,6.9,10.1 oz (286g),286.0,LightModerate,33.5 mm 33.5 mm,,,,,,,,,,,,,,,,
The North Face Vectiv Enduris 3,https://runrepeat.com/the-north-face-vectiv-enduris-3,https://cdn.runrepeat.com/storage/gallery/product_primary/39748/the-north-face-vectiv-enduris-3-22667087-720.jpg,90 Great!,$150,,Neutral,9.7 oz / 275g 10.8 oz / 307g,,11.6 mm 6.0 mm,Heel,20.0 HA,Normal,Good,Good,Good,Warm,35.8 mm,24.2 mm,11.6 mm,,16.7N,The North Face,90,150.0,11.6,9.7 oz (275g),275.0,Light,35.8 mm 30.0 mm,,,,,,,,,,,,,,,,
ASICS GlideRide 3,https://runrepeat.com/asics-glideride-3,https://cdn.runrepeat.com/storage/gallery/product_primary/38467/asics-glide-ride-3-21232026-720.jpg,90 Great!,$150,Daily running,Neutral,9.5 oz / 270g 9.4 oz / 266g,,11.1 mm 5.0 mm,Heel,14.0 HA,Big,-,Bad,-,4,42.7 mm,31.6 mm,11.1 mm,,40.3N,ASICS,90,150.0,11.1,9.5 oz (270g),270.0,,,,,,,,,,,,,,,,,,
Adidas Supernova Solution,https://runrepeat.com/adidas-supernova-solution,https://cdn.runrepeat.com/storage/gallery/product_primary/40583/adidas-supernova-solution-22345643-720.jpg,89 Great!,$140,Daily running,Stability,9.8 oz / 279g 9.8 oz / 278g,,10.0 mm 10.0 mm,HeelMid/forefoot,20.8 HA,Small,Decent,Bad,Decent,Moderate,33.1 mm,23.1 mm,10.0 mm,9.4N,16.2N,Adidas,89,140.0,10.0,9.8 oz (279g),279.0,,,,,,,,,,,,,,,,,,
Brooks Glycerin 19,https://runrepeat.com/brooks-glycerin-19,https://cdn.runrepeat.com/storage/gallery/product_primary/36668/brooks-glycerin-19-hero-2-15915109-720.jpg,89 Great!,$150,Daily running,Neutral,10.4 oz / 294g 10.2 oz / 289g,,11.8 mm 10.0 mm,Heel,-,-,-,-,-,-,38.1 mm,26.3 mm,11.8 mm,,,Brooks,89,150.0,11.8,10.4 oz (294g),294.0,,,117.3 mm,95.3 mm,3.9 mm,,,,,,,,,,,,,
Saucony Ride 14,https://runrepeat.com/saucony-ride-14,https://cdn.runrepeat.com/storage/gallery/product_primary/36958/saucony-ride-14-hero-2-15915094-720.jpg,89 Great!,$130,Daily running,Neutral,10.1 oz / 286g 9.9 oz / 281g,,9.5 mm 8.0 mm,HeelMid/forefoot,-,-,-,-,-,3,33.9 mm,24.4 mm,9.5 mm,,35.2N,Saucony,89,130.0,9.5,10.1 oz (286g),286.0,,,113.9 mm,,,,,,,,,,,,,,,
Saucony Kinvara 13,https://runrepeat.com/saucony-kinvara-13,https://cdn.runrepeat.com/storage/gallery/product_primary/37969/saucony-kinvara-13-21237220-720.jpg,89 Great!,$120,Tempo,Neutral,7.2 oz / 204g 7.2 oz / 204g,✓,4.5 mm 4.0 mm,Mid/forefoot,21.5 HA,Normal,-,-,-,-,26.9 mm,22.4 mm,4.5 mm,,13.8N,Saucony,89,120.0,4.5,7.2 oz (204g),204.0,,,,,,,,,,,,,,,,,,
Brooks Cascadia 16,https://runrepeat.com/brooks-cascadia-16,https://cdn.runrepeat.com/storage/gallery/product_primary/37372/brooks-cascadia-16-21189513-720.jpg,87 Great!,$130,,Neutral,10.9 oz / 310g 10.5 oz / 298g,,10.3 mm 8.0 mm,Heel,-,-,-,-,-,-,,,,,,Brooks,87,130.0,,,,Technical,32.3 mm 29.0 mm,,,,310,10.3,51.5,68.8,33.6,4,,,,,,,
Saucony Kinvara 15,https://runrepeat.com/saucony-kinvara-15,https://cdn.runrepeat.com/storage/gallery/product_primary/40428/saucony-kinvara-15-21929783-720.jpg,84 Good!,$120,Daily runningTempo,Neutral,6.8 oz / 194g 6.7 oz / 190g,✓,4.4 mm 4.0 mm,Mid/forefoot,23.8 HA,Small,Bad,Good,Good,Breathable,27.9 mm,23.5 mm,4.4 mm,9.1N,13.5N,Saucony,84,120.0,4.4,,,,,,,,,,,,,,,,,,,,
Altra Paradigm 7,https://runrepeat.com/altra-paradigm-7,https://cdn.runrepeat.com/storage/gallery/product_primary/40105/altra-paradigm-7-21161589-720.jpg,82 Good!,$170,Daily running,Stability,9.3 oz / 264g 9.8 oz / 279g,✗,0.1 mm 0.0 mm,Mid/forefoot,19.4 HA,Big,Decent,Decent,Good,Breathable,27.6 mm,27.5 mm,0.1 mm,12.5N,21.7N,Altra,82,170.0,0.1,,,,,,,,,,,,,,,,,,,,
ASICS Versablast 4,https://runrepeat.com/asics-versablast-4,https://cdn.runrepeat.com/storage/gallery/product_primary/40748/asics-versablast-4-22980761-720.jpg,82 Good!,$80,Daily running,Neutral,10.2 oz / 288g 9.2 oz / 260g,,9.4 mm 10.0 mm,HeelMid/forefoot,22.5 HA,Small,Decent,Decent,Good,2,36.1 mm,26.7 mm,9.4 mm,14.7N,,ASICS,82,80.0,9.4,10.2 oz (288g),288.0,,,,,,,,,,,,,,,,,,
Nike Downshifter 12,https://runrepeat.com/nike-downshifter-12,https://cdn.runrepeat.com/storage/gallery/product_primary/39073/nike-downshifter-12-21237179-720.jpg,81 Good!,$70,Daily running,Neutral,9.9 oz / 280g 9.9 oz / 280g,,10.0 mm 10.0 mm,HeelMid/forefoot,26.0 HA,Normal,-,-,-,Moderate,31.7 mm,21.7 mm,10.0 mm,13.0N,36.7N,Nike,81,70.0,10.0,9.9 oz (280g),280.0,,,,,,,,,,,,,,,,,,
Altra Torin 7,https://runrepeat.com/altra-torin-7,https://cdn.runrepeat.com/storage/gallery/product_primary/39962/altra-torin-7-21161593-720.jpg,80 Good!,$150,Daily runningTempo,Neutral,9 oz / 255g 9.8 oz / 278g,,-0.8 mm 0.0 mm,Mid/forefoot,16.8 HA,Big,Decent,Decent,Decent,Breathable,27.6 mm,28.4 mm,-0.8 mm,14.1N,20.4N,Altra,80,150.0,0.8,9.0 oz (255g),255.0,,,,,,,,,,,,,,,,,,
On Cloudflyer 5,https://runrepeat.com/on-cloudflyer-5,https://cdn.runrepeat.com/storage/gallery/product_primary/40510/on-cloudflyer-5-22160203-720.jpg,83 Good!,$170,Daily running,Stability,11.6 oz / 329g 11.3 oz / 320g,,7.9 mm 10.0 mm,HeelMid/forefoot,28.0 HA,Normal,Good,Good,Good,Moderate,33.2 mm,25.3 mm,7.9 mm,14.8N,28.9N,On,83,170.0,7.9,11.6 oz (329g),329.0,,,,,,,,,,,,,,,,,,
Altra Olympus 5,https://runrepeat.com/altra-olympus-5,https://cdn.runrepeat.com/storage/gallery/product_primary/38960/altra-olympus-5-21232034-720.jpg,83 Good!,$170,,Neutral,11.5 oz / 325g 12.3 oz / 350g,,2.0 mm 0.0 mm,Mid/forefoot,23.0 HA,Normal,-,-,-,Moderate,33.0 mm,31.0 mm,2.0 mm,,31.9N,Altra,83,170.0,2.0,11.5 oz (325g),325.0,LightModerate,33.0 mm 33.0 mm,,,,,,,,,,,,,,,,
Nike Terra Kiger 9,https://runrepeat.com/nike-terra-kiger-9,https://cdn.runrepeat.com/storage/gallery/product_primary/39689/nike-terra-kiger-9-21212266-720.jpg,90 Great!,$150,,Neutral,10.2 oz / 288g 10.1 oz / 286g,,4.4 mm 3.0 mm,Mid/forefoot,17.3 HA,Normal,Very good,Decent,-,Moderate,30.1 mm,25.7 mm,4.4 mm,,23.5N,Nike,90,150.0,4.4,10.2 oz (288g),288.0,ModerateTechnical,30.1 mm 31.0 mm,,,,,,,,,,,,,,,,
Adidas Terrex Speed Ultra,https://runrepeat.com/adidas-terrex-speed-ultra,https://cdn.runrepeat.com/storage/gallery/product_primary/37193/adidas-terrex-speed-ultra-hero-2-15915081-720.jpg,90 Great!,$160,,Neutral,9.1 oz / 258g 9 oz / 255g,,8.2 mm 8.0 mm,HeelMid/forefoot,-,-,-,-,-,-,32.8 mm,24.6 mm,8.2 mm,,24.3N,Adidas,90,160.0,8.2,9.1 oz (258g),258.0,Light,32.8 mm 26.0 mm,110.6 mm,,,,,,,,,,,,,,,
ASICS Gel Cumulus 24,https://runrepeat.com/asics-gel-cumulus-24,https://cdn.runrepeat.com/storage/gallery/product_primary/38406/asics-gel-cumulus-24-21232030-720.jpg,89 Great!,$130,Daily running,Neutral,9.7 oz / 274g 10.1 oz / 286g,✗,8.6 mm 8.0 mm,HeelMid/forefoot,19.0 HA,Normal,-,-,-,-,33.5 mm,24.9 mm,8.6 mm,,26.8N,ASICS,89,130.0,8.6,9.7 oz (274g),274.0,,,,,,,,,,,,,,,,,,
Nike Wildhorse 8,https://runrepeat.com/nike-wildhorse-8,https://cdn.runrepeat.com/storage/gallery/product_primary/39682/nike-wildhorse-8-21212269-720.jpg,85 Good!,$130,,Neutral,11.3 oz / 319g 10.5 oz / 298g,,9.2 mm 8.0 mm,HeelMid/forefoot,16.0 HA,Big,Very bad,Bad,-,Moderate,34.2 mm,25.0 mm,9.2 mm,14.1N,21.7N,Nike,85,130.0,9.2,,,Moderate,34.2 mm 35.5 mm,,,,,,,,,,,,,,,,
On Cloudsurfer Trail,https://runrepeat.com/on-cloudsurfer-trail,https://cdn.runrepeat.com/storage/gallery/product_primary/40330/on-cloudsurfer-trail-21668402-720.jpg,85 Good!,$160,,Neutral,9.6 oz / 272g 9.6 oz / 272g,,10.7 mm 7.0 mm,Heel,26.4 HA,Small,Decent,Bad,Good,Moderate,37.4 mm,26.7 mm,10.7 mm,11.2N,20.0N,On,85,160.0,10.7,,,Light,37.4 mm 41.0 mm,,,,,,,,,,,,,,,,
Mizuno Wave Inspire 19,https://runrepeat.com/mizuno-wave-inspire-19,https://cdn.runrepeat.com/storage/gallery/product_primary/39514/mizuno-wave-inspire-19-21208140-720.jpg,88 Great!,$140,Daily running,Stability,10.3 oz / 293g 10.7 oz / 303g,,12.4 mm 12.0 mm,Heel,19.8 HA,Small,Decent,Decent,Good,3,38.2 mm,25.8 mm,12.4 mm,,16.1N,Mizuno,88,140.0,12.4,10.3 oz (293g),293.0,,,,,,,,,,,,,,,,,,
Altra Escalante Racer 2,https://runrepeat.com/altra-escalante-racer-2,https://cdn.runrepeat.com/storage/gallery/product_primary/40374/altra-escalante-racer-2-21573288-720.jpg,87 Great!,$140,CompetitionTempo,Neutral,7.9 oz / 224g 7.9 oz / 224g,✓,1.1 mm 0.0 mm,Mid/forefoot,28.3 HA,Normal,Good,Decent,Good,Breathable,22.5 mm,21.4 mm,1.1 mm,,15.0N,Altra,87,140.0,1.1,7.9 oz (224g),224.0,,,,,,,,,,,,,,,,,,
Altra Rivera 3,https://runrepeat.com/altra-rivera-3,https://cdn.runrepeat.com/storage/gallery/product_primary/39518/altra-rivera-3-primary-21155046-720.jpg,88 Great!,$140,Daily running,Neutral,9.1 oz / 257g 9.8 oz / 278g,✗,1.7 mm 0.0 mm,Mid/forefoot,15.4 HA,Normal,Bad,Good,Good,Moderate,28.4 mm,26.7 mm,1.7 mm,,23.1N,Altra,88,140.0,1.7,9.1 oz (257g),257.0,,,,,,,,,,,,,,,,,,
Salomon Aero Glide,https://runrepeat.com/salomon-aero-glide,https://cdn.runrepeat.com/storage/gallery/product_primary/39695/salomon-aero-glide-21480886-720.jpg,88 Great!,$160,Daily running,Neutral,9.3 oz / 264g 9 oz / 254g,✗,11.0 mm 10.0 mm,Heel,20.6 HA,Small,Decent,Decent,Good,Moderate,35.2 mm,24.2 mm,11.0 mm,,23.0N,Salomon,88,160.0,11.0,9.3 oz (264g),264.0,,,,,,,,,,,,,,,,,,
Brooks Caldera 6,https://runrepeat.com/brooks-caldera-6,https://cdn.runrepeat.com/storage/gallery/product_primary/38393/brooks-caldera-6-21189512-720.jpg,88 Great!,$150,,Neutral,11.1 oz / 315g 11.1 oz / 314g,,12.1 mm 6.0 mm,Heel,17.0 HA,Small,Very good,Decent,Good,Moderate,38.4 mm,26.3 mm,12.1 mm,,26.5N,Brooks,88,150.0,12.1,11.1 oz (315g),315.0,LightModerate,38.4 mm 36.0 mm,,,,,,,,,,,,,,,,
ASICS GT 1000 12,https://runrepeat.com/asics-gt-1000-12,https://cdn.runrepeat.com/storage/gallery/product_primary/39684/asics-gt-1000-12-21506356-720.jpg,84 Good!,$100,Daily running,Stability,9.6 oz / 271g 9.5 oz / 269g,,7.2 mm 8.0 mm,Mid/forefoot,12.8 HA,Big,Bad,Good,Good,Breathable,30.2 mm,23.0 mm,7.2 mm,10.9N,12.0N,ASICS,84,100.0,7.2,9.6 oz (271g),271.0,,,,,,,,,,,,,,,,,,
Hoka Carbon X 3,https://runrepeat.com/hoka-carbon-x-3,https://cdn.runrepeat.com/storage/gallery/product_primary/38028/hoka-carbon-x-3-21236507-720.jpg,82 Good!,$180,CompetitionTempo,Neutral,8.4 oz / 239g 8.5 oz / 242g,✓,11.0 mm 5.0 mm,Heel,19.0 HA,Small,-,-,-,Moderate,35.0 mm,24.0 mm,11.0 mm,17.9N,50.4N,HOKA,82,180.0,11.0,,,,,,,,,,,,,,,,,,,,
ASICS Gel Pulse 15,https://runrepeat.com/asics-gel-pulse-15,https://cdn.runrepeat.com/storage/gallery/product_primary/40295/asics-gel-pulse-15-21736444-720.jpg,83 Good!,$100,Daily running,Neutral,8.4 oz / 237g 9.2 oz / 260g,✓,8.1 mm 8.0 mm,HeelMid/forefoot,21.0 HA,Small,Decent,Good,Good,Moderate,35.3 mm,27.2 mm,8.1 mm,14.8N,21.5N,ASICS,83,100.0,8.1,,,,,,,,,,,,,,,,,,,,
Nike Pegasus Trail 3 GTX,https://runrepeat.com/nike-pegasus-trail-3-gtx,https://cdn.runrepeat.com/storage/gallery/product_primary/37849/nike-pegasus-trail-3-gtx-21237185-720.jpg,87 Great!,$160,,Neutral,11 oz / 311g 10.9 oz / 309g,,9.8 mm 10.0 mm,HeelMid/forefoot,-,-,-,-,-,1,32.5 mm,22.7 mm,9.8 mm,,20.8N,Nike,87,160.0,9.8,11.0 oz (311g),311.0,LightModerate,32.5 mm 36.0 mm,,,,,,,,,,,,,,,,
Nike Pegasus Trail 4 GTX,https://runrepeat.com/nike-react-pegasus-trail-4-gtx,https://cdn.runrepeat.com/storage/gallery/product_primary/39477/nike-pegasus-trail-4-gtx-21212261-720.jpg,86 Good!,$160,,Neutral,9.6 oz / 271g 9.6 oz / 272g,,12.8 mm 10.0 mm,Heel,18.6 HA,Small,Good,Good,Good,Warm,37.7 mm,24.9 mm,12.8 mm,,21.1N,Nike,86,160.0,12.8,9.6 oz (271g),271.0,LightModerate,37.7 mm 37.0 mm,,,,,,,,,,,,,,,,
Hoka Rocket X 2,https://runrepeat.com/hoka-rocket-x-2,https://cdn.runrepeat.com/storage/gallery/product_primary/39714/hoka-rocket-x-2-21208105-720.jpg,86 Good!,$250,Competition,Neutral,7.7 oz / 218g 7.9 oz / 224g,✓,6.6 mm 5.0 mm,Mid/forefoot,17.4 HA,Small,Bad,Good,Good,Moderate,37.7 mm,31.1 mm,6.6 mm,,80.7N,HOKA,86,250.0,6.6,7.7 oz (218g),218.0,,,,,,,,,,,,,,,,,,
Mizuno Wave Inspire 20,https://runrepeat.com/mizuno-wave-inspire-20,https://cdn.runrepeat.com/storage/gallery/product_primary/40298/mizuno-wave-inspire-20-primary-21282145-720.jpg,86 Good!,$140,Daily running,Stability,10.7 oz / 302g 10.8 oz / 305g,✗,12.6 mm 12.0 mm,Heel,22.0 HA,Small,Good,Good,Good,Moderate,37.7 mm,25.1 mm,12.6 mm,13.8N,20.7N,Mizuno,86,140.0,12.6,,,,,,,,,,,,,,,,,,,,
Nike Flex Experience Run 12,https://runrepeat.com/nike-flex-experience-run-12,https://cdn.runrepeat.com/storage/gallery/product_primary/40268/nike-flex-experience-run-12-21229888-720.jpg,76 Bad!,$75,Daily running,Neutral,8.5 oz / 241g 8.5 oz / 240g,✓,6.0 mm 6.0 mm,Mid/forefoot,30.6 HA,Small,Decent,Good,Bad,Moderate,25.9 mm,19.9 mm,6.0 mm,4.6N,6.8N,Nike,76,75.0,6.0,,,,,,,,,,,,,,,,,,,,
ASICS Metaspeed Edge,https://runrepeat.com/asics-metaspeed-edge,https://cdn.runrepeat.com/storage/gallery/product_primary/37390/asics-metaspeed-edge-hero-2-15915130-720.jpg,90 Great!,$250,Competition,Neutral,6.2 oz / 176g 6.7 oz / 190g,✓,8.0 mm 8.0 mm,HeelMid/forefoot,-,-,,-,,-,31.6 mm,23.6 mm,8.0 mm,,55.8N,ASICS,90,250.0,8.0,6.2 oz (176g),176.0,,,111.9 mm,78.8 mm,,,,,,,,,,,,,68.5 HC,
ASICS Novablast 2,https://runrepeat.com/asics-novablast-2,https://cdn.runrepeat.com/storage/gallery/product_primary/37255/asics-novablast-2-hero-2-15915092-720.jpg,89 Great!,$130,Daily runningTempo,Neutral,9.6 oz / 272g 9.9 oz / 280g,,13.7 mm 8.0 mm,Heel,-,-,-,-,-,-,39.3 mm,25.6 mm,13.7 mm,,,ASICS,89,130.0,13.7,9.6 oz (272g),272.0,,,111.3 mm,90.7 mm,2.6 mm,,,,,,,,,,,,,
Saucony Triumph 19,https://runrepeat.com/saucony-triumph-19,https://cdn.runrepeat.com/storage/gallery/product_primary/37363/saucony-triumph-19-hero-2-15915128-720.jpg,89 Great!,$150,Daily running,Neutral,10.6 oz / 300g 10.2 oz / 290g,,8.3 mm 8.0 mm,HeelMid/forefoot,-,-,-,-,-,-,34.6 mm,26.3 mm,8.3 mm,,37.8N,Saucony,89,150.0,8.3,10.6 oz (300g),300.0,,,114.4 mm,90.7 mm,,,,,,,,,,,,,,
Brooks Trace 2,https://runrepeat.com/brooks-trace-2,https://cdn.runrepeat.com/storage/gallery/product_primary/39264/brooks-trace-2-2-21189530-720.jpg,88 Great!,$100,Daily running,Neutral,8.8 oz / 249g 8.6 oz / 243g,✓,12.3 mm 12.0 mm,Heel,22.1 HA,Small,Decent,Decent,Good,Breathable,34.2 mm,21.9 mm,12.3 mm,,20.7N,Brooks,88,100.0,12.3,8.8 oz (249g),249.0,,,,,,,,,,,,,,,,,,
Adidas Duramo Speed,https://runrepeat.com/adidas-duramo-speed,https://cdn.runrepeat.com/storage/gallery/product_primary/40259/adidas-duramo-speed-21515989-720.jpg,88 Great!,$90,Daily running,Neutral,9.2 oz / 261g 9.3 oz / 263g,✗,6.0 mm 6.0 mm,Mid/forefoot,21.0 HA,Small,Bad,Decent,Good,Breathable,32.7 mm,26.7 mm,6.0 mm,18.8N,28.3N,Adidas,88,90.0,6.0,,,,,,,,,,,,,,,,,,,,
Saucony Guide 15,https://runrepeat.com/saucony-guide-15,https://cdn.runrepeat.com/storage/gallery/product_primary/38388/saucony-guide-15-21237227-720.jpg,88 Great!,$140,Daily running,Stability,9.8 oz / 279g 9.5 oz / 269g,,7.1 mm 8.0 mm,Mid/forefoot,21.0 HA,Normal,-,-,-,-,31.6 mm,24.5 mm,7.1 mm,,24.5N,Saucony,88,140.0,7.1,9.8 oz (279g),279.0,,,117.0 mm,,,,,,,,,,,,,,,
Saucony Kinvara 14,https://runrepeat.com/saucony-kinvara-14,https://cdn.runrepeat.com/storage/gallery/product_primary/39554/saucony-kinvara-14-21237229-720.jpg,83 Good!,$120,Tempo,Neutral,6.8 oz / 194g 6.8 oz / 194g,✓,4.1 mm 4.0 mm,Mid/forefoot,24.8 HA,Small,Bad,-,-,Breathable,30.3 mm,26.2 mm,4.1 mm,9.0N,15.3N,Saucony,83,120.0,4.1,,,,,,,,,,,,,,,,,,,,
New Balance Fresh Foam 860 v12,https://runrepeat.com/new-balance-fresh-foam-860-v-12,https://cdn.runrepeat.com/storage/gallery/product_primary/37697/hero-tests-16203639-720.jpg,87 Great!,$130,Daily running,Stability,11 oz / 311g 10.8 oz / 306g,,13.3 mm,Heel,-,-,-,-,-,-,33.6 mm,20.3 mm,13.3 mm,,27.1N,New Balance,87,130.0,13.3,11.0 oz (311g),311.0,,,112.8 mm,89.8 mm,,,,,,,,,,,,,,
Nike Quest 5,https://runrepeat.com/nike-quest-5,https://cdn.runrepeat.com/storage/gallery/product_primary/39193/nike-quest-5-21237188-720.jpg,81 Good!,$80,Daily running,Neutral,9.6 oz / 273g 10.4 oz / 295g,,9.1 mm,HeelMid/forefoot,28.5 HA,Normal,-,-,-,Moderate,29.8 mm,20.7 mm,9.1 mm,11.0N,18.5N,Nike,81,80.0,9.1,9.6 oz (273g),273.0,,,,,,,,,,,,,,,,,,
Altra Timp 5,https://runrepeat.com/altra-timp-5,https://cdn.runrepeat.com/storage/gallery/product_primary/39679/altra-timp-5-21415327-720.jpg,80 Good!,$155,,Neutral,9.5 oz / 269g 9.8 oz / 277g,,-0.1 mm 0.0 mm,Mid/forefoot,24.5 HA,Small,Good,Decent,Good,Moderate,28.6 mm,28.7 mm,-0.1 mm,17.1N,28.1N,Altra,80,155.0,0.1,,,LightModerate,28.6 mm 29.0 mm,,,,,,,,,,,,,,,,
ASICS Gel Cumulus 23,https://runrepeat.com/asics-gel-cumulus-23,https://cdn.runrepeat.com/storage/gallery/product_primary/37008/asics-gel-cumulus-23-21161596-720.jpg,89 Great!,$120,Daily running,Neutral,9.8 oz / 277g 9.9 oz / 280g,✗,10.8 mm 10.0 mm,Heel,-,-,-,-,-,3,35.9 mm,25.1 mm,10.8 mm,,25.4N,ASICS,89,120.0,10.8,9.8 oz (277g),277.0,,,,,,,,,,,,,,,,,,
Adidas Ultrarun 5,https://runrepeat.com/adidas-ultrarun-5,https://cdn.runrepeat.com/storage/gallery/product_primary/40774/adidas-ultrarun-5-23068162-720.jpg,84 Good!,$80,Daily running,Neutral,10.4 oz / 295g 11.4 oz / 323g,,9.5 mm 10.0 mm,HeelMid/forefoot,23.5 HA,Normal,Good,Good,Decent,3,34.3 mm,24.8 mm,9.5 mm,15.0N,,Adidas,84,80.0,9.5,10.4 oz (295g),295.0,,,,,,,,,,,,,,,,,,
Altra Escalante 3,https://runrepeat.com/altra-escalante-3,https://cdn.runrepeat.com/storage/gallery/product_primary/38637/altra-escalante-3-main-17609988-720.jpg,84 Good!,$140,Daily runningTempo,Neutral,9.5 oz / 269g 7.7 oz / 219g,✗,0.2 mm 0.0 mm,Mid/forefoot,23.8 HA,Normal,-,-,-,Moderate,25.0 mm,24.8 mm,0.2 mm,,25.7N,Altra,84,140.0,0.2,9.5 oz (269g),269.0,,,,,,,,,,,,,,,,,,
Saucony Endorphin Edge,https://runrepeat.com/saucony-endorphin-edge,https://cdn.runrepeat.com/storage/gallery/product_primary/37964/saucony-endorphin-edge-21237223-720.jpg,87 Great!,$200,,Neutral,9.5 oz / 269g 9.1 oz / 258g,✗,7.1 mm 6.0 mm,Mid/forefoot,19.8 HA,Small,-,-,-,Moderate,33.4 mm,26.3 mm,7.1 mm,17.3N,,Saucony,87,200.0,7.1,,,Moderate,33.4 mm 36.0 mm,,,,,,,,,,,,,,,,
ASICS Gel Contend 7,https://runrepeat.com/asics-gel-contend-7,https://cdn.runrepeat.com/storage/gallery/product_primary/36865/asics-gel-contend-7-hero-16203635-720.jpg,84 Good!,$65,Daily running,Neutral,9.5 oz / 268g 9.5 oz / 268g,,9.6 mm 10.0 mm,HeelMid/forefoot,-,-,-,-,-,-,33.3 mm,23.7 mm,9.6 mm,,26.4N,ASICS,84,65.0,9.6,9.5 oz (268g),268.0,,,115.0 mm,94.2 mm,,,,,,,,,,,,,,
New Balance FuelCell Rebel v2,https://runrepeat.com/new-balance-fuel-cell-rebel-v-2,https://cdn.runrepeat.com/storage/gallery/product_primary/36987/new-balance-fuelcell-rebel-v2-hero-2-15915121-720.jpg,89 Great!,$130,Tempo,Neutral,7.1 oz / 201g 7.4 oz / 210g,✓,8.9 mm 6.0 mm,HeelMid/forefoot,-,-,-,-,-,5,26.2 mm,17.3 mm,8.9 mm,,14.9N,New Balance,89,130.0,8.9,7.1 oz (201g),201.0,,,,,,,,,,,,,,,,,,
Under Armour Infinite Elite 2,https://runrepeat.com/under-armour-infinite-elite-2,https://cdn.runrepeat.com/storage/gallery/product_primary/40775/under-armour-infinite-elite-2-23334493-720.jpg,90 Great!,$160,Daily running,Neutral,10.2 oz / 288g 10.2 oz / 290g,,7.0 mm 8.0 mm,Mid/forefoot,18.5 HA,Small,Decent,Good,Good,4,40.1 mm,33.1 mm,7.0 mm,17.8N,,Under Armour,90,160.0,7.0,10.2 oz (288g),288.0,,,,,,,,,,,,,,,,,,
Adidas Adizero Prime X3 STRUNG,https://runrepeat.com/adidas-adizero-prime-x-3-strung,https://cdn.runrepeat.com/storage/gallery/product_primary/40901/adidas-adizero-prime-x-3-strung-23245044-720.jpg,90 Great!,$300,CompetitionTempo,Neutral,10.3 oz / 291g 10.1 oz / 285g,✗,13.0 mm 7.0 mm,HeelMid/forefoot,19.5 HA,Small,Good,Good,Bad,Moderate,48.1 mm,35.1 mm,13.0 mm,38.5N,,Adidas,90,300.0,13.0,10.3 oz (291g),291.0,,,,,,,,,,,,,,,,,,
Skechers Max Cushioning Elite,https://runrepeat.com/skechers-max-cushioning-elite,https://cdn.runrepeat.com/storage/gallery/product_primary/34763/skechers-max-cushion-elite-02-16247160-720.jpg,82 Good!,$90,Daily running,Neutral,11.9 oz / 336g 11.5 oz / 326g,,16.1 mm 6.0 mm,Heel,-,-,-,-,-,-,42.3 mm,26.2 mm,16.1 mm,,36.9N,Skechers,82,90.0,16.1,11.9 oz (336g),336.0,,,114.4 mm,99.9 mm,,,,,,,,,,,,,,
Salomon XA Pro 3D GTX,https://runrepeat.com/salomon-xa-pro-3d-gtx,https://cdn.runrepeat.com/storage/gallery/product_primary/20183/salomon-xa-pro-3-d-gtx-21237218-720.jpg,87 Great!,$160,,Stability,13.4 oz / 379g 14.3 oz / 405g,,13.1 mm 12.0 mm,Heel,39.0 HA,Small,-,-,-,Warm,31.9 mm,18.8 mm,13.1 mm,,51.7N,Salomon,87,160.0,13.1,13.4 oz (379g),379.0,LightModerate,31.9 mm 27.0 mm,,,,,,,,,,,,,,,,
New Balance Fresh Foam Roav V2,https://runrepeat.com/new-balance-fresh-foam-roav-v2,https://cdn.runrepeat.com/storage/gallery/product_primary/39175/new-balance-fresh-foam-roav-v-2-21236815-720.jpg,79 Decent!,$85,Daily running,Neutral,8.4 oz / 238g 9.1 oz / 258g,✓,7.2 mm 8.0 mm,Mid/forefoot,26.5 HA,Small,-,-,-,Warm,32.2 mm,25.0 mm,7.2 mm,13.7N,29.6N,New Balance,79,85.0,7.2,,,,,,,,,,,,,,,,,,,,
New Balance FuelCell SuperComp Pacer v2,https://runrepeat.com/new-balance-fuel-cell-super-comp-pacer-v-2,https://cdn.runrepeat.com/storage/gallery/product_primary/40256/new-balance-fuel-cell-super-comp-pacer-v-2-22519903-720.jpg,81 Good!,$200,CompetitionTempo,Neutral,7.1 oz / 200g 7.4 oz / 209g,✓,7.5 mm 8.0 mm,HeelMid/forefoot,Soft,Normal,Decent,Decent,Good,Breathable,,,,,,New Balance,81,200.0,,,,,,,,,,,,,,,,,,,,,10.0 HA
Adidas 4DFWD 2,https://runrepeat.com/adidas-4dfwd-2,https://cdn.runrepeat.com/storage/gallery/product_primary/39265/adidas-4-dfwd-2-21166015-720.jpg,90 Great!,$200,Daily running,Neutral,12.6 oz / 356g 12.4 oz / 352g,,10.6 mm 11.0 mm,Heel,35.0 HA,Small,-,-,-,2,31.8 mm,21.2 mm,10.6 mm,,22.5N,Adidas,90,200.0,10.6,12.6 oz (356g),356.0,,,,,,,,,,,,,,,,,,
NOBULL Allday Knit,https://runrepeat.com/nobull-allday-knit,https://cdn.runrepeat.com/storage/gallery/product_primary/36979/nobull-knit-runner-21237204-720.jpg,87 Great!,$159,Daily running,Neutral,10.6 oz / 301g 10.6 oz / 300g,,12.0 mm 10.0 mm,Heel,30.9 HA,Small,-,-,-,3,31.8 mm,19.8 mm,12.0 mm,,17.7N,NoBull,87,159.0,12.0,10.6 oz (301g),301.0,,,,,,,,,,,,,,,,,,
Brooks Revel 5,https://runrepeat.com/brooks-revel-5,https://cdn.runrepeat.com/storage/gallery/product_primary/37481/brooks-revel-5-hero-2-15915120-720.jpg,87 Great!,$100,Daily running,Neutral,8.7 oz / 247g 8.8 oz / 249g,✓,9.6 mm 8.0 mm,HeelMid/forefoot,-,-,-,-,-,4,28.5 mm,18.9 mm,9.6 mm,,19.9N,Brooks,87,100.0,9.6,8.7 oz (247g),247.0,,,,,,,,,,,,,,,,,,
Mizuno Wave Rebellion,https://runrepeat.com/mizuno-wave-rebellion,https://cdn.runrepeat.com/storage/gallery/product_primary/37548/mizuno-wave-rebellion-21208142-720.jpg,87 Great!,$180,Tempo,Neutral,8.7 oz / 247g 9.1 oz / 259g,✓,7.7 mm 8.0 mm,Mid/forefoot,24.3 HA,Normal,Decent,Decent,Bad,Moderate,36.4 mm,28.7 mm,7.7 mm,,26.1N,Mizuno,87,180.0,7.7,8.7 oz (247g),247.0,,,,,,,,,,,,,,,,,,
Saucony Xodus Ultra,https://runrepeat.com/saucony-xodus-ultra,https://cdn.runrepeat.com/storage/gallery/product_primary/38636/saucony-xodus-ultra-21237233-720.jpg,87 Great!,$150,,Neutral,10.1 oz / 286g 10.3 oz / 292g,,7.2 mm 6.0 mm,Mid/forefoot,22.0 HA,Normal,-,-,-,Moderate,33.9 mm,26.7 mm,7.2 mm,,28.7N,Saucony,87,150.0,7.2,10.1 oz (286g),286.0,ModerateTechnical,33.9 mm 32.0 mm,,,,,,,,,,,,,,,,
Hoka Transport X,https://runrepeat.com/hoka-transport-x,https://cdn.runrepeat.com/storage/gallery/product_primary/39861/hoka-transport-x-21208115-720.jpg,84 Good!,$200,Daily running,Neutral,9.7 oz / 274g 8.8 oz / 250g,,9.4 mm 5.0 mm,HeelMid/forefoot,22.8 HA,Small,Bad,Bad,Good,5,40.2 mm,30.8 mm,9.4 mm,,53.4N,HOKA,84,200.0,9.4,9.7 oz (274g),274.0,,,,,,,,,,,,,,,,,,
ASICS Dynablast 5,https://runrepeat.com/asics-dynablast-5,https://cdn.runrepeat.com/storage/gallery/product_primary/40629/asics-dynablast-5-23377130-720.jpg,84 Good!,$120,Daily running,Neutral,9.3 oz / 264g 9.2 oz / 260g,✗,7.6 mm 8.0 mm,Mid/forefoot,20.1 HA,Normal,Good,Good,Good,Moderate,39.4 mm,31.8 mm,7.6 mm,14.5N,,ASICS,84,120.0,7.6,9.3 oz (264g),264.0,,,,,,,,,,,,,,,,,,
Mizuno Wave Rider 25,https://runrepeat.com/mizuno-wave-rider-25,https://cdn.runrepeat.com/storage/gallery/product_primary/37595/mizuno-wave-rider-25-hero-2-15915088-720.jpg,90 Great!,$135,Daily running,Neutral,9.5 oz / 269g 9.8 oz / 277g,,12.3 mm 12.0 mm,Heel,-,-,-,-,-,-,38.4 mm,26.1 mm,12.3 mm,,24.8N,Mizuno,90,135.0,12.3,9.5 oz (269g),269.0,,,111.3 mm,89.5 mm,,,,,,,,,,,,,,
Under Armour Infinite Elite,https://runrepeat.com/under-armour-infinite-elite,https://cdn.runrepeat.com/storage/gallery/product_primary/40578/under-armour-infinite-elite-22682310-720.jpg,88 Great!,$160,Daily running,Neutral,11.1 oz / 315g 11.6 oz / 329g,,8.1 mm 8.0 mm,HeelMid/forefoot,19.3 HA,Small,Good,Decent,Good,Warm,39.9 mm,31.8 mm,8.1 mm,20.5N,31.6N,Under Armour,88,160.0,8.1,11.1 oz (315g),315.0,,,,,,,,,,,,,,,,,,
Salomon Sense Ride 4,https://runrepeat.com/salomon-sense-ride-4,https://cdn.runrepeat.com/storage/gallery/product_primary/36957/salomon-sense-ride-4-profile-15915140-720.jpg,88 Great!,$120,,Neutral,10.5 oz / 297g 10.2 oz / 290g,,7.3 mm 8.0 mm,Mid/forefoot,-,-,-,-,-,3,26.5 mm,19.2 mm,7.3 mm,,31.0N,Salomon,88,120.0,7.3,10.5 oz (297g),297.0,Moderate,26.5 mm 27.0 mm,,,,,,,,,,,,,,,,
Nike Pegasus EasyOn,https://runrepeat.com/nike-pegasus-easyon,https://cdn.runrepeat.com/storage/gallery/product_primary/40574/nike-pegasus-easy-on-22228118-720.jpg,83 Good!,$140,Daily running,Neutral,10.1 oz / 286g 10.4 oz / 295g,,11.6 mm 10.0 mm,Heel,18.9 HA,Normal,Bad,Good,Decent,5,33.6 mm,22.0 mm,11.6 mm,,18.8N,Nike,83,140.0,11.6,10.1 oz (286g),286.0,,,,,,,,,,,,,,,,,,
Nike Pegasus 41 GTX,https://runrepeat.com/nike-pegasus-41-gtx,https://cdn.runrepeat.com/storage/gallery/product_primary/40602/nike-pegasus-41-gtx-22228247-720.jpg,85 Good!,$160,Daily running,Neutral,11.1 oz / 315g 10 oz / 283g,,11.9 mm 10.0 mm,Heel,19.5 HA,Normal,Decent,Good,Bad,Warm,36.3 mm,24.4 mm,11.9 mm,12.6N,23.2N,Nike,85,160.0,11.9,11.1 oz (315g),315.0,,,,,,,,,,,,,,,,,,
KURU Atom 2,https://runrepeat.com/kuru-atom-2,https://cdn.runrepeat.com/storage/gallery/product_primary/40958/kuru-atom-2-lab-test-and-review-23565731-720.jpg,86 Good!,$169,Daily running,Neutral,12.9 oz / 366g 13.1 oz / 371g,,13.9 mm,Heel,20.0 HA,Small,Good,Good,Decent,2,39.9 mm,26.0 mm,13.9 mm,15.7N,,KURU,86,169.0,13.9,12.9 oz (366g),366.0,,,,,,,,,,,,,,,,,,
Adidas Ultrabounce,https://runrepeat.com/adidas-ultrabounce,https://cdn.runrepeat.com/storage/gallery/product_primary/39727/adidas-ultrabounce-21161586-720.jpg,82 Good!,$80,Daily running,Neutral,11.5 oz / 326g 12.1 oz / 343g,,11.3 mm 9.0 mm,Heel,24.8 HA,Normal,Decent,Decent,Decent,Breathable,30.3 mm,19.0 mm,11.3 mm,14.2N,20.4N,Adidas,82,80.0,11.3,11.5 oz (326g),326.0,,,,,,,,,,,,,,,,,,
ASICS GT 1000 13,https://runrepeat.com/asics-gt-1000-13,https://cdn.runrepeat.com/storage/gallery/product_primary/40407/asics-gt-1000-13-2-21706230-720.jpg,79 Decent!,$110,Daily running,Stability,9.7 oz / 276g 9.7 oz / 274g,,8.7 mm 8.0 mm,HeelMid/forefoot,22.5 HA,Small,Decent,Good,Good,Moderate,33.7 mm,25.0 mm,8.7 mm,11.4N,14.6N,ASICS,79,110.0,8.7,9.7 oz (276g),276.0,,,,,,,,,,,,,,,,,,
New Balance FuelCell SuperComp Trail,https://runrepeat.com/new-balance-fuel-cell-super-comp-trail,https://cdn.runrepeat.com/storage/gallery/product_primary/40088/new-balance-fuel-cell-super-comp-trail-22685117-720.jpg,90 Great!,$200,,Neutral,8.7 oz / 248g 8.8 oz / 249g,✓,13.0 mm 10.0 mm,Heel,11.5 HA,Normal,Decent,Decent,Good,Moderate,34.7 mm,21.7 mm,13.0 mm,,38.6N,New Balance,90,200.0,13.0,,,LightModerate,34.7 mm 36.5 mm,,,,,,,,,,,,,,,,
PUMA ForeverRun Nitro 2,https://runrepeat.com/puma-foreverrun-nitro-2,https://cdn.runrepeat.com/storage/gallery/product_primary/40709/puma-forever-run-nitro-2-23389448-720.jpg,84 Good!,$150,Daily running,Stability,10.3 oz / 291g 10 oz / 283g,,8.8 mm 10.0 mm,HeelMid/forefoot,19.5 HA,Small,Good,Decent,Decent,4,35.3 mm,26.5 mm,8.8 mm,10.8N,,PUMA,84,150.0,8.8,10.3 oz (291g),291.0,,,,,,,,,,,,,,,,,,
ASICS Gel Excite Trail 2,https://runrepeat.com/asics-gel-excite-trail-2,https://cdn.runrepeat.com/storage/gallery/product_primary/40460/asics-gel-excite-trail-2-22285167-720.jpg,81 Good!,$85,,Neutral,10.3 oz / 292g 10.4 oz / 296g,,10.1 mm 8.0 mm,Heel,22.9 HA,Normal,Very bad,Bad,Decent,Moderate,37.7 mm,27.6 mm,10.1 mm,9.8N,17.4N,ASICS,81,85.0,10.1,,,Light,37.7 mm 36.0 mm,,,,,,,,,,,,,,,,
Brooks Levitate 5,https://runrepeat.com/brooks-levitate-5,https://cdn.runrepeat.com/storage/gallery/product_primary/37596/brooks-levitate-5-hero-2-15915131-720.jpg,88 Great!,$150,Daily running,Neutral,10.7 oz / 304g 11 oz / 311g,,9.1 mm 8.0 mm,HeelMid/forefoot,-,-,-,-,-,-,,,,,,Brooks,88,150.0,,,,,,,,,305,9.1,32.6,37.3,14.4,3,3,,,,,,
Salomon Pulsar Trail,https://runrepeat.com/salomon-pulsar-trail,https://cdn.runrepeat.com/storage/gallery/product_primary/38682/salomon-pulsar-trail-21226094-720.jpg,87 Great!,$130,,Neutral,9.9 oz / 281g 9.9 oz / 280g,,7.2 mm 6.0 mm,Mid/forefoot,18.7 HA,Small,Decent,Good,Good,Moderate,31.0 mm,23.8 mm,7.2 mm,,25.3N,Salomon,87,130.0,7.2,9.9 oz (281g),281.0,Light,31.0 mm 32.6 mm,,,,,,,,,,,,,,,,
Adidas Supernova 2,https://runrepeat.com/adidas-supernova-2,https://cdn.runrepeat.com/storage/gallery/product_primary/38933/adidas-supernova-2-21161574-720.jpg,87 Great!,$100,Daily running,Neutral,9.7 oz / 276g 9.8 oz / 278g,,14.2 mm 9.0 mm,Heel,29.8 HA,Small,Bad,Bad,Bad,Breathable,32.4 mm,18.2 mm,14.2 mm,9.4N,14.0N,Adidas,87,100.0,14.2,9.7 oz (276g),276.0,,,,,,,,,,,,,,,,,,
On Cloudflyer 4,https://runrepeat.com/on-cloudflyer-4,https://cdn.runrepeat.com/storage/gallery/product_primary/39318/on-cloudflyer-4-21216741-720.jpg,84 Good!,$170,Daily running,Stability,10.9 oz / 308g 10.6 oz / 300.5g,,9.8 mm 11.0 mm,HeelMid/forefoot,31.6 HA,Small,Bad,Bad,Decent,4,33.3 mm,23.5 mm,9.8 mm,,15.4N,On,84,170.0,9.8,10.9 oz (308g),308.0,,,,,,,,,,,,,,,,,,
Mizuno Wave Horizon 6,https://runrepeat.com/mizuno-wave-horizon-6,https://cdn.runrepeat.com/storage/gallery/product_primary/38794/mizuno-wave-horizon-6-21236786-720.jpg,89 Great!,$170,Daily running,Stability,11 oz / 313g 11.2 oz / 318g,,6.5 mm 8.0 mm,Mid/forefoot,22.0 HA,Small,-,-,-,-,37.1 mm,30.6 mm,6.5 mm,,34.6N,Mizuno,89,170.0,6.5,11.0 oz (313g),313.0,,,119.5 mm,,,,,,,,,,,,,,,
ASICS Magic Speed 2,https://runrepeat.com/asics-magic-speed-2,https://cdn.runrepeat.com/storage/gallery/product_primary/38959/asics-magic-speed-2-21232017-720.jpg,89 Great!,$150,Tempo,Neutral,8 oz / 228g 8.1 oz / 230g,✓,8.7 mm 7.0 mm,HeelMid/forefoot,-,-,-,-,-,5,35.1 mm,26.4 mm,8.7 mm,,59.4N,ASICS,89,150.0,8.7,8.0 oz (228g),228.0,,,,,,,,,,,,,,,,,,
Adidas Adizero Adios 8,https://runrepeat.com/adidas-adizero-adios-8,https://cdn.runrepeat.com/storage/gallery/product_primary/39958/adidas-adizero-adios-8-2-21158463-720.jpg,90 Great!,$130,Tempo,Neutral,7.4 oz / 210g 7 oz / 198g,✓,7.6 mm 8.0 mm,Mid/forefoot,16.5 HA,Small,Bad,Decent,Good,Breathable,28.0 mm,20.4 mm,7.6 mm,8.8N,17.5N,Adidas,90,130.0,7.6,,,,,,,,,,,,,,,,,,,,
Saucony Xodus Ultra 2,https://runrepeat.com/saucony-xodus-ultra-2,https://cdn.runrepeat.com/storage/gallery/product_primary/39660/saucony-xodus-ultra-2-21196763-720.jpg,88 Great!,$150,,Neutral,10.3 oz / 293g 9.2 oz / 262g,,7.3 mm 6.0 mm,Mid/forefoot,27.5 HA,Small,Bad,Good,Decent,Moderate,34.1 mm,26.8 mm,7.3 mm,,26.3N,Saucony,88,150.0,7.3,10.3 oz (293g),293.0,ModerateTechnical,34.1 mm 32.5 mm,,,,,,,,,,,,,,,,
Mizuno Wave Sky 7,https://runrepeat.com/mizuno-wave-sky-7,https://cdn.runrepeat.com/storage/gallery/product_primary/40107/mizuno-wave-sky-7-21208145-720.jpg,88 Great!,$170,Daily running,Neutral,10.4 oz / 296g 10.7 oz / 303g,,10.9 mm 8.0 mm,Heel,22.0 HA,Small,Good,Good,Good,4,40.9 mm,30.0 mm,10.9 mm,,28.9N,Mizuno,88,170.0,10.9,10.4 oz (296g),296.0,,,,,,,,,,,,,,,,,,
Mizuno Wave Horizon 7,https://runrepeat.com/mizuno-wave-horizon-7,https://cdn.runrepeat.com/storage/gallery/product_primary/40556/mizuno-wave-horizon-7-22349260-720.jpg,88 Great!,$170,Daily running,Stability,11.6 oz / 329g 11.8 oz / 334g,✗,7.2 mm 8.0 mm,HeelMid/forefoot,22.6 HA,Normal,Decent,Bad,Good,Moderate,39.1 mm,31.9 mm,7.2 mm,,27.3N,Mizuno,88,170.0,7.2,11.6 oz (329g),329.0,,,,,,,,,,,,,,,,,,
Saucony Endorphin Shift 2,https://runrepeat.com/saucony-endorphin-shift-2,https://cdn.runrepeat.com/storage/gallery/product_primary/37288/saucony-endorphin-shift-2-hero-2-15915125-720.jpg,88 Great!,$140,Daily running,Neutral,10 oz / 284g 10.4 oz / 296g,,4.3 mm 4.0 mm,Mid/forefoot,-,-,-,-,-,-,37.3 mm,33.0 mm,4.3 mm,,60.4N,Saucony,88,140.0,4.3,10.0 oz (284g),284.0,,,111.8 mm,90.4 mm,,,,,,,,,,,,,,
Reebok Floatride Energy 5,https://runrepeat.com/reebok-floatride-energy-5,https://cdn.runrepeat.com/storage/gallery/product_primary/39691/reebok-floatride-energy-5-21226086-720.jpg,87 Great!,$110,Daily running,Neutral,9 oz / 254g 9.4 oz / 266g,✗,6.0 mm 8.0 mm,Mid/forefoot,26.5 HA,Small,Bad,Decent,Good,Warm,30.2 mm,24.2 mm,6.0 mm,,18.2N,Reebok,87,110.0,6.0,9.0 oz (254g),254.0,,,,,,,,,,,,,,,,,,
Altra Mont Blanc Carbon,https://runrepeat.com/altra-mont-blanc-carbon,https://cdn.runrepeat.com/storage/gallery/product_primary/40349/altra-mont-blanc-carbon-21482891-720.jpg,86 Good!,$260,,Neutral,8.9 oz / 251g 9.3 oz / 264g,,0.3 mm 0.0 mm,Mid/forefoot,19.6 HA,Normal,Decent,Bad,Good,Moderate,27.2 mm,26.9 mm,0.3 mm,,22.9N,Altra,86,260.0,0.3,8.9 oz (251g),251.0,Moderate,27.2 mm 29.0 mm,,,,,,,,,,,,,,,,
La Sportiva Prodigio,https://runrepeat.com/la-sportiva-prodigio,https://cdn.runrepeat.com/storage/gallery/product_primary/40284/la-sportiva-prodigio-21585045-720.jpg,82 Good!,$155,,Neutral,9.6 oz / 271g 9.5 oz / 270g,,8.9 mm 6.0 mm,HeelMid/forefoot,19.5 HA,Normal,Very bad,Bad,Decent,Moderate,29.3 mm,20.4 mm,8.9 mm,,20.0N,La Sportiva,82,155.0,8.9,9.6 oz (271g),271.0,Moderate,29.3 mm 34.0 mm,,,,,,,,,,,,,,,,
Merrell Morphlite,https://runrepeat.com/merrell-morphlite,https://cdn.runrepeat.com/storage/gallery/product_primary/40461/merrell-morphlite-22256277-720.jpg,87 Great!,$100,,Neutral,8.4 oz / 237g 8.6 oz / 243g,✓,11.0 mm 6.0 mm,Heel,19.3 HA,Small,Bad,Decent,Decent,Moderate,32.3 mm,21.3 mm,11.0 mm,10.2N,,Merrell,87,100.0,11.0,,,Light,32.3 mm 26.0 mm,,,,,,,,,,,,,,,,
Diadora Cellula,https://runrepeat.com/diadora-cellula,https://cdn.runrepeat.com/storage/gallery/product_primary/40822/diadora-cellula-23350903-720.jpg,87 Great!,$170,Daily running,Neutral,9.8 oz / 278g 9.9 oz / 280g,,7.2 mm 5.0 mm,Mid/forefoot,14.5 HA,Big,Decent,Good,Good,3,41.9 mm,34.7 mm,7.2 mm,17.2N,,Diadora,87,170.0,7.2,9.8 oz (278g),278.0,,,,,,,,,,,,,,,,,,
Altra Rivera 4,https://runrepeat.com/altra-rivera-4,https://cdn.runrepeat.com/storage/gallery/product_primary/40318/altra-rivera-4-primary-21408474-720.jpg,85 Good!,$130,Daily runningTempo,Neutral,8.3 oz / 235g 10 oz / 283g,✓,0.4 mm 0.0 mm,Mid/forefoot,19.8 HA,Normal,Decent,Bad,Good,Moderate,28.4 mm,28.0 mm,0.4 mm,,18.7N,Altra,85,130.0,0.4,8.3 oz (235g),235.0,,,,,,,,,,,,,,,,,,
Hoka Speedgoat 5 GTX,https://runrepeat.com/hoka-speedgoat-5-gtx,https://cdn.runrepeat.com/storage/gallery/product_primary/39555/hoka-speedgoat-5-gtx-21208109-720.jpg,82 Good!,$170,,Neutral,11.3 oz / 319g 11.5 oz / 326g,,7.0 mm 4.0 mm,Mid/forefoot,19.4 HA,Big,Good,Good,Decent,Moderate,34.6 mm,27.6 mm,7.0 mm,,29.8N,HOKA,82,170.0,7.0,11.3 oz (319g),319.0,Moderate,34.6 mm,,,,,,,,,,,,,,,,
New Balance Fresh Foam X Evoz v3,https://runrepeat.com/new-balance-fresh-foam-x-evoz-v3,https://cdn.runrepeat.com/storage/gallery/product_primary/40099/new-balance-fresh-foam-x-evoz-v-3-2-22502780-720.jpg,79 Decent!,$100,Daily running,Neutral,9.1 oz / 257g 9.5 oz / 270g,,7.9 mm 6.0 mm,Mid/forefoot,20.6 HA,Small,Decent,Decent,Good,Warm,34.3 mm,26.4 mm,7.9 mm,12.9N,18.3N,New Balance,79,100.0,7.9,9.1 oz (257g),257.0,,,,,,,,,,,,,,,,,,
PUMA Deviate Nitro Elite 2,https://runrepeat.com/puma-deviate-nitro-elite-2,https://cdn.runrepeat.com/storage/gallery/product_primary/39912/puma-deviate-nitro-elite-2-21216753-720.jpg,85 Good!,$200,Competition,Neutral,7.5 oz / 214g 7.4 oz / 210g,✓,9.1 mm 6.0 mm,HeelMid/forefoot,13.9 HA,Big,Decent,Good,-,Breathable,35.0 mm,25.9 mm,9.1 mm,,37.6N,PUMA,85,200.0,9.1,7.5 oz (214g),214.0,,,,,,,,,,,,,,,,,,
Salomon XA Pro 3D V8,https://runrepeat.com/salomon-xa-pro-3d-v8,https://cdn.runrepeat.com/storage/gallery/product_primary/34784/salomon-xa-pro-3-d-v-8-21237219-720.jpg,89 Great!,$130,,Stability,12.3 oz / 350g 12 oz / 340g,,14.6 mm 11.0 mm,Heel,36.9 HA,Small,-,-,-,Moderate,35.0 mm,20.4 mm,14.6 mm,,44.7N,Salomon,89,130.0,14.6,12.3 oz (350g),350.0,LightModerate,35.0 mm 28.0 mm,,,,,,,,,,,,,,,,
Saucony Xodus Ultra 3,https://runrepeat.com/saucony-xodus-ultra-3,https://cdn.runrepeat.com/storage/gallery/product_primary/40427/saucony-xodus-ultra-3-21839179-720.jpg,83 Good!,$160,,Neutral,10.7 oz / 302g 10.2 oz / 288g,,5.9 mm 6.0 mm,Mid/forefoot,15.9 HA,Small,Decent,Good,Good,Moderate,35.1 mm,29.2 mm,5.9 mm,15.9N,24.5N,Saucony,83,160.0,5.9,,,Technical,35.1 mm 36.0 mm,,,,,,,,,,,,,,,,
Adidas Adizero Adios Pro 2.0,https://runrepeat.com/adidas-adizero-adios-pro-20,https://cdn.runrepeat.com/storage/gallery/product_primary/37483/adidas-adizero-adios-pro-2-0-21177882-720.jpg,92 Superb!,$220,Competition,Neutral,7.9 oz / 223g 7.6 oz / 215g,✓,10.3 mm 10.0 mm,Heel,-,-,-,-,-,-,40.0 mm,29.7 mm,10.3 mm,,78.1N,Adidas,92,220.0,10.3,7.9 oz (223g),223.0,,,106.1 mm,,,,,,,,,,,,,,,
Saucony Kinvara 12,https://runrepeat.com/saucony-kinvara-12,https://cdn.runrepeat.com/storage/gallery/product_primary/36801/saucony-kinvara-12-hero-2-15915105-720.jpg,90 Great!,$110,Tempo,Neutral,7.7 oz / 218g 7.5 oz / 213g,✓,4.6 mm 4.0 mm,Mid/forefoot,-,-,-,-,-,-,26.1 mm,21.5 mm,4.6 mm,,,Saucony,90,110.0,4.6,7.7 oz (218g),218.0,,,112.5 mm,88.3 mm,,,,,,,,,,,,,,
Hoka Gaviota 3,https://runrepeat.com/hoka-gaviota-3,https://cdn.runrepeat.com/storage/gallery/product_primary/36952/hoka-gaviota-3-hero-2-15915093-720.jpg,87 Great!,$160,Daily running,Stability,11.2 oz / 318g 11.3 oz / 320g,✗,9.6 mm 5.0 mm,HeelMid/forefoot,-,-,-,-,-,-,39.4 mm,29.8 mm,9.6 mm,,,HOKA,87,160.0,9.6,11.2 oz (318g),318.0,,,117.9 mm,105.2 mm,,,,,,,,,,,,,,
Nike Wildhorse 7,https://runrepeat.com/nike-wildhorse-7,https://cdn.runrepeat.com/storage/gallery/product_primary/37009/nike-wildhorse-7-21237193-720.jpg,87 Great!,$130,,Neutral,11.2 oz / 318g 11 oz / 312g,,7.3 mm 8.0 mm,Mid/forefoot,-,-,-,-,-,-,33.5 mm,26.2 mm,7.3 mm,,31.1N,Nike,87,130.0,7.3,11.2 oz (318g),318.0,LightModerate,33.5 mm 30.0 mm,105.7 mm,,,,,,,,,,,,,,,
Hoka Arahi 5,https://runrepeat.com/hoka-arahi-5,https://cdn.runrepeat.com/storage/gallery/product_primary/36936/hoka-one-one-arahi-5-hero-2-15915102-720.jpg,89 Great!,$130,Daily running,Stability,9.3 oz / 263g 9.7 oz / 275g,,5.0 mm 5.0 mm,Mid/forefoot,-,-,-,-,-,-,33.8 mm,28.8 mm,5.0 mm,,,HOKA,89,130.0,5.0,9.3 oz (263g),263.0,,,116.0 mm,97.2 mm,3.7 mm,,,,,,,,,,,,,
Salomon Supercross 4,https://runrepeat.com/salomon-supercross-4,https://cdn.runrepeat.com/storage/gallery/product_primary/39382/salomon-supercross-4-21230512-720.jpg,85 Good!,$120,,Neutral,11.1 oz / 315g 10.7 oz / 303g,,15.2 mm 11.0 mm,Heel,19.3 HA,Small,Good,Good,Good,Moderate,35.1 mm,19.9 mm,15.2 mm,,17.5N,Salomon,85,120.0,15.2,11.1 oz (315g),315.0,ModerateTechnical,35.1 mm 32.0 mm,,,,,,,,,,,,,,,,
Merrell Nova 2,https://runrepeat.com/merrell-nova-2,https://cdn.runrepeat.com/storage/gallery/product_primary/36442/merrell-nova-2-26-16359777-720.jpg,85 Good!,$110,,Neutral,10.3 oz / 293g 9.9 oz / 280g,,9.3 mm 8.0 mm,HeelMid/forefoot,-,-,-,-,-,-,35.1 mm,25.8 mm,9.3 mm,,26.6N,Merrell,85,110.0,9.3,10.3 oz (293g),293.0,ModerateTechnical,35.1 mm 29.0 mm,110.1 mm,,,,,,,,,,,,,,,
Merrell Antora 3,https://runrepeat.com/merrell-antora-3,https://cdn.runrepeat.com/storage/gallery/product_primary/39799/merrell-antora-3-23063295-720.jpg,83 Good!,$125,,Neutral,10.1 oz / 285g,,9.1 mm,HeelMid/forefoot,22.5 HA,Normal,Decent,Bad,Good,Breathable,33.5 mm,24.4 mm,9.1 mm,14.4N,,Merrell,83,125.0,9.1,10.1 oz (285g),285.0,Light,33.5 mm,,,,,,,,,,,,,,,,
Saucony Peregrine 15,https://runrepeat.com/saucony-peregrine-15,https://cdn.runrepeat.com/storage/gallery/product_primary/40672/saucony-peregrine-15-23328826-720.jpg,78 Decent!,$140,,Neutral,9.4 oz / 266g 9.7 oz / 275g,,3.7 mm 4.0 mm,Mid/forefoot,14.9 HA,Small,Good,Decent,Good,Moderate,29.5 mm,25.8 mm,3.7 mm,11.1N,,Saucony,78,140.0,3.7,9.4 oz (266g),266.0,LightModerate,29.5 mm 28.0 mm,,,,,,,,,,,,,,,,
Saucony Hurricane 25,https://runrepeat.com/saucony-hurricane-25,https://cdn.runrepeat.com/storage/gallery/product_primary/40921/saucony-hurricane-25-23715760-720.jpg,N/A,$170,Daily running,Stability,10.1 oz / 286g 10 oz / 283g,,7.1 mm 6.0 mm,Mid/forefoot,16.6 HA,Small,Decent,Decent,Good,2,40.2 mm,33.1 mm,7.1 mm,15.5N,,Saucony,N/A,170.0,7.1,10.1 oz (286g),286.0,,,,,,,,,,,,,,,,,,
HOKA Challenger 8,https://runrepeat.com/hoka-challenger-8,https://cdn.runrepeat.com/storage/gallery/product_primary/40938/hoka-challenger-8-23690594-720.jpg,N/A,$155,,Neutral,9.5 oz / 269g 9.7 oz / 275g,,10.1 mm 8.0 mm,Heel,14.1 HA,Normal,Good,Good,Good,Breathable,40.2 mm,30.1 mm,10.1 mm,12.0N,,HOKA,N/A,155.0,10.1,9.5 oz (269g),269.0,LightModerate,40.2 mm 42.0 mm,,,,,,,,,,,,,,,,
Mizuno Wave Rider 26,https://runrepeat.com/mizuno-wave-rider-26,https://cdn.runrepeat.com/storage/gallery/product_primary/39229/mizuno-wave-rider-26-21236701-720.jpg,87 Great!,$140,Daily running,Neutral,10.3 oz / 291g 10 oz / 283g,,11.8 mm 12.0 mm,Heel,19.6 HA,Small,-,-,-,4,39.2 mm,27.4 mm,11.8 mm,,28.2N,Mizuno,87,140.0,11.8,10.3 oz (291g),291.0,,,,,,,,,,,,,,,,,,
Brooks Glycerin Stealthfit 20,https://runrepeat.com/brooks-glycerin-stealthfit-20,https://cdn.runrepeat.com/storage/gallery/product_primary/39195/brooks-glycerin-stealthfit-20-21189518-720.jpg,86 Good!,$160,Daily running,Neutral,9.9 oz / 281g 9.4 oz / 266.5g,,12.5 mm 10.0 mm,Heel,29.3 HA,Small,Decent,Good,Good,5,38.8 mm,26.3 mm,12.5 mm,,30.8N,Brooks,86,160.0,12.5,9.9 oz (281g),281.0,,,,,,,,,,,,,,,,,,
Xero Shoes HFS II,https://runrepeat.com/xero-shoes-hfs-ii,https://cdn.runrepeat.com/storage/gallery/product_primary/40610/xero-shoes-hfs-ii-22285004-720.jpg,85 Good!,$120,Daily running,Neutral,8.6 oz / 244g 8.3 oz / 235g,✓,1.0 mm 0.0 mm,Mid/forefoot,49.0 HA,Small,Decent,Bad,Decent,Breathable,13.1 mm,12.1 mm,1.0 mm,,10.5N,Xero Shoes,85,120.0,1.0,8.6 oz (244g),244.0,,,,,,,,,,,,,,,,,,
Brooks Launch GTS 10,https://runrepeat.com/brooks-launch-gts-10,https://cdn.runrepeat.com/storage/gallery/product_primary/39686/brooks-launch-gts-10-21189524-720.jpg,84 Good!,$110,Daily runningTempo,Stability,8.5 oz / 241g 8.4 oz / 238g,✓,12.2 mm 10.0 mm,Heel,19.6 HA,Normal,Decent,Good,Good,Moderate,35.4 mm,23.2 mm,12.2 mm,,19.1N,Brooks,84,110.0,12.2,8.5 oz (241g),241.0,,,,,,,,,,,,,,,,,,
ASICS Gel Excite 8,https://runrepeat.com/asics-gel-excite-8,https://cdn.runrepeat.com/storage/gallery/product_primary/37072/asics-gel-excite-8-hero-shot-16229086-720.jpg,83 Good!,$75,Daily running,Neutral,9.5 oz / 268g 9.9 oz / 280g,,12.3 mm 10.0 mm,Heel,-,-,-,-,-,-,35.8 mm,23.5 mm,12.3 mm,,20.0N,ASICS,83,75.0,12.3,9.5 oz (268g),268.0,,,113.7 mm,90.6 mm,,,,,,,,,,,,,,
Altra Provision 8,https://runrepeat.com/altra-provision-8,https://cdn.runrepeat.com/storage/gallery/product_primary/40246/altra-provision-8-21952346-720.jpg,84 Good!,$140,Daily running,Stability,9.6 oz / 273g 10.2 oz / 289g,✗,0.2 mm 0.0 mm,Mid/forefoot,20.3 HA,Normal,Decent,Decent,Good,Moderate,26.0 mm,25.8 mm,0.2 mm,,22.7N,Altra,84,140.0,0.2,9.6 oz (273g),273.0,,,,,,,,,,,,,,,,,,
Adidas Alphabounce+,https://runrepeat.com/adidas-alpha-bounce,https://cdn.runrepeat.com/storage/gallery/product_primary/33329/adidas-alphabounce-21158471-720.jpg,80 Good!,$100,Daily running,Neutral,12 oz / 340g 12.5 oz / 354g,,11.5 mm 10.0 mm,Heel,22.4 HA,Small,Bad,Bad,Good,3,37.7 mm,26.2 mm,11.5 mm,,26.3N,Adidas,80,100.0,11.5,12.0 oz (340g),340.0,,,,,,,,,,,,,,,,,,
Mizuno Wave Inspire 21,https://runrepeat.com/mizuno-wave-inspire-21,https://cdn.runrepeat.com/storage/gallery/product_primary/40673/mizuno-wave-inspire-21-23053633-720.jpg,81 Good!,$140,Daily running,Stability,10.1 oz / 286g 4.9 oz / 140g,,12.9 mm 12.0 mm,Heel,26.6 HA,Small,Decent,Good,Good,3,38.0 mm,25.1 mm,12.9 mm,14.5N,,Mizuno,81,140.0,12.9,10.1 oz (286g),286.0,,,,,,,,,,,,,,,,,,
ASICS GT 1000 14,https://runrepeat.com/asics-gt-1000-14,https://cdn.runrepeat.com/storage/gallery/product_primary/40866/asics-gt-1000-14-23324300-720.jpg,81 Good!,$110,Daily running,Stability,9.6 oz / 272g 9.3 oz / 265g,✗,9.6 mm 8.0 mm,HeelMid/forefoot,19.4 HA,Normal,Decent,Good,Good,Warm,35.4 mm,25.8 mm,9.6 mm,12.3N,,ASICS,81,110.0,9.6,9.6 oz (272g),272.0,,,,,,,,,,,,,,,,,,
New Balance FuelCell Propel v5,https://runrepeat.com/new-balance-fuelcell-propel-v5,https://cdn.runrepeat.com/storage/gallery/product_primary/40400/new-balance-fuel-cell-propel-v-5-21937373-720.jpg,79 Decent!,$120,Daily runningTempo,Neutral,9.5 oz / 269g 9.7 oz / 275g,,6.7 mm 6.0 mm,Mid/forefoot,9.8 HA,Normal,Bad,Bad,Decent,Breathable,35.2 mm,28.5 mm,6.7 mm,11.0N,18.8N,New Balance,79,120.0,6.7,9.5 oz (269g),269.0,,,,,,,,,,,,,,,,,,
Merrell Moab Flight,https://runrepeat.com/merrell-moab-flight,https://cdn.runrepeat.com/storage/gallery/product_primary/37259/merrell-moab-flight-22673535-720.jpg,89 Great!,$110,,Neutral,9.6 oz / 271g 10.6 oz / 300g,✗,13.5 mm 10.0 mm,Heel,24.0 HA,Normal,Good,Good,Good,Warm,32.6 mm,19.1 mm,13.5 mm,,14.2N,Merrell,89,110.0,13.5,,,Light,32.6 mm 29.0 mm,,,,,,,,,,,,,,,,
On Cloudsurfer 7,https://runrepeat.com/on-cloudsurfer-7,https://cdn.runrepeat.com/storage/gallery/product_primary/39778/on-cloudsurfer-7-21216747-720.jpg,86 Good!,$160,Daily running,Neutral,8.4 oz / 237g 8.6 oz / 245g,✓,14.6 mm 10.0 mm,Heel,20.4 HA,Big,Bad,Bad,Good,Moderate,36.3 mm,21.7 mm,14.6 mm,6.6N,12.5N,On,86,160.0,14.6,,,,,,,,,,,,,,,,,,,,
Brooks Divide 4,https://runrepeat.com/brooks-divide-4,https://cdn.runrepeat.com/storage/gallery/product_primary/40132/brooks-divide-4-21189516-720.jpg,86 Good!,$100,,Neutral,9.9 oz / 282g 10.4 oz / 294.8g,,9.2 mm 8.0 mm,HeelMid/forefoot,23.3 HA,Big,Bad,Bad,Decent,Moderate,32.1 mm,22.9 mm,9.2 mm,,21.6N,Brooks,86,100.0,9.2,9.9 oz (282g),282.0,Light,32.1 mm 30.0 mm,,,,,,,,,,,,,,,,
Saucony Peregrine 12,https://runrepeat.com/saucony-peregrine-12,https://cdn.runrepeat.com/storage/gallery/product_primary/37965/saucony-peregrine-12-2-16359805-720.jpg,86 Good!,$130,,Neutral,10.1 oz / 285g 9.6 oz / 272g,,6.9 mm 4.0 mm,Mid/forefoot,-,-,-,-,-,-,,,,,,Saucony,86,130.0,,,,Technical,30.2 mm 26.5 mm,,,,285,6.9,38.3,48.2,25.8,3.0,,,,,,,
Saucony Guide 14,https://runrepeat.com/saucony-guide-14,https://cdn.runrepeat.com/storage/gallery/product_primary/36932/saucony-guide-14-hero-2-15915099-720.jpg,87 Great!,$130,Daily running,Stability,10.8 oz / 306g 10.5 oz / 298g,,9.4 mm 8.0 mm,HeelMid/forefoot,-,-,-,-,-,-,33.8 mm,24.4 mm,9.4 mm,,,Saucony,87,130.0,9.4,10.8 oz (306g),306.0,,,116.6 mm,90.8 mm,4.0 mm,,,,,,,,,,,,,
Hoka Zinal 2,https://runrepeat.com/hoka-zinal-2,https://cdn.runrepeat.com/storage/gallery/product_primary/39970/hoka-zinal-2-2-21208116-720.jpg,84 Good!,$180,,Neutral,7.5 oz / 213g 8 oz / 227g,✓,7.2 mm 5.0 mm,Mid/forefoot,12.9 HA,Big,Very bad,Good,Decent,Moderate,29.8 mm,22.6 mm,7.2 mm,,17.2N,HOKA,84,180.0,7.2,,,Moderate,29.8 mm 30.0 mm,,,,,,,,,,,,,,,,
Saucony Sinister,https://runrepeat.com/saucony-sinister,https://cdn.runrepeat.com/storage/gallery/product_primary/39694/saucony-sinister-21140024-720.jpg,87 Great!,$150,Tempo,Neutral,5.3 oz / 149g 4.9 oz / 139g,✓,7.8 mm 6.0 mm,Mid/forefoot,22.9 HA,Small,Bad,Good,Decent,Moderate,25.2 mm,17.4 mm,7.8 mm,,10.1N,Saucony,87,150.0,7.8,5.3 oz (149g),149.0,,,,,,,,,,,,,,,,,,
Reebok Floatride Energy 3,https://runrepeat.com/reebok-floatride-energy-3,https://cdn.runrepeat.com/storage/gallery/product_primary/36944/reebok-floatride-energy-3-hero-2-15915134-720.jpg,91 Superb!,$100,Daily running,Neutral,9 oz / 256g 8.5 oz / 241g,,7.1 mm 9.0 mm,Mid/forefoot,-,-,-,-,-,-,30.2 mm,23.1 mm,7.1 mm,,18.9N,Reebok,91,100.0,7.1,9.0 oz (256g),256.0,,,107.5 mm,91.3 mm,,,,,,,,,,,,,,
Adidas Switch FWD 2,https://runrepeat.com/adidas-switch-fwd-2,https://cdn.runrepeat.com/storage/gallery/product_primary/40425/adidas-switch-fwd-2-21961480-720.jpg,85 Good!,$140,Daily running,Neutral,10.2 oz / 288g 10.4 oz / 294g,,11.7 mm 10.0 mm,Heel,23.5 HA,Normal,Decent,Good,Decent,3,44.0 mm,32.3 mm,11.7 mm,,18.9N,Adidas,85,140.0,11.7,10.2 oz (288g),288.0,,,,,,,,,,,,,,,,,,
Merrell Nova 3,https://runrepeat.com/merrell-nova-3,https://cdn.runrepeat.com/storage/gallery/product_primary/39707/merrell-nova-3-21208135-720.jpg,80 Good!,$125,,Neutral,10.8 oz / 305g 10.4 oz / 295g,,9.9 mm 8.0 mm,HeelMid/forefoot,24.0 HA,Small,Decent,Decent,Good,Moderate,34.1 mm,24.2 mm,9.9 mm,15.0N,32.0N,Merrell,80,125.0,9.9,,,LightModerate,34.1 mm 29.0 mm,,,,,,,,,,,,,,,,
Nike Air Zoom Terra Kiger 6,https://runrepeat.com/nike-air-zoom-terra-kiger-6,https://cdn.runrepeat.com/storage/gallery/product_primary/34762/asics-gt-1000-10-hero-16203655-720.jpg,87 Great!,$130,,Neutral,11.2 oz / 317g 10.3 oz / 291g,,4.4 mm 4.0 mm,Mid/forefoot,-,-,-,-,-,-,19.6 mm,15.2 mm,4.4 mm,,31.2N,Nike,87,130.0,4.4,11.2 oz (317g),317.0,Moderate,19.6 mm 15.0 mm,112.0 mm,,,,,,,,,,,,,,,
Brooks Levitate Stealthfit 6,https://runrepeat.com/brooks-levitate-stealthfit-6,https://cdn.runrepeat.com/storage/gallery/product_primary/39668/brooks-levitate-stealthfit-6-21189527-720.jpg,83 Good!,$150,Daily running,Neutral,9.9 oz / 281g 9.9 oz / 280g,,7.5 mm 8.0 mm,Mid/forefoot,21.5 HA,Small,Good,Good,Good,2,32.9 mm,25.4 mm,7.5 mm,,19.1N,Brooks,83,150.0,7.5,9.9 oz (281g),281.0,,,,,,,,,,,,,,,,,,
PUMA Magnify Nitro 2,https://runrepeat.com/puma-magnify-nitro-2,https://cdn.runrepeat.com/storage/gallery/product_primary/39930/puma-magnify-nitro-2-21147563-720.jpg,83 Good!,$150,Daily running,Neutral,9.9 oz / 281g 10.1 oz / 286g,,9.3 mm 10.0 mm,HeelMid/forefoot,19.3 HA,Normal,Good,Bad,Good,Warm,37.1 mm,27.8 mm,9.3 mm,15.0N,30.0N,PUMA,83,150.0,9.3,9.9 oz (281g),281.0,,,,,,,,,,,,,,,,,,
Under Armour Surge 4,https://runrepeat.com/under-armour-surge-4,https://cdn.runrepeat.com/storage/gallery/product_primary/40589/under-armour-surge-4-23573287-720.jpg,82 Good!,$65,Daily running,Neutral,10.4 oz / 295g 10 oz / 284g,,9.0 mm 8.0 mm,HeelMid/forefoot,26.0 HA,Small,Decent,Decent,Good,3,33.5 mm,24.5 mm,9.0 mm,15.4N,,Under Armour,82,65.0,9.0,10.4 oz (295g),295.0,,,,,,,,,,,,,,,,,,
ASICS Gel Nimbus Lite 3,https://runrepeat.com/asics-gel-nimbus-lite-3,https://cdn.runrepeat.com/storage/gallery/product_primary/37947/asics-gel-nimbus-lite-3-21-16337996-720.jpg,89 Great!,$160,Daily running,Neutral,9 oz / 254g 9.1 oz / 259g,,9.9 mm 10.0 mm,HeelMid/forefoot,-,-,-,-,-,-,34.9 mm,25.0 mm,9.9 mm,,27.4N,ASICS,89,160.0,9.9,9.0 oz (254g),254.0,,,113.1 mm,91.4 mm,,,,,,,,,,,,,,
ASICS Gel Excite 9,https://runrepeat.com/asics-gel-excite-9,https://cdn.runrepeat.com/storage/gallery/product_primary/38051/asics-gel-excite-9-21232029-720.jpg,81 Good!,$75,Daily running,Neutral,9.7 oz / 275g 9 oz / 255g,,9.0 mm 10.0 mm,HeelMid/forefoot,29.0 HA,Small,-,-,-,5,31.7 mm,22.7 mm,9.0 mm,,24.3N,ASICS,81,75.0,9.0,9.7 oz (275g),275.0,,,,,,,,,,,,,,,,,,
Saucony Axon 2,https://runrepeat.com/saucony-axon-2,https://cdn.runrepeat.com/storage/gallery/product_primary/38394/saucony-axon-2-21237222-720.jpg,89 Great!,$100,Daily runningTempo,Neutral,9.9 oz / 282g 9.6 oz / 272g,✗,7.8 mm 4.0 mm,Mid/forefoot,22.3 HA,Small,Bad,-,-,Moderate,35.3 mm,27.5 mm,7.8 mm,,39.9N,Saucony,89,100.0,7.8,9.9 oz (282g),282.0,,,,,,,,,,,,,,,,,,
Diadora Atomo Star,https://runrepeat.com/diadora-atomo-star,https://cdn.runrepeat.com/storage/gallery/product_primary/40771/diadora-atomo-star-23345814-720.jpg,88 Great!,$240,Daily running,Neutral,9.5 oz / 268g 9.7 oz / 275g,✗,7.8 mm 6.0 mm,Mid/forefoot,14.0 HA,Normal,Decent,Bad,Good,Moderate,39.9 mm,32.1 mm,7.8 mm,13.8N,,Diadora,88,240.0,7.8,9.5 oz (268g),268.0,,,,,,,,,,,,,,,,,,
Salomon S/Lab Genesis,https://runrepeat.com/salomon-s-lab-genesis,https://cdn.runrepeat.com/storage/gallery/product_primary/40725/salomon-s-lab-genesis-23625491-720.jpg,92 Superb!,$199,,Neutral,8.8 oz / 249g 9.1 oz / 258g,✓,7.8 mm 8.0 mm,Mid/forefoot,19.5 HA,Small,Bad,Decent,Decent,Moderate,31.9 mm,24.1 mm,7.8 mm,13.8N,,Salomon,92,199.0,7.8,,,LightModerate,31.9 mm 33.0 mm,,,,,,,,,,,,,,,,
Brooks Divide 3,https://runrepeat.com/brooks-divide-3,https://cdn.runrepeat.com/storage/gallery/product_primary/38663/brooks-divide-3-21225957-720.jpg,90 Great!,$100,,Neutral,10.3 oz / 291g 10.1 oz / 285g,,8.4 mm 8.0 mm,HeelMid/forefoot,33.5 HA,Small,Very bad,Bad,Good,Moderate,31.1 mm,22.7 mm,8.4 mm,,29.8N,Brooks,90,100.0,8.4,10.3 oz (291g),291.0,LightModerate,31.1 mm 30.0 mm,,,,,,,,,,,,,,,,
Brooks Catamount 2,https://runrepeat.com/brooks-catamount-2,https://cdn.runrepeat.com/storage/gallery/product_primary/39489/brooks-catamount-2-21189515-720.jpg,87 Great!,$170,,Neutral,9.7 oz / 275g 9.7 oz / 275g,,6.4 mm 6.0 mm,Mid/forefoot,22.0 HA,Small,Bad,Good,Good,Moderate,29.0 mm,22.6 mm,6.4 mm,,29.1N,Brooks,87,170.0,6.4,9.7 oz (275g),275.0,LightModerate,29.0 mm 29.0 mm,,,,,,,,,,,,,,,,
On Cloudflow 3.0,https://runrepeat.com/on-cloudflow-3-0,https://cdn.runrepeat.com/storage/gallery/product_primary/37984/on-cloudflow-3-29-16296419-720.jpg,87 Great!,$140,Daily runningTempo,Neutral,8.9 oz / 251g 8.7 oz / 247g,✗,9.6 mm 6.0 mm,HeelMid/forefoot,-,-,-,-,-,-,32.0 mm,22.4 mm,9.6 mm,,33.2N,On,87,140.0,9.6,8.9 oz (251g),251.0,,,107.1 mm,,,,,,,,,,,,,,,
Hoka Torrent 3,https://runrepeat.com/hoka-torrent-3,https://cdn.runrepeat.com/storage/gallery/product_primary/39607/hoka-torrent-3-21208113-720.jpg,84 Good!,$130,,Neutral,9.1 oz / 258g 8.7 oz / 247g,,7.1 mm 5.0 mm,Mid/forefoot,23.9 HA,Small,Decent,Decent,Good,Moderate,29.5 mm,22.4 mm,7.1 mm,,29.1N,HOKA,84,130.0,7.1,9.1 oz (258g),258.0,Moderate,29.5 mm 23.0 mm,,,,,,,,,,,,,,,,
Adidas Pureboost 5,https://runrepeat.com/adidas-pureboost-5,https://cdn.runrepeat.com/storage/gallery/product_primary/40657/adidas-pureboost-5-22934973-720.jpg,83 Good!,$130,Daily running,Neutral,9 oz / 254g 9.5 oz / 270g,,9.2 mm 10.0 mm,HeelMid/forefoot,20.9 HA,Small,Good,Good,Decent,4,31.2 mm,22.0 mm,9.2 mm,13.0N,,Adidas,83,130.0,9.2,9.0 oz (254g),254.0,,,,,,,,,,,,,,,,,,
Salomon Ultra Flow,https://runrepeat.com/salomon-ultra-flow,https://cdn.runrepeat.com/storage/gallery/product_primary/40705/salomon-ultra-flow-23339694-720.jpg,83 Good!,$120,,Neutral,9.1 oz / 258g 8.6 oz / 244g,,12.5 mm 6.0 mm,Heel,18.4 HA,Normal,Good,Decent,Decent,Moderate,34.9 mm,22.4 mm,12.5 mm,11.0N,,Salomon,83,120.0,12.5,9.1 oz (258g),258.0,Light,34.9 mm 32.0 mm,,,,,,,,,,,,,,,,
Altra Vanish Carbon,https://runrepeat.com/altra-vanish-carbon,https://cdn.runrepeat.com/storage/gallery/product_primary/38407/altra-vanish-carbon-primary-21189482-720.jpg,83 Good!,$240,Competition,Neutral,7.8 oz / 221g 7.2 oz / 204g,✓,5.4 mm 0.0 mm,Mid/forefoot,29.4 HA,Small,Bad,Good,Bad,Breathable,33.7 mm,28.3 mm,5.4 mm,,45.0N,Altra,83,240.0,5.4,7.8 oz (221g),221.0,,,,,,,,,,,,,,,,,,
Adidas Fluidflow 2.0,https://runrepeat.com/adidas-fluidflow-20,https://cdn.runrepeat.com/storage/gallery/product_primary/37020/adidas-fluidflow-2-0-21158479-720.jpg,80 Good!,$80,Daily running,Neutral,11.1 oz / 316g 11 oz / 312g,✗,8.1 mm,HeelMid/forefoot,25.3 HA,Small,Decent,Good,Good,Moderate,26.4 mm,18.3 mm,8.1 mm,,18.5N,Adidas,80,80.0,8.1,11.1 oz (316g),316.0,,,,,,,,,,,,,,,,,,
Inov8 Trailfly,https://runrepeat.com/inov8-trailfly,https://cdn.runrepeat.com/storage/gallery/product_primary/40326/inov-8-trailfly-21488093-720.jpg,88 Great!,$150,,Neutral,9.9 oz / 282g 9.9 oz / 280g,✗,6.0 mm 6.0 mm,Mid/forefoot,18.0 HA,Small,Decent,Good,Good,Moderate,30.1 mm,24.1 mm,6.0 mm,,17.9N,Inov8,88,150.0,6.0,,,LightModerate,30.1 mm 29.0 mm,,,,,,,,,,,,,,,,
Brooks Trace 3,https://runrepeat.com/brooks-trace-3,https://cdn.runrepeat.com/storage/gallery/product_primary/40239/brooks-trace-3-21506318-720.jpg,76 Bad!,$100,Daily running,Neutral,9.1 oz / 257g 9 oz / 255g,,11.9 mm 12.0 mm,Heel,24.5 HA,Small,Bad,Good,Good,Moderate,34.1 mm,22.2 mm,11.9 mm,11.9N,19.6N,Brooks,76,100.0,11.9,9.1 oz (257g),257.0,,,,,,,,,,,,,,,,,,
Allbirds Tree Flyer 2,https://runrepeat.com/allbirds-tree-flyer-2,https://cdn.runrepeat.com/storage/gallery/product_primary/40154/allbirds-tree-flyer-2-primary-21334709-720.jpg,86 Good!,$160,Daily running,Neutral,10.3 oz / 293g 10.6 oz / 300.5g,,8.1 mm 8.5 mm,HeelMid/forefoot,22.0 HA,Small,Good,Decent,Good,4,32.1 mm,24.0 mm,8.1 mm,,24.1N,Allbirds,86,160.0,8.1,10.3 oz (293g),293.0,,,,,,,,,,,,,,,,,,
Brooks Launch GTS 9,https://runrepeat.com/brooks-launch-gts-9,https://cdn.runrepeat.com/storage/gallery/product_primary/38390/brooks-launch-gts-9-primary-21367802-720.jpg,87 Great!,$110,Daily runningTempo,Stability,8.6 oz / 245g 8.7 oz / 246g,✓,10.4 mm 10.0 mm,Heel,26.4 HA,Small,Decent,Good,Good,Warm,33.8 mm,23.4 mm,10.4 mm,,24.3N,Brooks,87,110.0,10.4,8.6 oz (245g),245.0,,,,,,,,,,,,,,,,,,
HOKA Mafate 5,https://runrepeat.com/hoka-mafate-5,https://cdn.runrepeat.com/storage/gallery/product_primary/41001/hoka-mafate-5-23685171-720.jpg,N/A,$185,,Neutral,11.1 oz / 315g 11.7 oz / 332g,,9.0 mm 8.0 mm,HeelMid/forefoot,15.8 HA,Small,Decent,Decent,Good,Moderate,42.9 mm,33.9 mm,9.0 mm,17.1N,,HOKA,N/A,185.0,9.0,11.1 oz (315g),315.0,LightModerate,42.9 mm 45.0 mm,,,,,,,,,,,,,,,,
Under Armour Infinite Pro,https://runrepeat.com/under-armour-infinite-pro,https://cdn.runrepeat.com/storage/gallery/product_primary/40577/under-armour-infinite-pro-23570089-720.jpg,85 Good!,$130,Daily running,Neutral,10.8 oz / 305g 10.8 oz / 306g,,8.3 mm 8.0 mm,HeelMid/forefoot,18.8 HA,Small,Decent,Decent,Good,4,41.3 mm,33.0 mm,8.3 mm,20.5N,,Under Armour,85,130.0,8.3,10.8 oz (305g),305.0,,,,,,,,,,,,,,,,,,
ASICS GT 1000 11,https://runrepeat.com/asics-gt-1000-11,https://cdn.runrepeat.com/storage/gallery/product_primary/38417/asics-gt-1000-11-21232025-720.jpg,85 Good!,$100,Daily running,Stability,9.9 oz / 281g 9.5 oz / 270g,,9.0 mm 8.0 mm,HeelMid/forefoot,Soft,Small,-,-,-,-,,,,,,ASICS,85,100.0,,,,,,,,,281*,9.0,23.8,45.0,89.4%,3,3,,,,,,
Adidas Questar 3,https://runrepeat.com/adidas-questar-3,https://cdn.runrepeat.com/storage/gallery/product_primary/40713/adidas-questar-3-23074792-720.jpg,82 Good!,$75,Daily running,Neutral,10.4 oz / 295g 10.8 oz / 306g,,8.5 mm 5.0 mm,HeelMid/forefoot,21.3 HA,Big,Decent,Good,Good,4,33.5 mm,25.0 mm,8.5 mm,14.2N,,Adidas,82,75.0,8.5,10.4 oz (295g),295.0,,,,,,,,,,,,,,,,,,
Hoka Challenger 7 GTX,https://runrepeat.com/hoka-challenger-7-gtx,https://cdn.runrepeat.com/storage/gallery/product_primary/39753/hoka-challenger-7-gtx-21208095-720.jpg,78 Decent!,$160,,Neutral,9.9 oz / 281g 9 oz / 255g,,11.1 mm 5.0 mm,Heel,19.5 HA,Small,Very good,Decent,Good,Warm,39.2 mm,28.1 mm,11.1 mm,,34.5N,HOKA,78,160.0,11.1,9.9 oz (281g),281.0,ModerateTechnical,39.2 mm 31.0 mm,,,,,,,,,,,,,,,,
Nike Juniper Trail 2,https://runrepeat.com/nike-juniper-trail-2,https://cdn.runrepeat.com/storage/gallery/product_primary/39653/nike-juniper-trail-2-2-21212251-720.jpg,76 Bad!,$85,,Neutral,10.8 oz / 306g 10.4 oz / 295g,,9.4 mm 9.0 mm,HeelMid/forefoot,27.1 HA,Normal,Decent,Good,Decent,Moderate,34.7 mm,25.3 mm,9.4 mm,,22.5N,Nike,76,85.0,9.4,10.8 oz (306g),306.0,Light,34.7 mm 35.0 mm,,,,,,,,,,,,,,,,
Hoka Mach X 2,https://runrepeat.com/hoka-mach-x-2,https://cdn.runrepeat.com/storage/gallery/product_primary/40482/hoka-mach-x-2-22479054-720.jpg,72 Bad!,$190,Daily runningTempo,Neutral,8.7 oz / 247g 8.9 oz / 252g,✓,10.9 mm 5.0 mm,Heel,14.1 HA,Small,Good,Good,Good,Moderate,44.6 mm,33.7 mm,10.9 mm,15.9N,35.5N,HOKA,72,190.0,10.9,,,,,,,,,,,,,,,,,,,,
Under Armour HOVR Sonic 6,https://runrepeat.com/under-armour-hovr-sonic-6,https://cdn.runrepeat.com/storage/gallery/product_primary/40216/under-armour-hovr-sonic-6-22679173-720.jpg,82 Good!,$100,Daily running,Neutral,10.1 oz / 286g 9.9 oz / 281g,,7.0 mm 8.0 mm,Mid/forefoot,27.0 HA,Small,Decent,Decent,Good,Warm,30.2 mm,23.2 mm,7.0 mm,8.6N,19.6N,Under Armour,82,100.0,7.0,10.1 oz (286g),286.0,,,,,,,,,,,,,,,,,,
Saucony Peregrine 11,https://runrepeat.com/saucony-peregrine-11,https://cdn.runrepeat.com/storage/gallery/product_primary/36884/saucony-peregrine-11-hero-2-15915103-720.jpg,88 Great!,$120,,Neutral,11.2 oz / 318g 10.9 oz / 310g,,5.1 mm 4.0 mm,Mid/forefoot,-,-,-,-,-,-,27.5 mm,22.4 mm,5.1 mm,,33.6N,Saucony,88,120.0,5.1,11.2 oz (318g),318.0,Technical,27.5 mm 27.0 mm,107.9 mm,,,,,,,,,,,,,,,
Saucony Endorphin Rift,https://runrepeat.com/saucony-endorphin-rift,https://cdn.runrepeat.com/storage/gallery/product_primary/39929/saucony-endorphin-rift-21230524-720.jpg,85 Good!,$170,,Neutral,9 oz / 255g 9.1 oz / 258g,,7.9 mm 6.0 mm,Mid/forefoot,19.4 HA,Small,Good,Good,Good,Breathable,33.0 mm,25.1 mm,7.9 mm,,26.3N,Saucony,85,170.0,7.9,9.0 oz (255g),255.0,Technical,33.0 mm 34.0 mm,,,,,,,,,,,,,,,,
ASICS Metafuji Trail,https://runrepeat.com/asics-metafuji-trail,https://cdn.runrepeat.com/storage/gallery/product_primary/40478/asics-metafuji-trail-23606464-720.jpg,89 Great!,$250,,Neutral,9.1 oz / 258g 9.2 oz / 261g,✗,10.3 mm 5.0 mm,Heel,14.0 HA,Normal,Very bad,Good,Decent,Breathable,44.7 mm,34.4 mm,10.3 mm,25.2N,,ASICS,89,250.0,10.3,,,Light,44.7 mm 44.0 mm,,,,,,,,,,,,,,,,
Altra Mont Blanc,https://runrepeat.com/altra-mont-blanc,https://cdn.runrepeat.com/storage/gallery/product_primary/38034/altra-mont-blanc-21-16359790-720.jpg,79 Decent!,$180,,Neutral,9.6 oz / 272g 9.9 oz / 280g,,0.0 mm,Mid/forefoot,-,-,-,-,-,-,33.8 mm,33.8 mm,,,51.4N,Altra,79,180.0,,9.6 oz (272g),272.0,LightModerate,33.8 mm 30.0 mm,112.4 mm,96.9 mm,,,,,,,,,,,,,,
Diadora Nucleo 2,https://runrepeat.com/diadora-nucleo-2,https://cdn.runrepeat.com/storage/gallery/product_primary/40641/diadora-nucleo-2-23415475-720.jpg,80 Good!,$160,Daily running,Neutral,9.7 oz / 276g 9.7 oz / 275g,,8.0 mm 5.0 mm,HeelMid/forefoot,17.9 HA,Normal,Bad,Good,Good,3,38.7 mm,30.7 mm,8.0 mm,15.0N,,Diadora,80,160.0,8.0,9.7 oz (276g),276.0,,,,,,,,,,,,,,,,,,
New Balance Tektrel,https://runrepeat.com/new-balance-tektrel,https://cdn.runrepeat.com/storage/gallery/product_primary/40401/new-balance-tektrel-21845231-720.jpg,77 Decent!,$90,,Neutral,10.7 oz / 302g 9.9 oz / 282g,,8.0 mm 8.0 mm,HeelMid/forefoot,23.0 HA,Normal,Good,Decent,Decent,Breathable,32.2 mm,24.2 mm,8.0 mm,,21.8N,New Balance,77,90.0,8.0,10.7 oz (302g),302.0,Light,32.2 mm 32.0 mm,,,,,,,,,,,,,,,,
Hoka Zinal,https://runrepeat.com/hoka-zinal,https://cdn.runrepeat.com/storage/gallery/product_primary/37385/hoka-one-one-zinal-hero-2-15915129-720.jpg,88 Great!,$160,,Neutral,8.4 oz / 239g 8.5 oz / 241g,✓,3.9 mm 4.0 mm,Mid/forefoot,-,-,-,-,-,-,29.3 mm,25.4 mm,3.9 mm,,37.5N,HOKA,88,160.0,3.9,8.4 oz (239g),239.0,LightModerate,29.3 mm 22.0 mm,,,,,,,,,,,,,,,,
ASICS GT 1000 10,https://runrepeat.com/asics-gt-1000-10,https://cdn.runrepeat.com/storage/gallery/product_primary/37022/asics-gt-1000-10-hero-16203634-720.jpg,88 Great!,$100,Daily running,Stability,9.8 oz / 277g 9.9 oz / 281g,,7.8 mm 9.0 mm,Mid/forefoot,-,-,-,-,-,-,31.0 mm,23.2 mm,7.8 mm,,31.7N,ASICS,88,100.0,7.8,9.8 oz (277g),277.0,,,115.0 mm,89.2 mm,,,,,,,,,,,,,,
Nike Juniper Trail 3,https://runrepeat.com/nike-juniper-trail-3,https://cdn.runrepeat.com/storage/gallery/product_primary/40469/nike-juniper-trail-3-22186862-720.jpg,74 Bad!,$90,,Neutral,10.2 oz / 288g 10.8 oz / 305g,✗,10.9 mm 10.0 mm,Heel,23.0 HA,Small,Decent,Bad,Good,Warm,32.6 mm,21.7 mm,10.9 mm,14.2N,,Nike,74,90.0,10.9,,,Light,32.6 mm 32.0 mm,,,,,,,,,,,,,,,,
Hoka Speedgoat 6 GTX,https://runrepeat.com/hoka-speedgoat-6-gtx,https://cdn.runrepeat.com/storage/gallery/product_primary/40600/hoka-speedgoat-6-gtx-22631303-720.jpg,74 Bad!,$170,,Neutral,10.2 oz / 289g 10.4 oz / 295g,,5.0 mm 5.0 mm,Mid/forefoot,25.8 HA,Small,Very good,Good,Good,Warm,32.9 mm,27.9 mm,5.0 mm,,34.6N,HOKA,74,170.0,5.0,10.2 oz (289g),289.0,Moderate,32.9 mm 37.0 mm,,,,,,,,,,,,,,,,
Salomon XA Pro 3D v9,https://runrepeat.com/salomon-xa-pro-3d-v9,https://cdn.runrepeat.com/storage/gallery/product_primary/39988/salomon-xa-pro-3-d-v-9-primary-21216720-720.jpg,75 Bad!,$140,,Stability,12.2 oz / 346g 11.4 oz / 323g,,12.5 mm 11.0 mm,Heel,31.0 HA,Small,Very good,Decent,Good,Moderate,31.7 mm,19.2 mm,12.5 mm,,23.8N,Salomon,75,140.0,12.5,12.2 oz (346g),346.0,LightModerate,31.7 mm 28.0 mm,,,,,,,,,,,,,,,,
Nike Pegasus Trail 5 GTX,https://runrepeat.com/nike-pegasus-trail-5-gtx,https://cdn.runrepeat.com/storage/gallery/product_primary/40499/nike-pegasus-trail-5-gtx-22334014-720.jpg,75 Bad!,$170,,Neutral,9.9 oz / 281g 10.6 oz / 300g,,8.3 mm 9.5 mm,HeelMid/forefoot,17.5 HA,Normal,Decent,Bad,Good,Warm,32.1 mm,23.8 mm,8.3 mm,14.7N,19.2N,Nike,75,170.0,8.3,,,Light,32.1 mm 37.0 mm,,,,,,,,,,,,,,,,
Salomon Phantasm 2,https://runrepeat.com/salomon-phantasm-2,https://cdn.runrepeat.com/storage/gallery/product_primary/40129/salomon-phantasm-2-22353636-720.jpg,86 Good!,$170,Daily runningTempo,Neutral,9.2 oz / 261g 9 oz / 255g,,11.2 mm 9.0 mm,Heel,20.8 HA,Normal,Bad,Good,Decent,4,34.4 mm,23.2 mm,11.2 mm,,23.1N,Salomon,86,170.0,11.2,9.2 oz (261g),261.0,,,,,,,,,,,,,,,,,,
Saucony Endorphin Trail,https://runrepeat.com/saucony-endorphin-trail,https://cdn.runrepeat.com/storage/gallery/product_primary/37362/saucony-endorphin-trail-hero-2-15915127-720.jpg,86 Good!,$160,,Neutral,11 oz / 312g 10.4 oz / 295g,,5.2 mm 4.0 mm,Mid/forefoot,-,-,-,-,-,-,36.3 mm,31.1 mm,5.2 mm,,38.2N,Saucony,86,160.0,5.2,11.0 oz (312g),312.0,Technical,36.3 mm 36.5 mm,115.3 mm,,,,,,,,,,,,,,,
Altra Provision 7,https://runrepeat.com/altra-provision-7,https://cdn.runrepeat.com/storage/gallery/product_primary/39317/altra-provision-7-21161592-720.jpg,83 Good!,$140,Daily running,Stability,9.1 oz / 259g 9.7 oz / 274g,,4.8 mm 0.0 mm,Mid/forefoot,26.0 HA,Small,Decent,Good,Good,5,32.6 mm,27.8 mm,4.8 mm,,26.4N,Altra,83,140.0,4.8,9.1 oz (259g),259.0,,,,,,,,,,,,,,,,,,
Nike Quest 4,https://runrepeat.com/nike-quest-4,https://cdn.runrepeat.com/storage/gallery/product_primary/37376/nike-quest-4-hero-2-15915084-720.jpg,83 Good!,$75,Daily running,Neutral,9.5 oz / 268g 9.5 oz / 268g,✗,13.7 mm,Heel,-,-,-,-,-,-,32.1 mm,18.4 mm,13.7 mm,,28.9N,Nike,83,75.0,13.7,9.5 oz (268g),268.0,,,108.5 mm,,,,,,,,,,,,,,,
Adidas Racer TR21,https://runrepeat.com/adidas-racer-tr21,https://cdn.runrepeat.com/storage/gallery/product_primary/37575/adidas-racer-tr-21-21161570-720.jpg,84 Good!,$75,Daily running,Neutral,11.2 oz / 318g 10.1 oz / 285g,,12.9 mm 8.0 mm,Heel,21.0 HA,Normal,Bad,Bad,Decent,3,31.9 mm,19.0 mm,12.9 mm,,13.7N,Adidas,84,75.0,12.9,11.2 oz (318g),318.0,,,,,,,,,,,,,,,,,,
Adidas Switch FWD,https://runrepeat.com/adidas-switch-fwd,https://cdn.runrepeat.com/storage/gallery/product_primary/40147/adidas-switch-fwd-21161576-720.jpg,85 Good!,$140,Daily running,Neutral,11.4 oz / 323g 11.8 oz / 334.5g,,9.1 mm 10.0 mm,HeelMid/forefoot,27.3 HA,Normal,Bad,Good,Good,4,39.6 mm,30.5 mm,9.1 mm,,25.8N,Adidas,85,140.0,9.1,11.4 oz (323g),323.0,,,,,,,,,,,,,,,,,,
Altra Outroad 3,https://runrepeat.com/altra-outroad-3,https://cdn.runrepeat.com/storage/gallery/product_primary/40514/altra-outroad-3-22224215-720.jpg,81 Good!,$130,,Neutral,9.2 oz / 261g 10.7 oz / 303g,,0.6 mm 0.0 mm,Mid/forefoot,23.0 HA,Normal,Decent,Bad,Bad,Warm,23.8 mm,23.2 mm,0.6 mm,,21.1N,Altra,81,130.0,0.6,9.2 oz (261g),261.0,Light,23.8 mm 27.0 mm,,,,,,,,,,,,,,,,
Nike Flex Experience Run 11,https://runrepeat.com/nike-flex-experience-run-11,https://cdn.runrepeat.com/storage/gallery/product_primary/38587/nike-flex-experience-run-11-21237181-720.jpg,77 Decent!,$70,Daily running,Neutral,8.2 oz / 232g 8.2 oz / 232g,✓,6.2 mm,Mid/forefoot,30.6 HA,Small,Decent,-,-,Moderate,24.1 mm,17.9 mm,6.2 mm,,7.5N,Nike,77,70.0,6.2,8.2 oz (232g),232.0,,,,,,,,,,,,,,,,,,
Nike Pegasus Turbo,https://runrepeat.com/nike-pegasus-turbo-next-nature,https://cdn.runrepeat.com/storage/gallery/product_primary/39117/nike-pegasus-turbo-21237187-720.jpg,78 Decent!,$150,Tempo,Neutral,9.7 oz / 275g 9.7 oz / 275g,✗,10.0 mm 10.0 mm,HeelMid/forefoot,10.1 HA,Normal,-,-,-,Moderate,32.0 mm,22.0 mm,10.0 mm,,21.7N,Nike,78,150.0,10.0,9.7 oz (275g),275.0,,,,,,,,,,,,,,,,,,
Nike Juniper Trail,https://runrepeat.com/nike-juniper-trail,https://cdn.runrepeat.com/storage/gallery/product_primary/36328/nike-juniper-trail-hero-16203653-720.jpg,79 Decent!,$70,,Neutral,9.6 oz / 273g 8 oz / 227g,,7.6 mm 6.0 mm,Mid/forefoot,-,-,-,-,-,-,26.6 mm,19.0 mm,7.6 mm,,23.9N,Nike,79,70.0,7.6,9.6 oz (273g),273.0,Moderate,26.6 mm 29.0 mm,109.4 mm,,,,,,,,,,,,,,,
ASICS Gel Kinsei Max,https://runrepeat.com/asics-gel-kinsei-max,https://cdn.runrepeat.com/storage/gallery/product_primary/40194/asics-gel-kinsei-max-22781675-720.jpg,83 Good!,$180,Daily running,Neutral,11.4 oz / 322g 11.7 oz / 333g,✗,8.6 mm 8.0 mm,HeelMid/forefoot,19.1 HA,Small,Decent,Decent,Good,Moderate,38.8 mm,30.2 mm,8.6 mm,14.4N,28.7N,ASICS,83,180.0,8.6,,,,,,,,,,,,,,,,,,,,
KURU Triple Max Ion,https://runrepeat.com/kuru-triple-max-ion,https://cdn.runrepeat.com/storage/gallery/product_primary/40959/kuru-triple-max-ion-23521907-720.jpg,87 Great!,$185,Daily running,Neutral,15 oz / 424g 14.5 oz / 411g,,15.6 mm 6.0 mm,Heel,17.5 HA,Small,Decent,Good,Good,4,42.4 mm,26.8 mm,15.6 mm,15.4N,,KURU,87,185.0,15.6,15.0 oz (424g),424.0,,,,,,,,,,,,,,,,,,
Altra Torin 6,https://runrepeat.com/altra-torin-6,https://cdn.runrepeat.com/storage/gallery/product_primary/38865/altra-torin-6-21232038-720.jpg,80 Good!,$150,Daily running,Neutral,9 oz / 254g 9.9 oz / 280g,✗,0.0 mm,Mid/forefoot,23.6 HA,Small,-,-,-,Breathable,25.1 mm,25.1 mm,0.0 mm,,29.7N,Altra,80,150.0,0.0,9.0 oz (254g),254.0,,,,,,,,,,,,,,,,,,
Merrell Agility Peak 5 GTX,https://runrepeat.com/merrell-agility-peak-5-gtx,https://cdn.runrepeat.com/storage/gallery/product_primary/40554/merrell-agility-peak-5-gtx-22337924-720.jpg,81 Good!,$170,,Neutral,10.4 oz / 296g 10.7 oz / 303g,,11.6 mm 6.0 mm,Heel,21.3 HA,Small,Good,Bad,Decent,Warm,37.3 mm,25.7 mm,11.6 mm,,25.6N,Merrell,81,170.0,11.6,10.4 oz (296g),296.0,ModerateTechnical,37.3 mm 39.0 mm,,,,,,,,,,,,,,,,
Altra Provision 6,https://runrepeat.com/altra-provision-6,https://cdn.runrepeat.com/storage/gallery/product_primary/37914/altra-provision-6-16337997-720.jpg,86 Good!,R$940,Daily running,Stability,9.1 oz / 259g 10.8 oz / 307g,,0.0 mm,Mid/forefoot,-,-,-,-,-,-,,,,,32.0N,Altra,86,940.0,,9.1 oz (259g),259.0,,,113.3 mm,90.5 mm,4.5 mm,,,,,,,,,,,,56.5 HC,
Altra Rivera 2,https://runrepeat.com/altra-rivera-2,https://cdn.runrepeat.com/storage/gallery/product_primary/38134/altra-rivera-2-21232036-720.jpg,85 Good!,$130,Daily runningTempo,Neutral,8.6 oz / 243g 8.5 oz / 240g,✓,2.8 mm 0.0 mm,Mid/forefoot,15.0 HA,Big,-,-,-,-,24.6 mm,21.8 mm,2.8 mm,,13.6N,Altra,85,130.0,2.8,8.6 oz (243g),243.0,,,,,,,,,,,,,,,,,,
Xero Shoes Speed Force II,https://runrepeat.com/xero-shoes-speed-force-ii,https://cdn.runrepeat.com/storage/gallery/product_primary/40605/xero-shoes-speed-force-ii-22292117-720.jpg,89 Great!,$110,Daily runningTempo,Neutral,6.7 oz / 189g 6 oz / 170g,✓,0.1 mm 0.0 mm,Mid/forefoot,-,-,Decent,Decent,Decent,5,10.6 mm,10.5 mm,0.1 mm,,3.3N,Xero Shoes,89,110.0,0.1,6.7 oz (189g),189.0,,,,,,,,,,,,,,,,,,
